Ecoregion,year,mme_prop,mme_record,duration
Northwestern Mediterranean,2017,70.5952380952381,168,60.22965889868812
Northwestern Mediterranean,2016,66.7741935483871,62,49.33425830540143
Northwestern Mediterranean,2015,75.55555555555556,36,66.12153877009797
Northwestern Mediterranean,2019,64.35483870967741,124,55.664608219328514
Northwestern Mediterranean,2018,92.8,250,77.09218225236366
