region,year,month,pixels,surface,duration,max_int,mean_int,cum_int,I Moderate,II Strong,III Severe,IV Extreme
Adriatic Sea,1986,May,2413,0.39293274710959125,17653,3.709516513761468,2.7764815106480945,48657.1144,17639,14,0,0
Adriatic Sea,1987,Sep,5831,0.9495196222113662,59788,3.3414910714285715,2.277906411913553,140213.3554,48686,10820,2,0
Adriatic Sea,1987,Oct,2821,0.4593714378765673,13222,2.0584192660550458,1.5522792205581157,20872.7825,13134,1,0,0
Adriatic Sea,1994,Aug,1937,0.31542094121478587,13090,2.731375,1.9874073252374507,25667.7472,12908,0,0,0
Adriatic Sea,1998,Aug,3300,0.537371763556424,26028,2.794505376344086,1.9266139996703642,49776.7099,25608,0,0,0
Adriatic Sea,1999,Jan,28,0.004559517993812083,192,1.4858083333333334,1.2186740213634542,249.8661,192,0,0,0
Adriatic Sea,2000,May,4072,0.6630841882429572,29662,3.503203738317757,2.5505813565445785,74328.3764,29477,9,0,0
Adriatic Sea,2000,Jun,1658,0.2699886012050155,6658,3.138353658536585,2.5402804594810138,16884.6237,6528,0,0,0
Adriatic Sea,2000,Dec,4815,0.7840742550073277,56920,2.7887633928571427,1.7273347360216422,99604.68,55436,640,0,0
Adriatic Sea,2001,Feb,2792,0.45464907995440484,20881,1.9576232142857142,1.4051592050535793,28673.4981,20618,9,0,0
Adriatic Sea,2001,Mar,1614,0.2628236443575965,13247,2.313597894736842,1.483924401563703,19324.0546,13030,68,0,0
Adriatic Sea,2001,Oct,1740,0.28334147532975085,16663,2.1866188118811882,1.659675495406663,27337.6737,16260,28,0,0
Adriatic Sea,2002,Mar,560,0.09119035987624166,4389,1.7369409090909091,1.25373559259624,5298.5152,4149,26,0,0
Adriatic Sea,2003,May,3475,0.5658687510177496,25109,4.132182653061225,2.7902449688945583,70286.119,22881,2227,0,0
Adriatic Sea,2003,Jun,6022,0.9806220485262986,120418,5.294272321428571,3.4018869252276422,397823.2686,112670,5713,0,0
Adriatic Sea,2003,Jul,4576,0.7451555121315747,21423,3.514827,2.5736698352526464,58399.0443,21423,0,0,0
Adriatic Sea,2003,Aug,5546,0.9031102426314932,96092,3.30125,2.224598603625309,217394.7736,92185,3205,17,0
Adriatic Sea,2003,Sep,3564,0.5803615046409379,7036,2.4361021505376343,1.9176997530845323,13746.0905,7030,6,0,0
Adriatic Sea,2004,Feb,218,0.035499104380394074,1590,1.63598,1.263079044889152,2009.6978,1590,0,0,0
Adriatic Sea,2004,Nov,2653,0.4320143299136948,19821,2.3207345454545454,1.6093580509776944,32871.349,19479,63,0,0
Adriatic Sea,2007,Apr,6068,0.9881126852304185,101439,4.022822321428571,2.415240322356251,241954.9581,97410,2179,0,0
Adriatic Sea,2007,May,6138,0.9995114802149487,68201,4.7164544642857145,2.917782330385812,199031.9398,61373,6341,9,0
Adriatic Sea,2008,Jul,4969,0.8091516039732942,45792,3.3098398058252427,2.514740378071346,115830.261,44898,0,0,0
Adriatic Sea,2009,May,5774,0.9402377462953916,51243,5.670841964285715,3.4581241881804603,178193.8166,39809,11329,1,0
Adriatic Sea,2009,Aug,2735,0.4453672040384302,15936,2.5953955357142857,1.9263440297447834,32309.6502,15381,2,0,0
Adriatic Sea,2009,Sep,2590,0.42175541442761766,15545,2.60833137254902,1.9436211142507516,30766.3361,15521,5,0,0
Adriatic Sea,2010,Jul,4101,0.6678065461651197,33941,3.722288392857143,2.574590572473149,88183.1372,30799,2891,28,0
Adriatic Sea,2011,Jul,2772,0.4513922813873962,17278,3.1096741071428573,2.3107832077918404,40091.8771,17277,1,0,0
Adriatic Sea,2011,Sep,6141,1,162927,3.7892642857142858,2.3880715148958376,392003.7605,137033,24124,2,0
Adriatic Sea,2011,Oct,5898,0.9604298974108452,49061,2.8967526785714286,2.1177725422083586,103258.0578,45959,2916,0,0
Adriatic Sea,2012,Feb,91,0.01481843347988927,352,1.3911896551724139,1.2293088784277408,433.7882,347,0,0,0
Adriatic Sea,2012,Mar,831,0.1353199804592086,5479,2.2536929824561405,1.706214549067603,8133.2389,5463,9,0,0
Adriatic Sea,2012,Apr,471,0.07669760625305325,868,1.8375731707317073,1.5072108755762692,1257.1199,868,0,0,0
Adriatic Sea,2012,Jul,6067,0.9879498453020681,90216,4.278792857142857,3.0192412471456693,277333.6972,84079,5792,0,0
Adriatic Sea,2012,Oct,5365,0.8736362156000651,69911,2.2065,1.5730022111391124,109914.5696,67703,190,0,0
Adriatic Sea,2012,Nov,3760,0.6122781305976225,41735,2.3323160714285716,1.5991270583554764,66794.6978,40522,77,0,0
Adriatic Sea,2013,Apr,3414,0.5559355153883733,18953,3.6319280373831777,2.4014177716292,47507.194,18444,421,0,0
Adriatic Sea,2013,May,5933,0.9661292949031103,56699,3.9961446428571428,2.6980836546243077,150356.2987,55307,1148,0,0
Adriatic Sea,2013,Nov,4376,0.7125875264614884,50923,2.504010714285714,1.6363555250722084,86636.5832,47741,2755,0,0
Adriatic Sea,2014,Jan,6022,0.9806220485262986,119132,2.758032142857143,1.682709498367842,193294.2411,103465,12744,91,0
Adriatic Sea,2014,Feb,6015,0.9794821690278457,99662,2.776438392857143,1.6433659304809252,166187.4665,90324,6395,0,0
Adriatic Sea,2014,Apr,3771,0.6140693698094772,37832,2.75491875,1.940811697832449,77981.0665,37002,0,0,0
Adriatic Sea,2014,Dec,5753,0.9368181078000326,90122,2.8439598214285713,1.7492056791906514,158954.9274,86739,854,0,0
Adriatic Sea,2015,Jul,6141,1,92492,4.488629464285714,2.992233643900856,275064.1254,69055,23418,0,0
Adriatic Sea,2015,Aug,4896,0.7972642892037127,82684,3.2743183486238534,2.1964570736455307,188355.7569,78268,3030,0,0
Adriatic Sea,2015,Sep,4445,0.7238234815176682,40903,2.962454128440367,2.090697683912322,87939.6629,40473,272,0,0
Adriatic Sea,2016,Jan,3754,0.61130109102752,48648,2.093252336448598,1.377269597291535,65417.1874,47456,344,0,0
Adriatic Sea,2016,Feb,4490,0.7311512782934375,39379,1.9555919642857142,1.3377885888654275,50249.0502,38398,333,0,0
Adriatic Sea,2016,Mar,3583,0.5834554632795962,36334,1.8679567567567568,1.3580184029431908,45453.679,35623,1,0,0
Adriatic Sea,2017,Mar,3469,0.5648917114476469,28320,2.629681081081081,1.7403851653638038,39675.3063,26557,1113,0,0
Adriatic Sea,2017,Apr,5731,0.9332356293763231,66180,3.78209375,2.1858144525096144,135400.837,63689,1631,0,0
Adriatic Sea,2017,Aug,6089,0.9915323237257776,51882,3.956457142857143,2.533178459557952,130184.6476,44624,7242,10,0
Adriatic Sea,2018,Apr,6139,0.9996743201432992,67368,4.946241964285714,3.057764583109746,202031.2899,46397,20720,51,0
Adriatic Sea,2018,May,6141,1,143558,5.092021428571429,3.004039549999188,433265.229,122243,17842,0,0
Adriatic Sea,2018,Jun,6141,1,73781,5.077644642857143,3.6140165414913303,269194.042,54523,18937,0,0
Adriatic Sea,2018,Aug,6109,0.9947891222927862,106660,3.463674107142857,2.27674223688215,241514.684,103737,2002,0,0
Adriatic Sea,2018,Sep,5990,0.9754111708190848,74596,3.4270660714285714,2.2587734950568708,169823.8471,68337,6002,0,0
Adriatic Sea,2018,Nov,2899,0.47207295228790097,23044,2.34815,1.6640384701381246,39076.529,22604,207,0,0
Adriatic Sea,2019,Mar,572,0.09314443901644684,4351,1.4905157894736842,1.1112326155996437,4771.544,4282,15,0,0
Adriatic Sea,2019,Jul,3013,0.49063670411985016,22524,3.663369642857143,2.6853150500544434,61379.4695,22373,128,0,0
Adriatic Sea,2019,Sep,4938,0.8041035661944309,15551,2.8129285714285714,2.0620966545585597,31505.9005,15504,34,0,0
Adriatic Sea,2019,Oct,5712,0.9301416707376648,61827,2.5673063636363636,1.7432869531198527,112397.0414,59295,1370,0,0
Adriatic Sea,2019,Nov,5827,0.9488682624979645,71822,2.5710839285714284,1.7164516199758137,123884.6746,70247,246,0,0
Adriatic Sea,2019,Dec,4637,0.755088747760951,60485,2.72301,1.6404042044394533,99900.9985,58188,669,0,0
Adriatic Sea,2020,Jun,155,0.025240188894316888,288,2.522705,2.372760006232194,713.2594,288,0,0,0
Adriatic Sea,2020,Jul,563,0.09167887966129296,1441,2.8789527027027026,2.4294086447657683,3421.8501,1425,16,0,0
Adriatic Sea,2021,Jan,3778,0.6152092493079303,68966,2.1901453608247423,1.4188823543067928,97736.8085,65490,2116,0,0
Adriatic Sea,2021,Jul,2558,0.41654453672040387,13488,3.581906730769231,2.4430030660814803,33514.3865,13078,320,0,0
Adriatic Sea,2021,Aug,3323,0.541117081908484,28740,3.2929345454545453,2.192669754561307,60676.9407,27730,642,0,0
Adriatic Sea,2022,Feb,479,0.07800032567985671,3502,1.5182057692307693,1.1032157850443782,3887.3323,3491,3,0,0
Adriatic Sea,2022,May,3187,0.5189708516528253,23376,3.8768091743119264,2.712070938779268,64232.089,22670,148,0,0
Adriatic Sea,2022,Jun,5681,0.9250936329588015,60918,4.274049107142857,2.9710452810771204,184802.6261,59170,1409,0,0
Adriatic Sea,2022,Jul,6112,0.9952776420778375,73464,4.203340178571429,2.666297684729797,197701.6728,71562,1742,0,0
Adriatic Sea,2022,Aug,1851,0.3014167073766488,13292,2.448552427184466,1.8635251332834466,25061.381,12991,1,0,0
Adriatic Sea,2022,Nov,4047,0.6590131900341963,60270,2.865567857142857,1.8245883921215824,112940.8283,53869,5176,0,0
Adriatic Sea,2022,Dec,2639,0.4297345709167888,17290,2.261033027522936,1.6140032692066082,28103.1828,16170,778,0,0
Adriatic Sea,2023,Jan,5543,0.9026217228464419,104597,2.6849145454545456,1.6279049049216585,166949.5568,86872,11392,111,0
Adriatic Sea,2023,Mar,4454,0.725289040872822,68544,2.2926990291262137,1.4628494426145104,91753.6763,65917,628,0,0
Adriatic Sea,2023,Jul,5644,0.9190685556098356,62079,2.1154924528301886,1.3805040689082042,59374.2022,36311,24194,407,0
Adriatic Sea,2023,Aug,5125,0.8345546327959615,35937,3.578825892857143,2.244245826401781,82548.6889,32539,3369,12,0
Adriatic Sea,2023,Oct,6141,1,179545,3.574385714285714,2.260384650044974,405507.1267,126920,51061,44,0
Adriatic Sea,2023,Nov,6059,0.9866471258752646,121997,3.1671873873873873,1.899347613103856,234440.8926,111973,6651,0,0
Adriatic Sea,2005,Jan,807,0.13141182217879824,5421,1.683470588235294,1.2533583830954527,6952.7518,5390,2,0,0
Adriatic Sea,2006,Jun,987,0.1607230092818759,4875,3.355023684210526,2.66781662589598,12898.0986,4875,0,0,0
Adriatic Sea,2006,Jul,607,0.09884383650871194,964,2.5654066666666666,2.3342037403316764,2218.6317,964,0,0,0
Adriatic Sea,2007,Jul,2673,0.4352711284807035,17452,3.4000091743119265,2.40584690364468,42630.1991,17077,350,0,0
Adriatic Sea,2011,Apr,588,0.09574987787005373,4440,3.74255641025641,2.701144827317269,12635.982899999999,4184,220,0,0
Adriatic Sea,2011,Dec,1342,0.21853118384627912,12201,2.16607972972973,1.5965027489405401,19773.4112,11923,65,0,0
Adriatic Sea,2012,Aug,2358,0.3839765510503175,13135,2.657008108108108,1.97087152026078,26002.3302,13104,31,0,0
Adriatic Sea,2012,Sep,163,0.02654290832112034,277,1.5334125,1.459763257569725,415.95300000000003,277,0,0,0
Adriatic Sea,2014,Mar,5669,0.9231395538185964,116287,3.231228828828829,1.6986660853188749,200934.5515,108590,4421,0,0
Adriatic Sea,2014,Oct,4800,0.7816316560820713,46854,2.6607846846846845,1.803203251176196,85759.0725,45388,1417,0,0
Adriatic Sea,2015,Jan,2670,0.43478260869565216,18246,2.08355,1.4260817684456732,26742.0862,18093,6,0,0
Adriatic Sea,2015,Feb,2224,0.3621560006513597,23129,1.7803894117647059,1.247853817934918,26910.2903,21940,497,0,0
Adriatic Sea,2016,Apr,3055,0.4974759811105683,23991,2.682012962962963,1.843046339068931,43985.8598,23392,515,0,0
Adriatic Sea,2016,Jul,2780,0.45269500081419967,16286,3.38819,2.570107687712069,43531.963299999996,16207,78,0,0
Adriatic Sea,2016,Dec,1138,0.1853118384627911,8101,2.2111202247191013,1.6678332627524506,14223.5871,7983,24,0,0
Adriatic Sea,2020,Feb,5282,0.8601205015469793,92307,2.2953845454545454,1.3907697385669338,129305.2097,87594,575,0,0
Adriatic Sea,2020,Mar,2949,0.4802149487054226,21811,2.1936055555555556,1.4799299706150224,36029.3409,21147,27,0,0
Adriatic Sea,2020,Dec,2767,0.450578081745644,22405,2.3663366666666668,1.6559207339190105,38427.5456,21452,475,0,0
Adriatic Sea,2023,Feb,3452,0.5621234326656896,40285,1.997319417475728,1.3496652189487934,52003.3157,38356,703,0,0
Adriatic Sea,2023,Dec,2304,0.3751831949193942,27833,2.072383168316832,1.5204721553894074,46218.0138,26653,63,0,0
Adriatic Sea,2000,Jan,22,0.0035824784237094938,131,1.8147444444444445,1.4752211574074074,186.2696,131,0,0,0
Adriatic Sea,2002,Feb,871,0.14183357759322585,7262,1.785498275862069,1.2024639983516052,8776.402,7123,68,0,0
Adriatic Sea,2003,Jan,1476,0.24035173424523693,11636,1.8057614285714285,1.2692604369781897,14066.5259,11602,6,0,0
Adriatic Sea,2004,Mar,16,0.0026054388536069046,89,1.2873857142857144,1.0640753814727473,94.7728,89,0,0,0
Adriatic Sea,2012,Jun,4093,0.6665038267383162,15599,3.372410909090909,2.6099907741812123,43045.981,15490,7,0,0
Adriatic Sea,2013,Dec,1620,0.26380068392769906,9169,1.843919512195122,1.4503405306564479,14922.4637,9070,18,0,0
Adriatic Sea,2015,Dec,1119,0.18221787982413287,9043,2.1015697674418603,1.5978860945661015,15916.1392,8737,145,0,0
Adriatic Sea,2018,Oct,640,0.10421755414427618,4426,1.8812366666666667,1.575560995036238,6985.317,4426,0,0,0
Adriatic Sea,2020,Jan,3481,0.5668457905878521,36164,2.0378635514018693,1.3347236932755233,51757.9924,35001,16,4,0
Adriatic Sea,2021,Feb,1958,0.31884057971014496,11770,1.6416876404494383,1.206792363377111,13289.5663,11531,6,0,0
Adriatic Sea,2021,Mar,981,0.15974596971177332,3765,2.4348735294117647,1.7717809456093727,6810.2017,3619,105,0,0
Adriatic Sea,2022,Oct,3597,0.5857352222765022,32341,2.656949090909091,1.76476683622342,59576.0122,29501,1657,0,0
Adriatic Sea,2023,Sep,5519,0.8987135645660316,56699,2.6262063636363635,1.8454715219133107,105259.4465,55320,204,0,0
Adriatic Sea,1982,Sep,1708,0.27813059762253706,8390,2.273294680851064,1.7627646343563184,15232.7636,8353,7,0,0
Adriatic Sea,1994,Sep,2028,0.3302393746946751,16027,2.802258,1.8633889945204438,31120.9565,15451,354,0,0
Adriatic Sea,1994,Oct,1754,0.28562123432665687,9299,2.2539453608247424,1.741314292430827,16632.8259,9171,128,0,0
Adriatic Sea,1999,Sep,3781,0.6156977690929816,11248,2.0562962962962965,1.671081282995126,19150.6574,11242,0,0,0
Adriatic Sea,1999,Oct,4092,0.6663409868099658,29481,2.3203831775700934,1.6875459881982893,50096.2093,29094,0,0,0
Adriatic Sea,2011,Aug,4523,0.7365249959290018,28160,3.018954128440367,2.1694157189203733,63428.926999999996,25182,2058,0,0
Adriatic Sea,2012,Jan,597,0.09721543722520762,4242,1.7921191176470588,1.4818583771439635,6520.7544,4235,0,0,0
Adriatic Sea,2012,Dec,1727,0.28122455626119525,8464,1.972328,1.5834169784788865,13767.784599999999,8381,0,0,0
Adriatic Sea,2014,Nov,1221,0.1988275525158769,6438,2.152829523809524,1.681634266635285,10918.4496,6396,16,0,0
Adriatic Sea,2015,Nov,1511,0.24605113173750204,12423,2.2236048192771083,1.6284873132291966,22246.9743,11911,313,0,0
Adriatic Sea,2019,Jun,3097,0.5043152581012864,19977,4.325437614678899,3.072286673587266,60929.3001,19560,263,0,0
Adriatic Sea,2019,Aug,4945,0.8052434456928839,29405,2.7990635514018694,1.9725089684051853,58370.6326,29039,329,0,0
Adriatic Sea,1982,Feb,270,0.04396678065461651,1912,1.78615,1.3678102884923993,2698.2528,1865,47,0,0
Adriatic Sea,2004,Jul,672,0.10942843185148998,4054,3.467346666666667,2.7100389983923123,11012.6625,4054,0,0,0
Adriatic Sea,2007,Jun,2747,0.4473212831786354,23689,3.903525242718447,2.7997870412921313,66611.3692,23331,37,0,0
Adriatic Sea,2012,May,565,0.09200455951799381,3456,3.567398275862069,2.7404751754892693,9543.0672,3329,105,0,0
Adriatic Sea,2015,Mar,921,0.14997557401074743,5495,1.5131724137931035,1.1138220994051113,5967.4662,5478,9,0,0
Adriatic Sea,2015,Oct,168,0.027357107962872496,659,1.7675066666666668,1.5145929030081144,1031.59,659,0,0,0
Adriatic Sea,2016,Nov,283,0.046083699723172125,1142,1.9558666666666666,1.6175375794388325,1932.1491,1141,1,0,0
Adriatic Sea,2001,Apr,287,0.04673505943657385,648,2.2793125,1.9477907504048346,1187.9421,648,0,0,0
Adriatic Sea,2004,Oct,1050,0.1709819247679531,3220,1.735571186440678,1.4643723402963051,4827.4642,3199,0,0,0
Adriatic Sea,2004,Dec,584,0.09509851815665202,3422,1.9044648648648648,1.525840439465001,5387.3358,3377,7,0,0
Adriatic Sea,2005,Mar,6,9.770395701025891e-4,31,1.40225,1.1724818253968254,35.9963,31,0,0,0
Adriatic Sea,2005,Apr,2,3.256798567008631e-4,2,1.37555,1.37555,2.7511,2,0,0,0
Adriatic Sea,2011,Mar,176,0.02865982738967595,252,2.4638035714285715,2.2621465570205355,607.1901,252,0,0,0
Adriatic Sea,2016,Oct,403,0.06562449112522391,1798,2.058753333333333,1.6697282555938526,3027.901,1798,0,0,0
Adriatic Sea,2020,Oct,68,0.011073115127829344,204,1.5546818181818183,1.3998073312672177,280.7481,204,0,0,0
Adriatic Sea,2022,Jan,244,0.039732942517505296,2057,1.3497692307692308,1.0867336344528316,2158.9881,2000,0,0,0
Adriatic Sea,2023,Jun,724,0.11789610812571243,3327,2.9461852459016393,2.4827938898870316,8010.2265,3315,0,0,0
Adriatic Sea,1992,Aug,3286,0.535092004559518,31932,2.871817475728155,2.0261828432313145,66648.5632,31546,345,0,0
Adriatic Sea,1992,Sep,1750,0.2849698746132552,2848,2.101274683544304,1.7917560137156472,5104.7695,2848,0,0,0
Adriatic Sea,1999,Feb,4,6.513597134017262e-4,14,1.3318666666666668,1.189965,16.6011,14,0,0,0
Adriatic Sea,2015,Jun,3173,0.5166910926559193,24524,4.148140594059406,2.98353317056892,76427.9165,23612,912,0,0
Adriatic Sea,2016,Sep,426,0.06936980947728383,1924,2.085148275862069,1.7312186117604962,3574.1113,1924,0,0,0
Adriatic Sea,2018,Dec,1800,0.29311187103077674,12208,2.2038142857142855,1.631939416514027,20519.039,12140,3,0,0
Adriatic Sea,1999,Jun,1656,0.2696629213483146,9796,3.6502726315789475,2.790297510208826,27418.1868,9675,15,0,0
Adriatic Sea,2004,Jan,16,0.0026054388536069046,74,1.5866,1.3851464285714286,102.1443,74,0,0,0
Adriatic Sea,2008,May,135,0.021983390327308255,559,3.0156392857142857,2.5946930373398205,1473.7212,559,0,0,0
Adriatic Sea,2008,Jun,4254,0.6927210552027357,22424,4.106828155339806,2.91765775542251,67569.8175,22184,231,0,0
Adriatic Sea,2009,Jul,80,0.013027194268034522,459,3.024426923076923,2.6761156002569844,1221.7284,459,0,0,0
Adriatic Sea,2017,Jul,1071,0.17440156326331216,6667,3.198776666666667,2.456124498570567,16344.7777,6641,26,0,0
Adriatic Sea,2019,Jan,124,0.02019215111545351,388,1.51138,1.2969203918291932,476.57,388,0,0,0
Adriatic Sea,2019,Feb,600,0.09770395701025891,4647,1.4586627450980392,1.1033606976624535,5017.197,4528,0,0,0
Adriatic Sea,2013,Jun,3852,0.6272594040058622,24475,4.426609615384615,3.2323144373450288,80417.3409,23609,866,0,0
Adriatic Sea,2015,May,152,0.024751669109265594,818,2.918680769230769,2.5116754783037036,1986.1657,818,0,0,0
Adriatic Sea,2018,Mar,1,1.6283992835043154e-4,5,1.097,1.0104,5.052,5,0,0,0
Adriatic Sea,2020,Aug,778,0.12668946425663574,2912,2.5817125,2.0553847561993948,5728.5302,2887,25,0,0
Adriatic Sea,2020,Sep,3162,0.5148998534440645,26011,2.5826192307692306,1.9194310929088803,51087.5881,25633,8,0,0
Adriatic Sea,2000,Nov,1708,0.27813059762253706,10684,2.5027815789473684,1.7432491112649817,18687.7979,10574,14,0,0
Adriatic Sea,2009,Oct,2499,0.4069369809477284,16893,2.201322,1.6656343106536249,27983.0432,16740,51,0,0
Adriatic Sea,2017,Jan,358,0.05829669434945449,1322,1.8332630769230769,1.577881991027853,2182.4363,1295,0,0,0
Adriatic Sea,2017,Feb,323,0.052597296857189384,1489,1.4198,1.1239732739149086,1600.3176,1401,0,0,0
Adriatic Sea,2021,Nov,160,0.026054388536069045,762,1.928803448275862,1.5659368803907736,1201.6434,758,4,0,0
Adriatic Sea,2020,Nov,1454,0.23676925582152744,13123,2.085306756756757,1.602812029703706,22076.5379,13069,0,0,0
Adriatic Sea,2013,Jan,1198,0.19508223416381698,10038,2.0883472527472526,1.5696863751692038,16315.5118,9963,0,0,0
Adriatic Sea,2013,Feb,117,0.019052271617000488,727,1.420335294117647,1.198884988325635,908.514,727,0,0,0
Adriatic Sea,2013,Mar,82,0.013352874124735384,301,1.4065294117647058,1.275044361129067,397.5501,301,0,0,0
Adriatic Sea,1982,Oct,1699,0.27666503826738315,4690,2.370786170212766,1.8368617000986227,8655.9354,4597,91,0,0
Adriatic Sea,1999,Nov,168,0.027357107962872496,1052,1.951282608695652,1.6597169245119534,1808.3286,1028,0,0,0
Adriatic Sea,2005,Jul,547,0.08907344080768605,1589,3.0279728571428572,2.4630322975071937,3958.6753,1516,73,0,0
Adriatic Sea,2005,Aug,542,0.0882592411659339,1625,2.8507797101449275,2.196533930309826,3584.4805,1625,0,0,0
Adriatic Sea,2010,Jun,240,0.039081582804103565,1251,3.5687863636363635,2.894644945825561,3683.2057,1251,0,0,0
Adriatic Sea,2018,Jul,1080,0.17586712261846604,3117,2.60621320754717,2.107137605146089,7293.1469,3112,5,0,0
Adriatic Sea,2003,Dec,111,0.0180752320468979,685,2.1605133333333333,1.738510222533318,1226.0602,685,0,0,0
Adriatic Sea,2013,Oct,549,0.0893991206643869,1213,1.7906906666666667,1.6251192067351474,1983.1641,1213,0,0,0
Adriatic Sea,2014,Aug,259,0.04217554144276177,1765,2.5311944444444445,2.0630635459624,3683.9499,1765,0,0,0
Adriatic Sea,1987,Nov,465,0.07572056668295066,655,1.8062551724137932,1.5554953046873417,1032.5966,655,0,0,0
Adriatic Sea,1998,Jan,106,0.017261032405145742,391,2.1111857142857144,1.5622579502425282,661.3483,374,17,0,0
Adriatic Sea,2021,Oct,1810,0.29474027031428107,10653,1.9329194805194805,1.5875073997135336,17568.8322,10653,0,0,0
Adriatic Sea,1986,Dec,5,8.141996417521578e-4,28,1.62215,1.4078561904761906,39.1149,28,0,0,0
Adriatic Sea,2009,Apr,30,0.004885197850512946,155,3.3852266666666666,2.5691001085858587,436.1945,154,1,0,0
Adriatic Sea,2023,May,392,0.06383325191336917,662,2.7203270833333333,2.4665684354751645,1642.1464,662,0,0,0
Adriatic Sea,1982,Jan,7,0.0011398794984530207,34,1.40254,1.200763,39.495400000000004,34,0,0,0
Adriatic Sea,1985,Oct,2289,0.3727405959941378,24031,2.3825348314606742,1.7963782543319384,44538.4255,23761,75,0,0
Adriatic Sea,2021,Jun,546,0.08891060087933561,3459,3.5887423076923075,2.80981319696993,10246.4365,3427,0,0,0
Adriatic Sea,2021,Sep,1139,0.1854746783911415,1328,1.7829292307692308,1.5597349026695975,2131.8754,1328,0,0,0
Adriatic Sea,1998,Jun,713,0.11610486891385768,3193,3.1467557142857143,2.5636004015347464,8271.3824,3193,0,0,0
Adriatic Sea,2001,Nov,165,0.0268685881778212,484,1.7421333333333333,1.5427236656346774,797.2595,484,0,0,0
Adriatic Sea,2011,Jan,29,0.004722357922162515,32,0.94255,0.89694875,29.1857,32,0,0,0
Adriatic Sea,2011,Feb,98,0.01595831297834229,507,1.2484178571428572,1.0176182102747082,519.1962,507,0,0,0
Adriatic Sea,1982,Mar,9,0.0014655593551538837,40,1.447225,1.1624075,46.388400000000004,40,0,0,0
Adriatic Sea,2008,Mar,26,0.00423383813711122,129,1.56165,1.2816895833333333,166.27100000000002,129,0,0,0
Adriatic Sea,1988,Jan,1283,0.20892362807360365,5895,1.8533821428571429,1.4850235042566338,8712.9514,5885,0,0,0
Adriatic Sea,1991,Feb,99,0.01612115290669272,510,2.008775,1.6699500447583144,914.3161,412,98,0,0
Adriatic Sea,1994,Nov,6,9.770395701025891e-4,30,1.9572,1.6231733333333334,48.6952,30,0,0,0
Adriatic Sea,2002,Jul,94,0.015306953264940564,864,2.81024375,2.4407517363904487,2124.1519,864,0,0,0
Adriatic Sea,2013,Aug,877,0.14281061716332843,5440,2.9941936507936506,2.25216200813518,13579.7914,5170,225,0,0
Adriatic Sea,2021,Apr,569,0.09265591923139554,1357,3.1373109375,2.5570491020596164,3926.6431,1316,41,0,0
Adriatic Sea,1983,Jan,521,0.08483960267057483,5329,2.4450176470588234,1.8466595277023035,9764.5422,5153,95,0,0
Adriatic Sea,1985,May,12,0.0019540791402051783,60,2.49334,2.2855196666666666,136.4148,60,0,0,0
Adriatic Sea,1991,Jan,220,0.03582478423709494,1058,1.8792121951219511,1.5991850324865866,1749.6227,1050,0,0,0
Adriatic Sea,1992,Dec,508,0.08272268360201922,3042,2.380183673469388,1.798594197664488,5459.1609,3016,24,0,0
Adriatic Sea,1998,Jul,726,0.11822178798241328,2658,3.309126153846154,2.5019679910795847,6511.8460000000005,2626,22,0,0
Adriatic Sea,2001,Jan,1841,0.29978830809314444,23950,2.6555597701149427,1.8422777858363908,42747.8171,23324,124,0,0
Adriatic Sea,1987,Dec,34,0.005536557563914672,35,1.4409571428571428,1.4002748299319727,49.5738,35,0,0,0
Adriatic Sea,1988,Feb,1716,0.2794333170493405,12061,2.13101,1.5181885097429275,17642.0021,11775,120,0,0
Adriatic Sea,1998,Feb,109,0.017749552190197037,251,1.6198181818181818,1.4670498006854258,372.9065,251,0,0,0
Adriatic Sea,2002,Dec,347,0.05650545513759974,1641,1.7814527272727272,1.5311425222705113,2793.9195,1641,0,0,0
Adriatic Sea,2007,Mar,1861,0.30304510666015305,22501,2.4617695121951217,1.7415767572925345,44589.8032,22180,0,0,0
Adriatic Sea,1982,Nov,414,0.06741573033707865,2792,2.3356938775510203,1.744877917033286,4954.5638,2691,101,0,0
Adriatic Sea,1999,Dec,54,0.008793356130923302,95,1.9758111111111112,1.6786870608984334,162.2168,95,0,0,0
Adriatic Sea,2017,Jun,1514,0.24653965152255333,9140,3.498410588235294,2.721720274819133,25402.9637,9133,7,0,0
Adriatic Sea,2000,Oct,190,0.03093958638658199,485,1.7020566666666668,1.4817258754768414,777.558,485,0,0,0
Adriatic Sea,2002,Nov,156,0.025403028822667317,754,1.943478125,1.6285170644254265,1197.9337,744,0,0,0
Adriatic Sea,2008,Feb,1,1.6283992835043154e-4,1,1.0707,1.0707,1.0707,1,0,0,0
Adriatic Sea,2000,Feb,1,1.6283992835043154e-4,1,1.2928,1.2928,1.2928,1,0,0,0
Adriatic Sea,2011,Jun,32,0.005210877707213809,173,2.9739666666666666,2.4349594089390143,426.6145,173,0,0,0
Adriatic Sea,2022,Mar,61,0.009933235629376324,329,1.12975,0.905786392588667,298.6522,329,0,0,0
Adriatic Sea,1986,Jan,68,0.011073115127829344,549,2.124145,1.7745030757082518,1003.8821,549,0,0,0
Adriatic Sea,1989,Feb,1,1.6283992835043154e-4,5,1.3058,1.18332,5.9166,5,0,0,0
Adriatic Sea,2008,Sep,755,0.12294414590457581,4435,2.2450597014925373,1.8491548335878196,8250.7767,4435,0,0,0
Adriatic Sea,1990,Oct,68,0.011073115127829344,410,1.6777,1.4408009850376418,589.6975,410,0,0,0
Adriatic Sea,1992,Nov,1157,0.18840579710144928,9973,2.411248214285714,1.6838818358051784,17012.7399,9777,56,0,0
Adriatic Sea,2004,Apr,3,4.885197850512946e-4,15,1.6231,1.4193733333333334,21.290599999999998,15,0,0,0
Adriatic Sea,1994,Mar,519,0.08451392281387396,3696,2.764891379310345,1.9728706817204178,7078.1566,3666,26,0,0
Adriatic Sea,2002,Jun,1700,0.27682787819573357,12321,4.744369841269841,3.3303055495691134,42811.7662,11738,583,0,0
Adriatic Sea,2005,Feb,38,0.0061879172773163975,282,1.3635333333333333,1.1569336595422577,335.5218,282,0,0,0
Adriatic Sea,1993,Dec,16,0.0026054388536069046,80,1.8730333333333333,1.5762366666666667,126.28190000000001,80,0,0,0
Adriatic Sea,1996,Jun,1212,0.197361993160723,6679,4.095461971830986,3.1522368715824247,21670.6426,6657,22,0,0
Adriatic Sea,2003,Feb,97,0.01579547304999186,288,1.6191375000000001,1.4361564001339564,416.0245,288,0,0,0
Adriatic Sea,2009,Jun,1,1.6283992835043154e-4,1,2.1212,2.1212,2.1212,1,0,0,0
Adriatic Sea,2010,Aug,7,0.0011398794984530207,35,2.148475,1.806095,65.45949999999999,35,0,0,0
Adriatic Sea,2014,Sep,27,0.004396678065461651,54,1.90745,1.8072165625,99.6072,54,0,0,0
Adriatic Sea,2022,Sep,1254,0.20420127015144113,10793,2.5167957142857142,1.8976005424230578,20832.0441,10786,0,0,0
Adriatic Sea,1984,Nov,61,0.009933235629376324,286,2.0452526315789474,1.731026986215539,498.1761,286,0,0,0
Adriatic Sea,1984,Dec,419,0.06822992997883082,2644,2.56875,1.8671135970639112,5254.7274,2465,168,0,0
Adriatic Sea,2007,Feb,560,0.09119035987624166,4598,2.19089375,1.7464936430051727,8917.7963,4558,0,0,0
Adriatic Sea,2011,Nov,105,0.01709819247679531,216,1.714753846153846,1.5312315857753358,342.3194,216,0,0,0
Adriatic Sea,1994,Apr,51,0.008304836345872008,85,1.8719933333333334,1.78556934006734,151.8628,85,0,0,0
Adriatic Sea,2013,Jul,389,0.06334473212831786,2337,3.1540555555555554,2.3344371805178046,5787.9622,2149,79,0,0
Adriatic Sea,2023,Apr,18,0.0029311187103077674,25,1.5587166666666668,1.4761608333333334,37.6579,25,0,0,0
Adriatic Sea,1982,Dec,78,0.012701514411333659,273,2.0735636363636365,1.8449118075803204,495.8198,273,0,0,0
Adriatic Sea,1993,Nov,169,0.027519947891222928,911,1.9191333333333334,1.5329898475528347,1426.5489,911,0,0,0
Adriatic Sea,1990,May,1149,0.18710307767464582,6734,3.4029652173913045,2.7405032425483506,18392.7446,6734,0,0,0
Adriatic Sea,1990,Nov,40,0.006513597134017261,191,1.9979277777777777,1.7490297668566002,350.6899,191,0,0,0
Adriatic Sea,1992,Oct,285,0.046409379579872984,1375,2.139112,1.7593299667323807,2444.0978,1375,0,0,0
Adriatic Sea,1997,Oct,208,0.03387070509688976,1342,2.082392592592593,1.6917871190832225,2290.6299,1337,0,0,0
Adriatic Sea,2008,Aug,142,0.023123269825761277,716,2.2610060606060607,1.9265338494500994,1394.3754000000001,716,0,0,0
Adriatic Sea,1993,May,139,0.022634750040709983,742,2.917088888888889,2.5578429305526966,1903.8818,742,0,0,0
Adriatic Sea,1991,Sep,608,0.09900667643706237,2871,2.02,1.6999905491282385,4955.5545,2822,0,0,0
Adriatic Sea,1991,Oct,483,0.07865168539325842,2424,2.0034111111111113,1.700302419778251,4013.1625,2424,0,0,0
Adriatic Sea,1993,Oct,5,8.141996417521578e-4,25,1.562375,1.4102625,35.4165,25,0,0,0
Adriatic Sea,1994,Jan,364,0.05927373391955708,3066,2.4415816326530613,1.832101368378902,5754.3328,2808,100,0,0
Adriatic Sea,1994,Feb,187,0.030451066601530696,492,2.5060451612903227,1.972031009794465,984.4629,435,57,0,0
Adriatic Sea,1985,Sep,345,0.056179775280898875,1175,1.7771613636363637,1.6036651705948197,1918.491,1175,0,0,0
Adriatic Sea,1997,Sep,533,0.08679368181078001,3577,2.4510625,1.894208168208125,6861.2251,3577,0,0,0
Adriatic Sea,2021,Dec,107,0.01742387233349617,752,2.1340636363636363,1.692193049067651,1292.6759,748,0,0,0
Adriatic Sea,2008,Oct,2,3.256798567008631e-4,10,1.7593,1.45938,14.5938,10,0,0,0
Adriatic Sea,1999,May,804,0.13092330239374694,2393,3.5983375,2.827640656281326,6908.3605,2367,26,0,0
Adriatic Sea,1986,Feb,7,0.0011398794984530207,23,2.073733333333333,1.7064344444444444,39.5294,23,0,0,0
Adriatic Sea,2014,Jun,1013,0.16495684741898714,6518,4.9717375,3.712938325944977,25583.8282,6170,348,0,0
Adriatic Sea,2017,May,627,0.10210063507572056,1670,3.053696226415094,2.707654639132991,4834.6752,1670,0,0,0
Adriatic Sea,2006,Oct,769,0.12522390490148186,4725,2.3392176470588235,1.6494806580776478,7851.4221,4637,0,0,0
Adriatic Sea,2006,Nov,991,0.16137436899527766,6284,2.4790094339622644,1.7797968107909152,11022.9231,6198,2,0,0
Adriatic Sea,2006,Dec,842,0.13711121967106335,12273,2.9999813953488372,2.012427308747717,24779.0204,11862,175,0,0
Adriatic Sea,1995,Jul,106,0.017261032405145742,708,2.4164866666666667,1.9182427348071704,1348.8637,708,0,0,0
Adriatic Sea,2016,Jun,1,1.6283992835043154e-4,1,2.2406,2.2406,2.2406,1,0,0,0
Adriatic Sea,2001,Aug,199,0.03240514574173588,1097,2.3032826086956524,1.866997351629757,2103.543,1097,0,0,0
Adriatic Sea,2001,Sep,7,0.0011398794984530207,7,1.7409666666666668,1.6485555555555556,11.6358,7,0,0,0
Adriatic Sea,2000,Aug,209,0.03403354502524019,1404,3.071714814814815,2.0978563722826067,2953.2208,1363,41,0,0
Adriatic Sea,2006,Aug,36,0.005862237420615535,37,2.2273444444444443,2.0959492592592595,78.7536,37,0,0,0
Adriatic Sea,2009,Dec,20,0.0032567985670086306,100,2.5784,2.150419761904762,217.6523,100,0,0,0
Adriatic Sea,1998,May,49,0.007979156489171146,308,5.4292,3.860813897440029,1180.6928,234,74,0,0
Adriatic Sea,2007,Jan,119,0.019377951473701353,734,1.9193842105263157,1.634241855260462,1230.4312,734,0,0,0
Adriatic Sea,2001,Jul,19,0.003093958638658199,19,2.020725,1.8889791666666667,35.9558,19,0,0,0
Adriatic Sea,2018,Feb,14,0.0022797589969060414,94,1.90542,1.6638039937839937,157.02159999999998,94,0,0,0
Adriatic Sea,2001,May,80,0.013027194268034522,350,3.9497428571428572,2.811205005569816,1008.4681,333,17,0,0
Adriatic Sea,2011,May,125,0.020354991043803942,693,4.041078947368421,3.187048443511004,2205.8852,693,0,0,0
Adriatic Sea,1996,Nov,14,0.0022797589969060414,70,2.784725,2.0209616666666665,141.8209,70,0,0,0
Adriatic Sea,1998,Mar,6,9.770395701025891e-4,6,2.0996,2.0898444444444446,12.5474,6,0,0,0
Adriatic Sea,1993,Jun,20,0.0032567985670086306,106,4.1885,3.2212445797258296,342.5169,106,0,0,0
Adriatic Sea,1998,Nov,54,0.008793356130923302,300,2.332846153846154,1.7755998777786424,551.718,297,3,0,0
Adriatic Sea,2009,Feb,1,1.6283992835043154e-4,5,1.8002,1.6758600000000001,8.3793,5,0,0,0
Adriatic Sea,1990,Dec,2,3.256798567008631e-4,8,1.8415,1.716625,13.733,8,0,0,0
Adriatic Sea,1997,Mar,14,0.0022797589969060414,70,3.0410666666666666,2.263726333333333,158.40709999999999,70,0,0,0
Adriatic Sea,2020,Apr,3,4.885197850512946e-4,15,3.4852,2.951686666666667,44.2753,15,0,0,0
Levantine Sea,1990,Dec,3518,0.18603913273400316,28121,1.9382983606557378,1.335246384552863,37773.9229,27354,385,0,0
Levantine Sea,1991,Jan,8281,0.43791644632469595,87221,1.9957762295081967,1.2466886413444518,107616.6554,82591,2407,107,0
Levantine Sea,1993,Dec,2437,0.12887361184558435,16390,2.012144827586207,1.3259153974384101,21706.3594,14067,1690,519,0
Levantine Sea,1994,Jan,3541,0.18725542041248017,25095,2.613779674796748,1.3275477654784038,31965.8861,22244,1882,356,77
Levantine Sea,1994,Oct,12211,0.6457429931253306,147235,2.487456910569106,1.5531050489101277,226345.4591,140286,2493,0,0
Levantine Sea,1999,May,3784,0.20010576414595452,23876,2.978758823529412,1.881248925749732,44430.7155,20890,2909,5,0
Levantine Sea,2001,Jan,1303,0.0689053410893707,8303,1.7038378048780487,1.185436147682631,10071.9424,7655,645,0,0
Levantine Sea,2001,Mar,15381,0.813379164463247,121343,2.598508943089431,1.4670166394549096,177465.2702,94766,24761,440,26
Levantine Sea,2001,Apr,2379,0.12580645161290321,9165,1.646158536585366,1.2764852694960163,12318.825,8831,52,0,0
Levantine Sea,2001,Aug,1026,0.054257006874669486,6685,1.875591935483871,1.444529406604623,10243.4689,6665,12,0,0
Levantine Sea,2004,Nov,5156,0.2726599682707562,49453,2.2104024390243904,1.5373029847599413,78544.9147,48268,226,0,0
Levantine Sea,2006,Jun,3714,0.19640401903754628,14632,3.0970847457627118,2.0058143203066447,30156.362,12835,1791,0,0
Levantine Sea,2007,Aug,3169,0.16758328926493918,11211,1.753123,1.3401112162605486,14873.485,11042,125,0,0
Levantine Sea,2007,Sep,2481,0.13120042305658383,11523,1.9189787878787878,1.404292035407709,17170.862,11333,174,0,0
Levantine Sea,2008,Mar,1609,0.08508725542041248,10279,2.1022217391304348,1.1819155365805123,12964.3412,9709,421,27,0
Levantine Sea,2008,Apr,132,0.0069804336329984135,647,1.861364,1.4434484208648057,942.2291,647,0,0,0
Levantine Sea,2009,Jun,6926,0.3662612374405077,46840,2.455013008130081,1.6445021707698542,76638.7214,46270,253,0,0
Levantine Sea,2010,Feb,5448,0.28810153358011636,49787,1.8132515463917527,1.1020881932308462,56829.7267,48052,1014,22,0
Levantine Sea,2010,Mar,4631,0.24489687995769435,36371,2.0610495575221237,1.3398490284526723,48199.0351,33724,2326,1,0
Levantine Sea,2010,Dec,15675,0.8289264939185617,249176,2.6552934959349592,1.6693136473153531,416647.1411,229308,14012,0,0
Levantine Sea,2011,Jan,15360,0.8122686409307245,309813,2.1558138211382114,1.2902055620733326,405037.959,281381,16586,0,0
Levantine Sea,2011,Feb,14107,0.7460074034902169,212332,1.9034861788617887,1.153678920320797,255526.7857,189370,15986,56,0
Levantine Sea,2012,Oct,10170,0.5378106821787414,111442,2.1398918699186993,1.4677143954355953,164604.6762,107241,127,0,0
Levantine Sea,2012,Nov,13370,0.7070333157059757,156455,2.406710569105691,1.5196918884800121,227071.4341,150490,1324,0,0
Levantine Sea,2012,Dec,7546,0.3990481226864093,41297,1.9909871287128713,1.4295641973985647,58308.4067,40557,584,0,0
Levantine Sea,2013,May,16007,0.8464833421470122,143845,3.682559349593496,2.2597616917289605,330360.0724,107158,36218,425,0
Levantine Sea,2014,Feb,10793,0.5707562136435749,131649,1.750793,1.0819806825926654,142298.4674,123646,3304,1,0
Levantine Sea,2014,Apr,9257,0.48952934955050237,72326,2.1839242105263157,1.4221146966362006,100910.988,70183,176,0,0
Levantine Sea,2014,May,5072,0.26821787414066633,18482,2.1978567567567566,1.6789776155111953,31141.1461,18480,0,0,0
Levantine Sea,2015,Aug,15115,0.7993125330512957,270778,2.466484426229508,1.5382140650989542,436715.6629,225864,39168,276,0
Levantine Sea,2015,Sep,15430,0.8159703860391327,273307,2.372579674796748,1.5080928980077335,409176.3402,251438,12556,0,0
Levantine Sea,2015,Oct,12643,0.6685880486515071,136601,2.204117886178862,1.4362301291836894,193160.7884,131100,721,0,0
Levantine Sea,2016,Feb,3447,0.18228450555261766,14829,1.4005308943089432,1.0453455918329886,15608.5612,14566,82,0,0
Levantine Sea,2016,Mar,4517,0.2388683236382866,28573,1.6136254098360656,1.1443184096595762,34537.621399999996,28165,157,0,0
Levantine Sea,2016,Apr,18888,0.9988365943945002,239132,3.1229861788617885,1.8342540975424602,435970.3428,207421,28529,90,0
Levantine Sea,2016,Aug,5219,0.2759915388683236,43037,1.962851282051282,1.3440224560341865,59228.6006,41973,634,0,0
Levantine Sea,2017,Aug,11077,0.5857747223691169,108032,2.226949593495935,1.409642592350121,150845.5098,104289,1540,0,0
Levantine Sea,2018,Feb,7515,0.3974087784241142,91318,1.6769314049586777,1.1049788239762683,104207.7612,89061,583,0,0
Levantine Sea,2018,Mar,13886,0.7343204653622423,197844,2.3058943089430892,1.3231334557279342,262001.1318,185322,7156,0,0
Levantine Sea,2018,May,18840,0.9962982548915917,353053,3.584759349593496,2.151894728133718,749022.0578,296995,47356,8,0
Levantine Sea,2018,Jun,18882,0.9985193019566367,331004,3.2342016260162603,1.9673472867312607,617485.9215,291606,23188,0,0
Levantine Sea,2018,Oct,8491,0.4490216816499207,86940,2.202460975609756,1.486647059438213,135833.9734,83676,717,0,0
Levantine Sea,2019,Jun,17235,0.9114225277630883,165535,3.089169918699187,1.8248558392519003,296106.0771,153227,5361,11,0
Levantine Sea,2019,Jul,12742,0.673823373876256,153043,2.5519156521739133,1.6087542496273153,246663.324,144557,3063,0,0
Levantine Sea,2019,Sep,4460,0.23585404547858277,29436,1.843218918918919,1.3067133506605448,38559.9,28942,11,0,0
Levantine Sea,2020,May,11572,0.6119513484928609,78945,4.579462601626016,2.459383380924101,194097.251,51905,23752,3250,38
Levantine Sea,2020,Aug,1884,0.09962982548915918,7689,1.8638342105263157,1.3873857395060722,10598.0608,7636,51,0,0
Levantine Sea,2020,Sep,16019,0.8471179270227394,237283,2.5781853658536584,1.5891382898672146,378562.6505,218074,8776,0,0
Levantine Sea,2020,Oct,18135,0.959016393442623,450759,2.7751040650406504,1.7595826529948855,788571.9689,412794,27098,0,0
Levantine Sea,2021,Jan,16576,0.8765732416710735,334275,2.4862341463414634,1.4156708719996858,476122.8623,289192,36505,398,0
Levantine Sea,2021,Feb,14635,0.7739291380222105,236562,2.4603723577235774,1.2506860463843665,291274.175,211042,19436,411,0
Levantine Sea,2021,Apr,1080,0.05711263881544157,1457,1.8492470588235295,1.5419575136753718,2346.5355,1439,18,0,0
Levantine Sea,2021,May,15488,0.8190375462718139,175653,3.4806943089430895,1.9463322216836416,333705.7139,158179,13028,142,0
Levantine Sea,2021,Aug,9873,0.522104706504495,94754,2.910019008264463,1.6753928526101296,163509.0251,76835,16065,432,0
Levantine Sea,2023,Feb,13442,0.7108408249603385,166391,1.9950845528455285,1.1616755243409962,196735.0838,140473,21739,75,0
Levantine Sea,2023,Mar,15317,0.8099947117927023,245820,2.235839024390244,1.2913300036019213,316472.4751,208811,28819,101,0
Levantine Sea,2023,Jul,17133,0.9060285563194077,225978,1.4556739837398374,0.9402024368081636,134232.1502,165249,58279,50,0
Levantine Sea,2023,Aug,17950,0.9492332099418297,262763,0.13075040650406505,0.08402568077398327,8710.121000000001,229783,23309,69,0
Levantine Sea,2023,Sep,17901,0.9466419883659439,316518,0.09105365853658537,0.062084734728275706,4930.0383999999995,301424,6803,0,0
Levantine Sea,2023,Oct,17703,0.9361713379164464,249638,2.532461788617886,1.5750891525903832,391229.4297,241253,3121,0,0
Levantine Sea,2023,Nov,18910,1,465656,3.474832520325203,2.0165827903104456,916563.054,356127,101650,1298,0
Levantine Sea,2023,Dec,17009,0.8994711792702275,405201,2.7542243902439023,1.6842438459183495,675788.6729,335273,61184,1239,0
Levantine Sea,2014,Mar,11039,0.5837652035959809,115102,1.8176823529411765,1.1614881344463426,133469.5592,108969,2843,0,0
Levantine Sea,2018,Apr,16235,0.8585404547858276,296152,3.1194606557377047,1.7240707903302321,514339.6724,255200,26557,66,0
Levantine Sea,2023,Jan,17020,0.9000528820729773,361838,2.2809696721311474,1.3539386799314983,486436.3335,282012,56809,444,0
Levantine Sea,1998,Apr,552,0.02919090428344791,3067,2.5977214285714285,1.704224037853905,5450.1205,2430,633,4,0
Levantine Sea,2010,Nov,13936,0.7369645690111053,122429,2.3259371900826444,1.6111559407632186,200677.145,119905,996,0,0
Levantine Sea,2012,Jun,13260,0.701216287678477,90589,2.8485867768595043,1.8200634845142014,165782.1118,86813,2057,0,0
Levantine Sea,2017,Jul,15603,0.8251189846641989,236021,3.0477586776859504,1.7151260371768593,408108.21630000003,215899,12290,0,0
Levantine Sea,2018,Jul,5019,0.2654151242728715,37695,2.0249760683760685,1.4685875849377397,56703.6758,36631,4,0,0
Levantine Sea,2019,Aug,4772,0.2523532522474881,26568,1.8519699115044248,1.3322468410720796,35419.3124,26475,4,0,0
Levantine Sea,2020,Nov,14219,0.75193019566367,240986,2.750377685950413,1.719916061388983,427059.2001,226016,10168,0,0
Levantine Sea,2020,Dec,11855,0.6269169751454258,214692,2.4031570247933884,1.4868436566670296,336560.3039,202285,4932,0,0
Levantine Sea,2021,Jul,10127,0.5355367530407192,73558,2.9338438016528925,1.635485547725166,120099.899,69390,2669,6,0
Levantine Sea,2012,May,4502,0.23807509254362771,29078,2.201673043478261,1.6780056200975182,47421.6282,28948,84,0,0
Levantine Sea,2014,Dec,3616,0.19122157588577474,31907,1.830270588235294,1.3016357515756407,43658.0425,30926,232,0,0
Levantine Sea,2016,May,2130,0.11263881544156532,5020,1.9750138613861385,1.6189730213298323,7873.5919,4997,13,0,0
Levantine Sea,2016,Sep,1691,0.08942358540454785,10775,1.6777912621359223,1.3146219672448185,14618.5786,10685,0,0,0
Levantine Sea,2023,Apr,2090,0.11052353252247488,11758,2.2688344827586207,1.4462222450892228,16370.1146,11298,430,0,0
Levantine Sea,2008,May,2410,0.1274457958751983,12822,2.6873226666666667,1.7741729327238023,24049.299,11071,1751,0,0
Levantine Sea,2008,Jun,4878,0.2579587519830777,24599,2.229444897959184,1.6484485654282237,40542.1811,24540,44,0,0
Levantine Sea,2010,Sep,10152,0.5368588048651507,124730,2.252268907563025,1.4204675882145026,182376.6152,119510,2200,0,0
Levantine Sea,2012,Jul,18152,0.9599153886832364,272207,2.936601680672269,1.7186988614661194,474046.1401,247099,18416,20,0
Levantine Sea,2012,Aug,17462,0.9234267583289265,268402,2.3665361344537814,1.4953064982781754,393688.3784,255635,3186,0,0
Levantine Sea,2019,Nov,10265,0.5428344791115812,165887,2.291688888888889,1.579573741376644,267977.2523,159914,2415,0,0
Levantine Sea,2019,Dec,6722,0.35547329455314647,86215,2.0350943396226415,1.4498317248277237,135455.6427,83837,997,0,0
Levantine Sea,1982,Jan,213,0.01126388154415653,1533,1.403025925925926,1.1320145117404123,1959.349,1528,0,0,0
Levantine Sea,1982,Nov,35,0.0018508725542041248,181,1.4344428571428571,1.2113179478401213,220.2995,181,0,0,0
Levantine Sea,1989,Apr,2616,0.13833950290851402,10206,2.4520817307692306,1.8302013877493684,18585.9385,9850,351,0,0
Levantine Sea,1989,May,1536,0.08122686409307245,5402,2.215303225806452,1.8422881228580044,10592.6427,5395,7,0,0
Levantine Sea,1990,Nov,1460,0.07720782654680064,6835,1.5673651515151514,1.2561735373199072,9117.7003,6824,0,0,0
Levantine Sea,1994,Sep,5669,0.299788471708091,22240,1.856272033898305,1.40345614921023,31969.3831,22225,10,0,0
Levantine Sea,1997,Jan,4021,0.21263881544156532,45927,2.0026083333333333,1.26105701212462,59666.651,42978,1836,0,0
Levantine Sea,1999,Sep,1699,0.08984664198836595,11137,1.56331,1.168228117845029,13197.0619,10991,0,0,0
Levantine Sea,1999,Oct,2161,0.11427815970386039,16399,2.3232763157894736,1.3115841217877686,21996.8038,15165,656,308,0
Levantine Sea,2000,Jun,2490,0.13167636171337915,14167,2.2615342342342344,1.718673586271782,24598.1255,14142,25,0,0
Levantine Sea,2002,Jul,3066,0.16213643574828132,14534,2.32205,1.64426549822801,23550.9438,13205,1159,0,0
Levantine Sea,2002,Aug,3543,0.1873611845584347,18967,2.2771231707317074,1.5024111279609695,28310.3659,18534,340,0,0
Levantine Sea,2003,Jan,1172,0.06197778952934955,7774,1.4637511904761904,1.0890006296573027,8570.6025,7523,90,0,0
Levantine Sea,2005,Dec,115,0.006081438392384982,889,1.5726533333333332,1.246149278263224,1038.5894,882,0,0,0
Levantine Sea,2007,Nov,742,0.03923849814912744,3963,1.5292019230769232,1.2969902980149117,5104.9456,3959,0,0,0
Levantine Sea,2008,Sep,4852,0.256583818085669,35513,2.062169491525424,1.4618459879609225,51086.2568,34978,425,0,0
Levantine Sea,2009,Jul,2192,0.11591750396615547,11909,1.8664130952380953,1.4460672410390811,17032.9926,11827,0,0,0
Levantine Sea,2010,Jan,3213,0.16991010047593866,28169,1.7165228070175438,1.2148035715626797,36138.6135,27244,230,0,0
Levantine Sea,2010,Apr,1281,0.06774193548387097,7784,1.8915514018691588,1.4578978801649074,11388.4664,7710,0,0,0
Levantine Sea,2010,Aug,12361,0.6536753040719196,168513,2.5954576271186443,1.6146193838934417,293615.6997,125330,39873,0,0
Levantine Sea,2010,Oct,4287,0.22670544685351665,29384,1.8998508474576272,1.4529281124858242,42316.82,29047,21,0,0
Levantine Sea,2014,Jan,2793,0.14769962982548915,17561,1.6294767441860465,1.079342415379629,18545.3854,17213,41,0,0
Levantine Sea,2015,Dec,1093,0.05780010576414595,6899,1.6240261363636364,1.2939460514118297,9497.0712,6761,20,0,0
Levantine Sea,2016,Jul,6609,0.34949762030671605,40562,2.1260372881355933,1.5036107744246126,61778.269,40488,24,0,0
Levantine Sea,2017,May,2243,0.11861448968799577,13945,2.5256915492957748,1.7416766955059861,23497.2497,13637,304,0,0
Levantine Sea,2018,Aug,2697,0.14262295081967213,13964,1.75932,1.2520504465527948,16975.2505,13877,5,0,0
Levantine Sea,2018,Sep,8694,0.4597567424643046,69016,2.0580966101694917,1.3649319209798618,92914.4054,67898,215,0,0
Levantine Sea,2018,Nov,3222,0.170386039132734,25390,1.972802752293578,1.4915143732241727,37831.0512,24870,0,0,0
Levantine Sea,2019,May,1862,0.09846641988365944,6187,2.8037781609195402,2.0345726545898186,12908.495499999999,5700,487,0,0
Levantine Sea,2019,Oct,4728,0.25002644103648863,50010,2.050203092783505,1.4690727347144386,78257.6877,48770,0,0,0
Levantine Sea,2020,Apr,81,0.004283447911158117,471,2.4845411764705885,1.8363960891050617,880.7487,456,15,0,0
Levantine Sea,2020,Jul,1105,0.05843469063987308,6858,2.012175280898876,1.5063541766105677,10526.6632,6802,29,0,0
Levantine Sea,2021,Jun,6073,0.32115282919090427,23619,2.4902025862068964,1.6675032981092737,39592.7011,23135,343,1,0
Levantine Sea,2021,Sep,3361,0.17773664727657323,20288,1.912001724137931,1.3543746401940038,27221.9996,20108,42,0,0
Levantine Sea,2021,Nov,852,0.04505552617662612,5036,1.750662857142857,1.452975265916442,7387.6776,5032,0,0,0
Levantine Sea,2022,May,2291,0.12115282919090428,11006,2.6267495327102806,1.8837971674500311,21603.7925,10376,372,0,0
Levantine Sea,2022,Jun,11217,0.5931782125859334,88089,3.0791042372881354,1.8064885954045211,156339.0264,84496,2620,99,0
Levantine Sea,2022,Jul,7481,0.39561078794288734,53518,2.373154237288136,1.5252647779205493,79619.8475,52957,146,0,0
Levantine Sea,2022,Aug,6787,0.35891062929666845,46504,2.1499754237288133,1.3836342132750972,64142.1814,43512,965,0,0
Levantine Sea,2022,Sep,5824,0.3079851930195664,53089,2.000825,1.3185748008390261,74410.8869,52061,335,0,0
Levantine Sea,2022,Dec,14888,0.7873083024854575,183673,2.321763559322034,1.425242733750649,260471.5461,174155,5247,0,0
Levantine Sea,1993,Oct,96,0.005076679005817028,511,2.1555846153846154,1.5219733135319526,775.7822,495,16,0,0
Levantine Sea,1997,Feb,2192,0.11591750396615547,17738,1.5698,1.0817111418634036,19653.2018,17011,472,0,0
Levantine Sea,2006,May,1861,0.09841353781068218,5076,2.051997802197802,1.6786547715109206,8222.6586,5069,1,0,0
Levantine Sea,2008,Jul,5728,0.30290851401374935,31214,2.094901754385965,1.509199308379583,47601.5674,31051,48,0,0
Levantine Sea,2011,Mar,11356,0.60052882072977265,134517,1.9815316239316239,1.171683167608357,162625.8404,125533,5293,22,0
Levantine Sea,2011,Sep,1729,0.09143310417768377,13701,1.8559413793103448,1.428132651917921,20762.8992,13444,0,0,0
Levantine Sea,2013,Jan,137,0.007244843997884717,509,1.4126184210526316,1.2307897301606558,650.3746,509,0,0,0
Levantine Sea,2014,Sep,2085,0.11025912215758858,16642,1.686103,1.324683358949877,21034.4063,16456,5,0,0
Levantine Sea,2017,Jun,7507,0.3969857218402961,20457,2.0819871794871796,1.553031600503187,31447.2734,20344,89,0,0
Levantine Sea,2017,Dec,1031,0.05452141723955579,6999,1.5780170731707317,1.249346227673534,9945.9977,6759,94,0,0
Levantine Sea,2021,Mar,3733,0.19740877842411422,11586,1.5278618181818182,1.1730567282288586,13427.5072,11555,15,0,0
Levantine Sea,2021,Dec,603,0.03188789000528821,2231,1.568063953488372,1.3341100300572495,3002.9455,2229,0,0,0
Levantine Sea,2022,Apr,18,9.518773135906928e-4,97,2.821,2.1779243148148146,205.27440000000001,97,0,0,0
Levantine Sea,2015,Mar,143,0.007562136435748282,957,1.3205133333333334,1.11717325926242,1037.0099,957,0,0,0
Levantine Sea,1985,Feb,203,0.010735060814383924,1136,1.203705,0.9889832361389111,1175.1341,1136,0,0,0
Levantine Sea,2003,May,9987,0.5281332628239027,87112,2.9138765217391303,1.9244917410089946,168580.3836,82391,3226,0,0
Levantine Sea,2005,Jul,21,0.0011105235325224749,32,1.19164,1.1356275,36.9062,32,0,0,0
Levantine Sea,2005,Aug,36,0.0019037546271813855,165,1.5910538461538462,1.2790976252913753,218.801,165,0,0,0
Levantine Sea,2017,Mar,357,0.018878900052882074,1940,1.303265,1.0237849401409018,1983.1372000000001,1863,18,0,0
Levantine Sea,2017,Apr,1,5.288207297726071e-5,1,1.7905,1.7905,1.7905,1,0,0,0
Levantine Sea,2001,Feb,160,0.008461131676361713,853,1.1523766666666666,0.9449155217811275,831.6961,850,0,0,0
Levantine Sea,2002,Mar,1287,0.06805922792173454,9595,1.5613564705882352,1.178089126303073,11183.5946,8851,463,0,0
Levantine Sea,2012,Sep,4643,0.24553146483342148,41033,2.0292,1.4335129762920995,62798.8283,40235,22,0,0
Levantine Sea,2017,Sep,1815,0.09598096245372818,17057,1.894029906542056,1.3900550259847326,26012.9882,16754,0,0,0
Levantine Sea,2018,Dec,1969,0.10412480169222633,7848,1.7896866666666666,1.4358797599711506,11272.1549,7815,0,0,0
Levantine Sea,1990,May,556,0.029402432575356956,3370,2.4751738095238096,1.6454356160289152,5621.6147,3109,261,0,0
Levantine Sea,1994,Nov,608,0.03215230037017451,2191,1.8747892857142858,1.5339853867317375,3333.4232,2011,55,0,0
Levantine Sea,1998,Aug,9341,0.4939714436805923,77807,2.5256675675675675,1.559315801082037,123084.4071,70845,5830,0,0
Levantine Sea,2003,Jun,2107,0.11142252776308831,11744,2.3448202127659576,1.6739332434001248,19883.1556,11410,11,0,0
Levantine Sea,2010,May,4510,0.2384981491274458,25361,2.5805194444444446,1.8356488509672788,47489.1683,25309,50,0,0
Levantine Sea,2015,Jul,2815,0.1488630354309889,10122,1.8305551282051282,1.4148431018989542,15245.8959,10076,16,0,0
Levantine Sea,1994,May,2474,0.130830248545743,14724,2.715614736842105,1.944977870901986,31095.0536,13749,969,0,0
Levantine Sea,1999,Nov,2180,0.11528291909042834,18722,1.909015873015873,1.3006882882345085,24756.1078,18492,110,0,0
Levantine Sea,2003,Jul,3970,0.20994182971972503,25138,2.362354081632653,1.6325966014128954,41909.2937,24195,830,0,0
Levantine Sea,2011,Jul,1271,0.06721311475409836,4916,1.8653473684210526,1.4137263878347242,7172.8838000000005,4886,4,0,0
Levantine Sea,2011,Aug,1067,0.05642517186673718,6558,1.65086,1.2594006705978347,8804.386,6551,0,0,0
Levantine Sea,2009,Feb,2384,0.12607086197778952,20261,1.5702740740740742,1.047618309919131,21127.9498,19771,261,0,0
Levantine Sea,2016,Jan,800,0.04230565838180857,3180,1.421676811594203,1.1729220262368196,3531.1683,3116,46,0,0
Levantine Sea,1998,Sep,1248,0.06599682707562136,8117,1.8623797101449275,1.2925641654626232,10555.3492,7881,213,0,0
Levantine Sea,2008,Dec,2604,0.1377049180327869,20032,1.9269824175824175,1.3745221633752547,28214.8895,19357,147,0,0
Levantine Sea,2014,Jun,1,5.288207297726071e-5,1,1.2888,1.2888,1.2888,1,0,0,0
Levantine Sea,2015,Nov,2016,0.10661025912215759,10811,1.7956373333333333,1.4079937593194343,16992.1768,10665,2,0,0
Levantine Sea,1995,Mar,210,0.011105235325224748,1107,1.4332964285714285,1.0409952914867397,1344.9023,1065,30,0,0
Levantine Sea,2003,Aug,1585,0.08381808566895822,10894,1.8188423529411766,1.3771827409597506,14659.8428,10611,234,0,0
Levantine Sea,2007,Mar,300,0.015864621893178214,2379,1.3728823529411764,1.0543599464054336,2945.489,2188,46,0,0
Levantine Sea,2022,Nov,1324,0.07001586462189317,10106,1.7793344086021505,1.400506902432062,15341.0684,10027,7,0,0
Levantine Sea,1989,Jun,3,1.5864621893178213e-4,15,1.62985,1.3140649999999998,19.7636,15,0,0,0
Levantine Sea,1999,Jun,1611,0.085193019566367,16326,2.440901265822785,1.7189372011846207,28326.4196,15276,328,0,0
Levantine Sea,2016,Jun,3874,0.20486515071390798,21360,2.640174074074074,1.7852104154771133,39994.525,19640,1593,0,0
Levantine Sea,1990,Jul,1,5.288207297726071e-5,5,1.9267,1.4935,7.4675,5,0,0,0
Levantine Sea,1998,Dec,3469,0.1834479111581174,35161,2.09070989010989,1.4697221416562087,52671.7398,34550,44,0,0
Levantine Sea,2003,Feb,303,0.016023268112109995,982,1.1535941176470588,0.9984420910180888,1002.3572,982,0,0,0
Levantine Sea,2003,Dec,778,0.041142252776308834,3924,1.652792,1.3050304955835945,5279.2164,3911,13,0,0
Levantine Sea,1986,Feb,243,0.012850343733474353,1127,1.2507485714285713,0.9688038720904678,1100.7801,1112,15,0,0
Levantine Sea,1986,Mar,376,0.019883659439450026,1288,1.1370309523809523,1.006043203249078,1375.7786,1288,0,0,0
Levantine Sea,1995,Feb,435,0.023003701745108407,3911,1.7182911764705882,1.1531361550353594,4889.8745,3772,62,0,0
Levantine Sea,1998,Mar,177,0.009360126916975145,796,1.1320411764705882,0.9377888951048986,751.0417,796,0,0,0
Levantine Sea,2008,Jan,2187,0.11565309360126917,18838,1.8657141176470589,1.2202888981987523,23291.8008,17951,515,0,0
Levantine Sea,1991,Mar,464,0.02453728186144897,2614,1.317945,1.04896693391994,2880.32,2593,21,0,0
Levantine Sea,2009,Aug,1400,0.074034902168165,8747,1.752077027027027,1.3492878089044829,11931.7661,8652,22,0,0
Levantine Sea,1991,Feb,451,0.023849814912744578,2773,1.4534270833333334,1.087781406259338,3344.9132,2598,157,0,0
Levantine Sea,2003,Nov,967,0.0511369645690111,4535,1.8451791666666666,1.397321635511708,6536.6148,4416,89,0,0
Levantine Sea,2016,Nov,2198,0.11623479640401904,20723,1.9395666666666667,1.4684609470786552,30826.422599999998,20296,0,0,0
Levantine Sea,2022,Oct,1150,0.060814383923849816,5802,1.6939413793103448,1.3598052403392555,7972.3171,5767,0,0,0
Levantine Sea,1998,Feb,946,0.05002644103648863,5315,1.5040839285714285,1.0829735866353674,5882.1533,5144,171,0,0
Levantine Sea,2006,Jan,366,0.01935483870967742,3192,1.3647916666666666,1.0707673345862074,3701.5972,3149,0,0,0
Levantine Sea,2008,Nov,622,0.03289264939185616,2837,1.64025,1.4059245512432608,4201.754,2823,0,0,0
Levantine Sea,2008,Feb,677,0.0358011634056055,4546,1.5561106382978724,1.0961852476441007,5123.5901,4362,158,0,0
Levantine Sea,2018,Jan,2307,0.12199894235854046,23587,1.6150846153846155,1.175733204063186,31258.3847,21956,880,0,0
Levantine Sea,1998,Jan,602,0.03183500793231095,4646,1.4345605263157895,1.1349289251414012,5360.5026,4509,9,0,0
Levantine Sea,2002,Dec,426,0.02252776308831306,2120,1.7420116279069768,1.3955118674000029,3076.7081,2116,2,0,0
Levantine Sea,2010,Jul,420,0.022210470650449496,2676,1.732194,1.3623003171643975,3597.8418,2664,12,0,0
Levantine Sea,2015,Jan,2644,0.1398202009518773,16013,1.499260824742268,1.1505998755147517,19433.8645,15721,57,0,0
Levantine Sea,1984,Dec,2,1.0576414595452142e-4,10,1.0078999999999998,0.92716,9.2716,10,0,0,0
Levantine Sea,2007,Jul,3911,0.20682178741406665,23033,2.5042377777777776,1.6631546490543792,40835.3368,18454,4525,0,0
Levantine Sea,1997,Jun,837,0.04426229508196721,4077,2.158322666666667,1.649285744406185,7025.9919,4032,45,0,0
Levantine Sea,2001,Oct,1367,0.07228979375991539,7656,1.7111911764705883,1.331679425375646,9878.9596,7515,2,0,0
Levantine Sea,2004,Oct,1061,0.05610787942887361,3402,1.9072678571428572,1.5874689753928233,5778.775,3320,0,0,0
Levantine Sea,2006,Aug,146,0.0077207826546800635,880,1.3131363636363635,1.070240842959945,918.4951,880,0,0,0
Levantine Sea,2007,Oct,185,0.00978318350079323,890,1.6272625,1.3679827418191224,1370.0937,890,0,0,0
Levantine Sea,2013,Apr,8484,0.44865150713907986,19597,2.6689828282828283,1.776722539965024,35236.548,18642,955,0,0
Levantine Sea,2014,Oct,383,0.020253833950290852,2842,1.2967363636363636,1.0383818663638003,3051.4766,2807,0,0,0
Levantine Sea,1993,May,4,2.1152829190904283e-4,4,1.60515,1.60515,6.4206,4,0,0,0
Levantine Sea,1993,Jun,4,2.1152829190904283e-4,16,1.4465249999999998,1.32841875,21.2547,16,0,0,0
Levantine Sea,1994,Mar,63,0.0033315705975674246,318,1.08358,0.9250196161616162,290.1773,318,0,0,0
Levantine Sea,2001,Sep,878,0.0464304600740349,4574,1.8737142857142857,1.3624230769446295,6271.4807,4489,50,0,0
Levantine Sea,2013,Nov,179,0.009465891062929667,830,1.2780108108108108,1.1253270988714656,948.7317,830,0,0,0
Levantine Sea,2013,Dec,113,0.00597567424643046,308,1.1447363636363637,1.0123057624029197,317.774,308,0,0,0
Levantine Sea,1998,Oct,1089,0.05758857747223691,10305,1.5526093023255814,1.160856662916002,12582.6364,10194,15,0,0
Levantine Sea,2002,Sep,519,0.027445795875198308,4483,1.489185294117647,1.1137120246112835,5144.5936,4317,0,0,0
Levantine Sea,2006,Feb,72,0.003807509254362771,397,1.117905882352941,0.9442281160943313,377.2425,397,0,0,0
Levantine Sea,2007,Jun,2287,0.12094130089899524,12016,2.3063213483146066,1.696974486098701,20328.802,11996,19,0,0
Levantine Sea,1995,Sep,75,0.003966155473294554,431,1.2899809523809525,1.0361542237360888,505.4535,420,0,0,0
Levantine Sea,1997,May,293,0.015494447382337387,1540,2.234057142857143,1.7489357101064873,2591.521,1536,4,0,0
Levantine Sea,1999,Aug,895,0.047329455314648335,5022,1.7058949152542373,1.2810077053673319,6535.2424,5014,2,0,0
Levantine Sea,1994,Feb,104,0.005499735589635114,420,1.5435774193548386,1.168387129875536,505.0802,406,14,0,0
Levantine Sea,1997,Jul,552,0.02919090428344791,2966,1.8433016129032258,1.5128847487921424,4568.4645,2966,0,0,0
Levantine Sea,1999,Dec,1459,0.07715494447382337,11147,1.7582046153846154,1.2807938279712086,15616.4281,10846,121,0,0
Levantine Sea,2000,May,25,0.0013220518244315177,129,1.9923222222222223,1.5355017777777777,198.59990000000002,126,3,0,0
Levantine Sea,2014,Aug,937,0.04955050237969329,3527,1.7890428571428572,1.375700541071369,5043.1271,3519,0,0,0
Levantine Sea,1996,Dec,597,0.03157059756742464,4646,1.609043103448276,1.2448093250393613,6058.1933,4457,2,0,0
Levantine Sea,2002,Feb,513,0.027128503437334743,1900,1.2182781818181818,0.9874925640433282,1911.164,1887,2,0,0
Levantine Sea,2004,Dec,201,0.010629296668429402,2031,1.735605,1.293269707408474,3319.8265,1998,1,0,0
Levantine Sea,2007,Dec,775,0.040983606557377046,4728,1.6258213114754099,1.3144148829437128,6498.3814,4701,0,0,0
Levantine Sea,2009,Oct,428,0.022633527234267585,2551,1.7725274193548388,1.4405413702827874,3718.4085999999998,2541,0,0,0
Levantine Sea,2013,Feb,51,0.002696985721840296,237,1.02434,0.9139322800297883,217.3276,237,0,0,0
Levantine Sea,2015,May,4,2.1152829190904283e-4,20,2.2514,1.8995966666666666,38.802,20,0,0,0
Levantine Sea,1994,Jun,1717,0.09079851930195663,2294,2.0968567901234567,1.7593711960406102,4307.2776,2294,0,0,0
Levantine Sea,1999,Jan,2643,0.13976731887890007,24854,1.8428204545454545,1.263412541116162,33859.2772,24129,266,0,0
Levantine Sea,1999,Feb,1018,0.053833950290851404,5671,1.4564121621621622,1.1096972231952105,6774.2524,5609,51,0,0
Levantine Sea,2020,Feb,444,0.023479640401903756,2687,1.447581818181818,1.1490196576559653,3245.1264,2575,42,0,0
Levantine Sea,1989,Dec,89,0.004706504494976203,506,1.5778684210526315,1.172296026307243,604.3827,462,44,0,0
Levantine Sea,2003,Sep,283,0.014965626652564781,1239,2.241563888888889,1.6310210538734353,2077.0425999999998,1106,126,0,0
Levantine Sea,2009,Mar,9,4.759386567953464e-4,36,0.815375,0.7570625,27.3389,36,0,0,0
Levantine Sea,2011,Apr,1268,0.06705446853516658,6234,1.483424358974359,1.22728159557482,8204.2462,6224,0,0,0
Levantine Sea,1994,Aug,63,0.0033315705975674246,441,1.3684722222222223,1.124971180209352,516.6993,441,0,0,0
Levantine Sea,2000,Jul,2229,0.11787414066631412,13780,2.5095637931034482,1.6935111165260224,24710.6109,13406,374,0,0
Levantine Sea,2009,Jan,284,0.015018508725542041,1525,1.5613488372093023,1.1498007074872667,1773.2916,1508,17,0,0
Levantine Sea,2016,Oct,1638,0.08662083553675304,10605,1.7979385714285714,1.4525200775332787,15703.8462,10598,0,0,0
Levantine Sea,1998,Nov,2118,0.11200423056583818,13096,1.8231255813953489,1.3943082108277807,18154.4723,12627,0,0,0
Levantine Sea,2008,Aug,478,0.02527763088313062,1289,1.528259090909091,1.2619944547545778,1660.4672,1289,0,0,0
Levantine Sea,2009,Nov,68,0.003595980962453728,121,1.6704235294117646,1.5253050420168066,192.2216,119,0,0,0
Levantine Sea,2020,Jan,1079,0.0570597567424643,6819,1.8004514285714286,1.2577144878353963,9416.9936,6458,263,1,0
Levantine Sea,1988,Feb,45,0.002379693283976732,230,1.2132692307692308,0.9920220253357753,233.48930000000001,228,2,0,0
Levantine Sea,1997,Mar,308,0.016287678476996297,1971,1.1798566666666668,0.9783190753622208,1906.1559,1971,0,0,0
Levantine Sea,2000,Nov,397,0.020994182971972503,2895,1.7947405405405406,1.478534925991391,4482.4367,2892,0,0,0
Levantine Sea,2004,Jul,35,0.0018508725542041248,175,1.7157222222222221,1.3650204867724867,238.3459,175,0,0,0
Levantine Sea,2010,Jun,656,0.034690639873083025,3367,2.48255625,1.8306929191690884,6183.3460000000005,3168,199,0,0
Levantine Sea,1990,Jan,305,0.016129032258064516,2203,1.248140909090909,1.0215473667134087,2347.7434,2203,0,0,0
Levantine Sea,1990,Jun,28,0.0014806980433632998,29,1.41951,1.3745046666666667,38.7115,29,0,0,0
Levantine Sea,2007,Feb,182,0.00962453728186145,849,1.4038588235294118,1.122804571237534,1066.3017,849,0,0,0
Levantine Sea,1998,Jul,56,0.0029613960867265997,153,1.5685,1.415236984126984,205.5767,153,0,0,0
Levantine Sea,2002,Nov,518,0.027392913802221048,3400,1.6910484375,1.3410951568326972,4599.9919,3332,0,0,0
Levantine Sea,2003,Oct,191,0.010100475938656796,270,1.41225,1.2786621293290044,346.1458,270,0,0,0
Levantine Sea,1988,Jul,83,0.004389212057112639,443,1.7023764705882354,1.4233573904180634,696.9473,443,0,0,0
Levantine Sea,2015,Feb,3247,0.17170809095716552,27863,1.4843192307692308,1.0663327679517207,30670.0354,27335,75,0,0
Levantine Sea,1988,Jan,74,0.0039132734003172924,415,1.4392473684210527,1.0525929468368784,443.2564,402,13,0,0
Levantine Sea,1995,Jun,573,0.030301427815970387,2276,2.187972972972973,1.731725966496063,4020.0464,2276,0,0,0
Levantine Sea,2013,Oct,113,0.00597567424643046,772,1.5012611111111112,1.2670264373781306,1000.8612,772,0,0,0
Levantine Sea,2014,Nov,254,0.01343204653622422,1396,1.4707615384615385,1.2831506011437996,1829.6207,1396,0,0,0
Levantine Sea,2007,Jan,155,0.00819672131147541,710,1.4733533333333333,1.2063842017840136,835.792,703,0,0,0
Levantine Sea,1986,Jan,2,1.0576414595452142e-4,6,0.8584,0.8300666666666667,4.9804,6,0,0,0
Levantine Sea,1997,Dec,7,3.7017451084082496e-4,25,1.24934,1.13077,28.1191,25,0,0,0
Levantine Sea,2000,Jan,497,0.026282390269698572,3018,2.061471875,1.4427467636944222,4216.7907,2856,72,5,0
Levantine Sea,2011,Oct,383,0.020253833950290852,1338,1.6726177777777778,1.4105135283981882,1906.4363,1338,0,0,0
Levantine Sea,2016,Dec,141,0.0074563722897937595,870,1.5359333333333334,1.2011990959762655,1068.8855,867,0,0,0
Levantine Sea,2005,Jan,276,0.014595452141723956,4260,2.41011,1.4421076002056532,7045.0018,3665,422,1,0
Levantine Sea,2011,Jun,255,0.013484928609201481,1398,1.9366700000000001,1.6117320726662174,2231.9184999999998,1398,0,0,0
Levantine Sea,2013,Sep,60,0.0031729243786356425,283,1.5838642857142857,1.3389240009846044,384.5073,278,0,0,0
Levantine Sea,2017,Feb,126,0.006663141195134849,462,1.0432153846153847,0.938842373739345,421.0569,462,0,0,0
Levantine Sea,1982,Feb,50,0.0026441036488630354,170,1.1046,0.9849203212803321,168.2774,170,0,0,0
Levantine Sea,2005,Mar,39,0.0020624008461131676,219,1.283,1.0825943148926238,237.94830000000002,219,0,0,0
Levantine Sea,1990,Feb,48,0.002538339502908514,282,1.2953384615384615,0.9839852753357753,293.6179,246,36,0,0
Levantine Sea,1990,Mar,13,6.874669487043892e-4,65,1.14972,0.947445,61.747099999999996,65,0,0,0
Levantine Sea,2000,Feb,55,0.002908514013749339,286,1.615575,1.2696125989099467,371.2277,286,0,0,0
Levantine Sea,2006,Oct,71,0.0037546271813855103,463,1.6917222222222221,1.3743478037424266,603.9266,462,0,0,0
Levantine Sea,2006,Dec,67,0.0035430988894764675,516,1.76094,1.3139978206113536,752.7702,514,2,0,0
Levantine Sea,2009,Sep,130,0.006874669487043892,757,1.7775772727272727,1.4425045975466628,1163.4877,757,0,0,0
Levantine Sea,1995,Jul,14,7.403490216816499e-4,76,1.5341,1.3504671497584542,102.4284,76,0,0,0
Levantine Sea,2000,Dec,305,0.016129032258064516,2299,2.4529444444444444,1.5627809695481334,3728.8702,2198,90,0,0
Levantine Sea,2009,May,60,0.0031729243786356425,164,1.8332272727272727,1.5840971309445473,264.3505,164,0,0,0
Levantine Sea,2002,Jan,24,0.001269169751454257,82,1.2195466666666668,1.0964346843434343,94.1477,82,0,0,0
Levantine Sea,1994,Dec,22,0.0011634056054997356,22,1.2778571428571428,1.204357142857143,27.6413,22,0,0,0
Levantine Sea,1995,Jan,24,0.001269169751454257,100,1.5341375,1.2815302083333333,129.7879,100,0,0,0
Levantine Sea,2005,Feb,63,0.0033315705975674246,370,1.9555375,1.484881393790697,559.195,368,0,0,0
Levantine Sea,2001,Dec,49,0.0025912215758857747,245,1.878511111111111,1.4000774509775245,365.5328,245,0,0,0
Levantine Sea,1999,Mar,125,0.006610259122157588,634,1.1964,0.9871769086701238,625.9331999999999,634,0,0,0
Levantine Sea,2005,Oct,34,0.001797990481226864,184,1.5152714285714286,1.2123472134181608,224.4028,184,0,0,0
Levantine Sea,2013,Aug,85,0.00449497620306716,355,1.6197166666666667,1.333574764917453,482.81559999999996,355,0,0,0
Levantine Sea,1995,Dec,39,0.0020624008461131676,351,1.593375,1.2940588595955322,474.13289999999995,351,0,0,0
Levantine Sea,2001,Nov,216,0.011422527763088313,1188,2.4419842105263156,1.7473243512858414,2068.0895,1178,10,0,0
Levantine Sea,2009,Dec,155,0.00819672131147541,691,2.779796296296296,2.003568228176779,1181.6225,539,102,25,0
Levantine Sea,1991,Nov,127,0.00671602326811211,710,1.6828380952380952,1.4608157079359159,1054.6226,710,0,0,0
Levantine Sea,1995,Aug,41,0.002168164992067689,265,1.6049,1.2526556096948045,349.2717,265,0,0,0
Levantine Sea,2002,Oct,24,0.001269169751454257,168,1.6641333333333332,1.4581433764491711,254.5888,168,0,0,0
Levantine Sea,2006,Apr,12,6.345848757271285e-4,60,1.4590666666666665,1.1594877777777777,69.8116,60,0,0,0
Levantine Sea,2007,Apr,17,8.98995240613432e-4,97,1.1694666666666667,1.068881862745098,104.2183,97,0,0,0
Levantine Sea,2008,Oct,37,0.0019566367001586462,84,1.38254,1.28544425,108.6595,84,0,0,0
Levantine Sea,2006,Mar,6,3.1729243786356425e-4,30,1.3437999999999999,1.1395149999999998,34.4872,30,0,0,0
Levantine Sea,1992,Nov,6,3.1729243786356425e-4,30,1.7946666666666666,1.5403433333333334,46.210300000000004,30,0,0,0
Levantine Sea,1995,Nov,2,1.0576414595452142e-4,10,1.8444,1.54649,15.4649,10,0,0,0
Levantine Sea,1996,Oct,1,5.288207297726071e-5,6,1.1783,1.0277666666666667,6.1666,6,0,0,0
Levantine Sea,2017,Oct,202,0.010682178741406662,944,1.6450357142857144,1.4907910705670606,1539.9946,944,0,0,0
Levantine Sea,2022,Jan,1557,0.08233738762559492,14211,1.9202297872340426,1.3426218798160405,19482.9548,13959,120,0,0
Levantine Sea,2001,May,47,0.0024854574299312533,100,2.2264555555555554,2.0487586772486774,207.153,100,0,0,0
Levantine Sea,2001,Jun,47,0.0024854574299312533,173,1.7754666666666667,1.5693404531303654,272.2299,173,0,0,0
Levantine Sea,1994,Apr,177,0.009360126916975145,975,1.9338814814814815,1.5928442880637748,1588.8069,975,0,0,0
Levantine Sea,1995,May,316,0.016710735060814386,1409,2.590326470588235,1.8983958122511682,2847.678,1358,23,0,0
Levantine Sea,2000,Aug,4,2.1152829190904283e-4,20,2.0342,1.67725,33.545,20,0,0,0
Levantine Sea,2017,Nov,16,8.461131676361713e-4,20,1.50625,1.46548125,29.3384,20,0,0,0
Levantine Sea,2022,Feb,560,0.029613960867265997,3847,1.700353846153846,1.214628756641518,4771.3146,3709,42,0,0
Levantine Sea,1999,Jul,584,0.030883130618720254,3652,2.1765176470588234,1.627777080714554,6013.7474,3597,46,0,0
Levantine Sea,2019,Jan,351,0.01856160761501851,866,1.457912,1.2496001494667563,1175.1284,866,0,0,0
Levantine Sea,2019,Feb,27,0.0014278159703860391,130,1.0918375,0.9286752194464742,120.9057,130,0,0,0
Levantine Sea,2021,Oct,104,0.005499735589635114,987,1.8727285714285713,1.4934765600432989,1503.5678,981,0,0,0
Levantine Sea,2019,Mar,11,5.817028027498678e-4,64,1.2213285714285715,1.0590403976975404,67.0988,64,0,0,0
Levantine Sea,1984,Jan,77,0.004071919619249074,508,1.4898333333333333,1.2541774063403386,637.9122,508,0,0,0
Levantine Sea,2013,Jul,19,0.0010047593865679535,102,1.455725,1.3015168434343434,132.1166,102,0,0,0
Levantine Sea,2001,Jul,48,0.002538339502908514,143,1.9250363636363637,1.4963602986385596,214.751,143,0,0,0
Levantine Sea,2006,Sep,21,0.0011105235325224749,113,1.79345,1.5256903715790988,172.30339999999998,113,0,0,0
Levantine Sea,1984,Feb,2,1.0576414595452142e-4,10,1.3368,1.04502,10.4502,10,0,0,0
Levantine Sea,2023,Jun,9,4.759386567953464e-4,17,1.68316,1.6036650000000001,28.203300000000002,17,0,0,0
Levantine Sea,1986,Apr,173,0.009148598625066102,1049,1.9337066666666667,1.4094090054731547,1487.6049,1033,16,0,0
Levantine Sea,1998,Jun,3,1.5864621893178213e-4,15,1.77105,1.5914000000000001,23.7432,15,0,0,0
Levantine Sea,2013,Mar,13,6.874669487043892e-4,13,0.8397749999999999,0.831515,10.9788,13,0,0,0
Levantine Sea,2014,Jul,2,1.0576414595452142e-4,12,2.01045,1.55952,18.6774,12,0,0,0
Levantine Sea,1999,Apr,10,5.288207297726071e-4,10,1.6052666666666666,1.5755055555555555,15.7674,10,0,0,0
Levantine Sea,1996,Jul,1,5.288207297726071e-5,5,1.4396,1.24562,6.2281,5,0,0,0
Tunisian Plateau/Gulf of Sidra,1993,Dec,3916,0.2534135766517828,31470,2.3784530973451328,1.2795892894051009,41447.8894,26355,3640,623,0
Tunisian Plateau/Gulf of Sidra,1994,Jan,1842,0.11920015530964861,16248,1.7386623762376239,1.123787131811025,18885.4883,14923,1011,0,0
Tunisian Plateau/Gulf of Sidra,1994,Jun,1268,0.08205526434996441,4968,2.2442681818181818,1.730877175709187,8641.375,4924,43,0,0
Tunisian Plateau/Gulf of Sidra,1994,Aug,6480,0.41933605125218404,52982,2.206987591240876,1.3976936121273467,76027.7172,50514,1358,0,0
Tunisian Plateau/Gulf of Sidra,1994,Sep,2737,0.17711771177117713,10198,1.577984693877551,1.1865107747809647,12145.1804,9978,71,0,0
Tunisian Plateau/Gulf of Sidra,1997,Jun,4210,0.272439008606743,24695,3.159365306122449,2.0147071371571883,50481.2128,22593,2064,38,0
Tunisian Plateau/Gulf of Sidra,1998,Aug,1345,0.08703811557626351,9881,1.859092857142857,1.3094073992453632,12536.2611,9534,223,0,0
Tunisian Plateau/Gulf of Sidra,1998,Sep,805,0.0520934446385815,3497,1.5823196428571429,1.175856455204321,4209.2294,3391,23,0,0
Tunisian Plateau/Gulf of Sidra,1999,Jun,13393,0.866692551608102,127433,3.473698245614035,2.092263770000988,268538.5761,116704,9684,370,0
Tunisian Plateau/Gulf of Sidra,1999,Sep,10700,0.6924221833948101,105884,1.981151181102362,1.2528946537968086,129774.4934,100720,464,0,0
Tunisian Plateau/Gulf of Sidra,1999,Oct,12122,0.7844431501973727,129290,2.383827067669173,1.4252748809498414,185647.62099999998,123872,1803,31,0
Tunisian Plateau/Gulf of Sidra,1999,Nov,10205,0.6603895683686015,91297,2.453599230769231,1.584466101343718,144973.0624,85984,3955,0,0
Tunisian Plateau/Gulf of Sidra,2000,Dec,3833,0.24804245130395391,36833,1.6240305785123967,1.1219084579231275,44325.1405,35683,267,0,0
Tunisian Plateau/Gulf of Sidra,2001,Jan,5335,0.34524040639358056,44322,1.664414,1.1749312482797198,52967.6495,42822,1254,0,0
Tunisian Plateau/Gulf of Sidra,2001,Mar,8411,0.5442956060311913,63770,2.759659677419355,1.4563301025023616,94978.4082,43920,18184,1318,4
Tunisian Plateau/Gulf of Sidra,2001,Apr,1357,0.08781466381932311,6021,1.509560975609756,1.1244132938857527,7119.2416,5869,41,0,0
Tunisian Plateau/Gulf of Sidra,2001,Sep,1645,0.1064518216527535,14251,2.0931409638554217,1.3804651151534875,19983.4648,12903,937,0,0
Tunisian Plateau/Gulf of Sidra,2002,Jul,2315,0.14980909855691452,14785,2.531270512820513,1.811353196001933,28436.2842,11158,3596,0,0
Tunisian Plateau/Gulf of Sidra,2003,Jul,14876,0.9626609719795509,242630,3.291576258992806,2.0237204464345613,489241.4547,213408,19397,0,0
Tunisian Plateau/Gulf of Sidra,2003,Aug,14971,0.9688086455704394,289162,2.7321510791366905,1.5812915252566389,426579.6023,253906,21400,666,0
Tunisian Plateau/Gulf of Sidra,2003,Sep,9018,0.5835760046592895,37635,2.1714976923076925,1.4577027751920661,54306.2013,28858,8188,0,0
Tunisian Plateau/Gulf of Sidra,2003,Oct,5563,0.35999482301171293,33635,2.13409696969697,1.3430211316935323,46132.1979,31641,1675,0,0
Tunisian Plateau/Gulf of Sidra,2003,Nov,5909,0.38238529735326476,38073,1.8471257425742573,1.318825993980152,50365.6392,37650,13,0,0
Tunisian Plateau/Gulf of Sidra,2007,Jan,8670,0.5610561056105611,160470,1.9571890510948906,1.2249746142893525,212804.6567,135988,16116,5,0
Tunisian Plateau/Gulf of Sidra,2007,Mar,12151,0.7863198084514333,124325,2.1140762589928057,1.2569646871493128,161142.3543,116499,6044,0,0
Tunisian Plateau/Gulf of Sidra,2008,Jul,4526,0.2928881123406458,35900,2.3192815217391303,1.6679704588235633,61893.3352,35357,74,0,0
Tunisian Plateau/Gulf of Sidra,2010,Feb,4194,0.27140361094933024,22267,2.0418960396039605,1.298894613028299,27609.0635,22177,82,0,0
Tunisian Plateau/Gulf of Sidra,2010,Mar,7702,0.4984145473370867,90199,2.0721714285714286,1.1727500022757742,107190.9524,85551,252,0,0
Tunisian Plateau/Gulf of Sidra,2010,Apr,8746,0.5659742444832718,104151,2.196707913669065,1.4452075499576615,156342.4291,96001,4592,0,0
Tunisian Plateau/Gulf of Sidra,2010,May,6673,0.43182553549472596,29465,2.0852688524590164,1.4992355298949067,46496.5218,28130,148,1,0
Tunisian Plateau/Gulf of Sidra,2010,Dec,3039,0.19666084255484373,21710,1.4401067567567567,1.079250241989901,25452.5987,21541,1,0,0
Tunisian Plateau/Gulf of Sidra,2011,Jan,8533,0.552190513168964,95341,1.7480752293577981,1.1014588226610678,106015.1364,90123,1465,0,0
Tunisian Plateau/Gulf of Sidra,2011,Feb,10427,0.6747557108652041,156126,1.8547336538461539,1.1972874406245508,184868.9593,144935,4584,0,0
Tunisian Plateau/Gulf of Sidra,2011,Sep,1637,0.10593412282404711,10781,1.5428893333333333,1.1611987734126934,12726.5324,10737,0,0,0
Tunisian Plateau/Gulf of Sidra,2011,Oct,106,0.0068595094803598,326,1.8341315789473684,1.3330185037593985,439.2326,270,56,0,0
Tunisian Plateau/Gulf of Sidra,2012,Aug,13517,0.8747168834530512,147766,2.0577093525179855,1.3752870415148049,198979.6896,143092,450,0,0
Tunisian Plateau/Gulf of Sidra,2012,Sep,8021,0.5190577881317544,30093,1.609874358974359,1.191465824575148,35374.5737,30040,0,0,0
Tunisian Plateau/Gulf of Sidra,2012,Oct,14192,0.9183977221251537,254465,2.1340626984126985,1.4049938090665222,359236.2252,247021,1551,0,0
Tunisian Plateau/Gulf of Sidra,2012,Nov,14417,0.9329580016825212,272600,2.209090579710145,1.424454835639377,405542.0865,255580,7140,0,0
Tunisian Plateau/Gulf of Sidra,2012,Dec,6034,0.3904743415518022,30239,1.5154733333333334,1.1756493676412696,37019.3474,29309,78,0,0
Tunisian Plateau/Gulf of Sidra,2015,Aug,14879,0.9628551090403158,195869,2.465098561151079,1.5744999609404244,306445.7729,182772,9212,0,0
Tunisian Plateau/Gulf of Sidra,2015,Nov,1895,0.12262991004982851,12919,1.5912079207920793,1.2121506672823004,15670.7577,12854,0,0,0
Tunisian Plateau/Gulf of Sidra,2016,Jan,7976,0.5161457322202808,94748,1.6765460431654677,1.1204708376906973,107976.1411,90131,1958,0,0
Tunisian Plateau/Gulf of Sidra,2016,Feb,6023,0.38976250566233095,63902,1.6788726618705037,1.142054120390616,74054.7972,61165,729,0,0
Tunisian Plateau/Gulf of Sidra,2016,Mar,7540,0.48793114605578203,64959,1.8462496402877697,1.1176910444795678,74059.8589,62211,2091,18,0
Tunisian Plateau/Gulf of Sidra,2016,Apr,9022,0.5838348540736427,82952,2.11234375,1.3395707568578932,119434.2497,72294,7359,16,0
Tunisian Plateau/Gulf of Sidra,2016,Nov,6077,0.3932569727560991,67537,2.1466877192982454,1.2908439917097885,86300.3141,64999,663,235,0
Tunisian Plateau/Gulf of Sidra,2017,May,3225,0.20869734032226753,16471,2.447592307692308,1.7220580263491605,29180.5151,15367,921,69,0
Tunisian Plateau/Gulf of Sidra,2017,Aug,12686,0.8209409176211739,103564,2.5037744360902257,1.5386728357907222,158385.6337,97962,4585,0,0
Tunisian Plateau/Gulf of Sidra,2018,Mar,6742,0.4362906878923186,62111,2.0743734513274337,1.1874907401107146,74398.111,59953,1548,8,0
Tunisian Plateau/Gulf of Sidra,2018,May,6392,0.4136413641364136,38417,2.2523176470588235,1.6163812910271353,61972.0555,38026,124,0,0
Tunisian Plateau/Gulf of Sidra,2019,Jun,10172,0.6582540607001877,80888,2.7189444444444444,1.9123826481683845,163424.5825,78627,54,0,0
Tunisian Plateau/Gulf of Sidra,2019,Jul,14017,0.9070730602472011,162762,3.3277280575539567,2.1301657623462718,350726.4971,148202,12047,0,0
Tunisian Plateau/Gulf of Sidra,2020,May,10338,0.6689963113958455,96406,3.3744208633093526,1.8057016465511204,183231.9841,80682,14683,608,0
Tunisian Plateau/Gulf of Sidra,2020,Aug,4285,0.27729243512586554,22457,2.394734351145038,1.6568267369482448,33647.88,21921,369,0,0
Tunisian Plateau/Gulf of Sidra,2020,Oct,3961,0.2563256325632563,37116,1.7878450450450452,1.2291440838915544,47367.6538,35742,291,0,0
Tunisian Plateau/Gulf of Sidra,2020,Nov,2607,0.1687051058046981,19887,1.8033231481481482,1.2730064844637776,25762.751800000002,19256,94,0,0
Tunisian Plateau/Gulf of Sidra,2021,Feb,6774,0.43836148320714424,92708,2.2825477064220183,1.1705121450709528,108848.8101,85673,2969,643,0
Tunisian Plateau/Gulf of Sidra,2021,Apr,5041,0.32621497443862035,18412,1.9114473684210527,1.2278714714644734,21841.9384,17954,421,37,0
Tunisian Plateau/Gulf of Sidra,2021,May,1830,0.11842360706658901,12466,2.9683328358208954,1.7812589849437308,22469.7983,10294,1933,130,0
Tunisian Plateau/Gulf of Sidra,2021,Jun,7517,0.48644276192325114,37485,3.905837037037037,2.4648855390597135,99574.9921,26059,10757,640,0
Tunisian Plateau/Gulf of Sidra,2021,Jul,10026,0.6488060570762959,89729,3.933051282051282,2.1857328902306206,200129.6641,66707,16983,1677,0
Tunisian Plateau/Gulf of Sidra,2021,Aug,10801,0.6989581311072284,118997,2.7537565891472866,1.640442509833085,196976.9934,102197,14534,0,0
Tunisian Plateau/Gulf of Sidra,2021,Sep,8528,0.5518669514010225,74572,2.184554761904762,1.3722712781794137,105525.7604,68777,2803,0,0
Tunisian Plateau/Gulf of Sidra,2022,Jun,15416,0.9976056429172329,356162,4.067720143884892,2.3103120761684672,830380.9068,287985,56107,2283,0
Tunisian Plateau/Gulf of Sidra,2022,Jul,15397,0.9963761081990552,332760,3.7146021582733812,2.2722000976404417,750141.4404,279521,50029,1,0
Tunisian Plateau/Gulf of Sidra,2022,Aug,14773,0.9559955995599559,389874,3.1324712230215828,1.7802023389748827,644209.1828,332665,47996,9,0
Tunisian Plateau/Gulf of Sidra,2022,Sep,14325,0.9270044651523975,304885,2.842541726618705,1.6132462166060764,476657.8371,241506,54910,898,0
Tunisian Plateau/Gulf of Sidra,2022,Dec,15113,0.977997799779978,189721,2.3120669064748203,1.3132760204094909,252040.0019,165961,18858,480,18
Tunisian Plateau/Gulf of Sidra,2023,Jan,15416,0.9976056429172329,385951,2.620997122302158,1.4564080218157511,569219.9834,220737,142496,2599,0
Tunisian Plateau/Gulf of Sidra,2023,Feb,11584,0.7496279039668673,173657,1.9123970802919708,1.1856250626948792,206371.6757,157634,9979,0,0
Tunisian Plateau/Gulf of Sidra,2023,Mar,13693,0.886106257684592,333972,2.496668345323741,1.3683500655857237,475972.1816,254002,68616,98,0
Tunisian Plateau/Gulf of Sidra,2023,Apr,12049,0.7797191483854268,105479,2.452323741007194,1.417094336500436,148083.5509,92234,10447,82,0
Tunisian Plateau/Gulf of Sidra,2023,Jul,15365,0.9943053128842296,268970,0.36510575539568346,0.23162584839594752,14177.2471,150858,103154,5577,0
Tunisian Plateau/Gulf of Sidra,2023,Aug,15286,0.9891930369507539,92613,0.8851143884892086,0.6455514421506238,22345.6228,61003,27325,95,0
Tunisian Plateau/Gulf of Sidra,2023,Oct,14201,0.9189801333074484,154789,2.174782014388489,1.4816335466012938,230816.9864,151688,484,0,0
Tunisian Plateau/Gulf of Sidra,2023,Nov,15418,0.9977350676244094,387924,2.683487769784173,1.6916813249720253,664232.7927,322079,56764,816,0
Tunisian Plateau/Gulf of Sidra,2023,Dec,11323,0.732737979680321,207950,2.219414388489209,1.3286886146957584,283213.9441,170755,31407,409,0
Tunisian Plateau/Gulf of Sidra,1999,May,5020,0.32485601501326605,32695,2.9641765765765764,1.851831575808509,59673.0608,29345,3058,0,0
Tunisian Plateau/Gulf of Sidra,2001,Aug,225,0.014560279557367502,225,1.6899911764705882,1.5346129181084198,331.7472,225,0,0,0
Tunisian Plateau/Gulf of Sidra,2006,Dec,6359,0.41150585646799975,107476,1.986978947368421,1.2763760256060974,146522.1216,97476,5193,0,0
Tunisian Plateau/Gulf of Sidra,2018,Sep,13429,0.8690221963372807,218423,2.132458695652174,1.3568709388790805,292025.0472,206613,5843,0,0
Tunisian Plateau/Gulf of Sidra,1994,May,4070,0.263379279104381,23569,3.064724761904762,2.050162135932129,48205.3264,21752,1764,17,0
Tunisian Plateau/Gulf of Sidra,2001,Jun,73,0.0047240018119459005,300,2.0287545454545453,1.5541932597957597,529.2723,300,0,0,0
Tunisian Plateau/Gulf of Sidra,2002,Mar,2591,0.16766970814728532,19008,1.7754872340425532,1.1170721642940282,23303.8388,17344,1274,5,0
Tunisian Plateau/Gulf of Sidra,2010,Aug,323,0.020902090209020903,1824,1.7170654545454545,1.4012619862699107,2544.9131,1823,1,0,0
Tunisian Plateau/Gulf of Sidra,2010,Sep,122,0.0078949071377726,160,1.296659090909091,1.2267198661944116,205.7853,160,0,0,0
Tunisian Plateau/Gulf of Sidra,2012,Jun,12617,0.8164757652235812,120699,2.6819519083969467,1.9107054920130375,232813.4218,116093,89,0,0
Tunisian Plateau/Gulf of Sidra,2012,Jul,13982,0.9048081278716107,186052,3.136049635036496,1.999808655687555,380568.7713,174122,6242,0,0
Tunisian Plateau/Gulf of Sidra,2014,Jan,3737,0.24183006535947713,32297,1.4502871559633028,1.0365250756645004,34752.1935,31053,529,0,0
Tunisian Plateau/Gulf of Sidra,2014,Apr,1841,0.11913544295606031,11415,1.64464,1.2140451990043615,14047.4378,11396,19,0,0
Tunisian Plateau/Gulf of Sidra,2016,May,1630,0.10548113634892901,7781,1.7676850746268657,1.4144523946612495,10921.4048,7759,13,0,0
Tunisian Plateau/Gulf of Sidra,2016,Jun,74,0.0047887141655342,391,2.16208,1.5251244611233212,610.4998,362,29,0,0
Tunisian Plateau/Gulf of Sidra,2016,Dec,6411,0.41487089885459133,73509,1.7542308823529411,1.1638430662888135,92848.5768,71149,620,0,0
Tunisian Plateau/Gulf of Sidra,2022,May,8252,0.5340063418106517,44710,2.7374489051094892,1.787115041400883,83587.6603,41490,1665,0,0
Tunisian Plateau/Gulf of Sidra,2023,Sep,2147,0.13893742315408011,15249,1.7385938461538462,1.3386304311569874,21565.2013,15102,85,0,0
Tunisian Plateau/Gulf of Sidra,2015,Dec,3007,0.19459004724001813,13910,1.457540170940171,1.1043050173856856,15936.5408,13538,61,0,0
Tunisian Plateau/Gulf of Sidra,2018,Jun,7353,0.47582993593476997,68689,2.9260782178217823,1.9140434610432295,134467.1994,62848,3598,0,0
Tunisian Plateau/Gulf of Sidra,2023,May,4425,0.28635216462822755,28174,2.5081992125984254,1.6192632917997496,49249.706,25135,2282,0,0
Tunisian Plateau/Gulf of Sidra,2005,May,8,5.176988287064001e-4,40,1.60495,1.37797,55.1188,40,0,0,0
Tunisian Plateau/Gulf of Sidra,2013,Dec,264,0.0170840613473112,1444,1.24851,1.0603701759988189,1651.9387,1428,0,0,0
Tunisian Plateau/Gulf of Sidra,2014,Feb,4639,0.3002006082961237,51458,1.502973148148148,1.0576195146506524,56598.7833,49366,672,0,0
Tunisian Plateau/Gulf of Sidra,2018,Jul,2066,0.13369572251342782,7423,1.6050340659340658,1.2692672447381572,9459.3745,7316,0,0,0
Tunisian Plateau/Gulf of Sidra,2022,Oct,5747,0.3719018960719601,87390,2.3465688073394495,1.4508294561002173,124918.7876,84628,753,0,0
Tunisian Plateau/Gulf of Sidra,2002,Feb,1116,0.0722189866045428,2781,1.2199391304347826,0.9807274473827063,2805.1454,2765,1,0,0
Tunisian Plateau/Gulf of Sidra,2002,May,97,0.0062770982980651004,460,1.9114724137931034,1.4652717755883962,679.2926,447,13,0,0
Tunisian Plateau/Gulf of Sidra,2005,Jul,322,0.020837377855432604,646,1.4466777777777777,1.2283067760529873,794.6159,646,0,0,0
Tunisian Plateau/Gulf of Sidra,2008,Apr,39,0.0025237817899437004,196,1.589,1.2453216292335116,245.2353,196,0,0,0
Tunisian Plateau/Gulf of Sidra,2017,Jul,649,0.0419983174788067,3180,1.9865153846153847,1.6249824508980597,4808.5394,3175,0,0,0
Tunisian Plateau/Gulf of Sidra,2018,Apr,7558,0.48909596842037145,41245,2.3128477611940297,1.5072410371095102,63503.3562,37732,3368,0,0
Tunisian Plateau/Gulf of Sidra,2020,Sep,1194,0.07726655018443021,5788,1.5858875000000001,1.2362391692329375,6937.6008,5695,15,0,0
Tunisian Plateau/Gulf of Sidra,2007,Feb,9104,0.5891412670678833,159727,2.003506015037594,1.2428879755500388,212420.2769,145418,6518,0,0
Tunisian Plateau/Gulf of Sidra,2008,Sep,9492,0.6142496602601436,76087,2.116806766917293,1.3673377443589099,107037.4661,73738,1885,0,0
Tunisian Plateau/Gulf of Sidra,2020,Dec,2620,0.16954636640134602,18530,1.590058064516129,1.2030430558623506,23668.2712,18275,65,0,0
Tunisian Plateau/Gulf of Sidra,2002,Jan,33,0.0021355076684139,55,1.0269083333333333,0.9357368055555556,52.719500000000004,55,0,0,0
Tunisian Plateau/Gulf of Sidra,2015,May,10143,0.656377402446127,88571,2.767875806451613,1.7042469454645615,157951.9747,80490,7425,67,0
Tunisian Plateau/Gulf of Sidra,2017,Sep,69,0.004465152397592701,364,1.1528545454545456,0.9906234473800616,347.573,364,0,0,0
Tunisian Plateau/Gulf of Sidra,2023,Jun,386,0.024978968485083804,2088,2.2240985507246376,1.8163536206009478,3812.4672,2088,0,0,0
Tunisian Plateau/Gulf of Sidra,2011,Jul,2272,0.14702646735261762,11715,2.312672058823529,1.6490129253457704,19556.6918,10686,1029,0,0
Tunisian Plateau/Gulf of Sidra,2016,Sep,90,0.005824111822947,552,1.382875,1.1698237944647483,648.2075,552,0,0,0
Tunisian Plateau/Gulf of Sidra,2016,Oct,3085,0.19963761081990553,19689,1.8735922413793102,1.3510661138266515,26165.2074,19342,198,0,0
Tunisian Plateau/Gulf of Sidra,2022,Nov,6123,0.39623374102116093,69259,2.1111586206896553,1.4548283976010525,109289.40610000001,67307,1028,0,0
Tunisian Plateau/Gulf of Sidra,2001,Oct,9710,0.628356953342393,124421,2.556733846153846,1.4685360399308578,175911.0835,116070,2080,52,38
Tunisian Plateau/Gulf of Sidra,2003,Jun,9734,0.6299100498285123,82302,3.335003100775194,2.0680288361095918,173503.7152,77535,2263,4,0
Tunisian Plateau/Gulf of Sidra,2017,Jun,3040,0.19672555490843202,39183,2.841204672897196,2.0288023251481366,84862.4902,38414,229,0,0
Tunisian Plateau/Gulf of Sidra,2021,Mar,5736,0.37119006018248885,38919,1.5971333333333333,1.1028942001511532,43897.3805,36391,1157,0,0
Tunisian Plateau/Gulf of Sidra,2010,Jun,2354,0.1523328803468582,13467,2.9932837837837836,1.9847749911999764,29142.227,12535,932,0,0
Tunisian Plateau/Gulf of Sidra,2018,Aug,3724,0.24098880476282922,19841,1.775019266055046,1.3052760183397825,24665.4707,19661,0,0,0
Tunisian Plateau/Gulf of Sidra,2006,May,5998,0.3881446968226234,39475,3.020063779527559,2.018907711963325,81025.2976,35835,3357,20,0
Tunisian Plateau/Gulf of Sidra,2006,Jun,3424,0.22157509868633923,6925,2.7585019417475727,1.9930787775350827,14860.7183,6801,115,0,0
Tunisian Plateau/Gulf of Sidra,2019,Aug,5502,0.3560473694428266,33028,2.3834170940170942,1.4705290043623802,51103.2845,31754,510,0,0
Tunisian Plateau/Gulf of Sidra,2007,May,376,0.024331844949200803,1996,2.396522950819672,1.7382319456175923,3418.0905,1913,83,0,0
Tunisian Plateau/Gulf of Sidra,2016,Jul,1130,0.073124959554779,7782,1.97335223880597,1.5362391230658217,12138.370499999999,7737,5,0,0
Tunisian Plateau/Gulf of Sidra,1998,Jan,534,0.034556396816152204,3533,1.3211181818181819,1.000943481596572,3958.3556,3492,38,0,0
Tunisian Plateau/Gulf of Sidra,2007,Jun,6669,0.43156668608037274,42765,3.1187878787878787,2.1626327295909156,96019.0673,41579,1132,0,0
Tunisian Plateau/Gulf of Sidra,2021,Jan,5382,0.3482818870122306,72376,1.6046572916666666,1.095284417821672,82733.7597,69870,692,0,0
Tunisian Plateau/Gulf of Sidra,2001,Feb,1561,0.1010159839513363,9783,1.43190125,1.0733281605699996,10599.9509,9703,61,0,0
Tunisian Plateau/Gulf of Sidra,2013,Apr,4871,0.3152138743286093,30968,2.1545710743801654,1.4368541510783202,47609.4097,27472,3432,64,0
Tunisian Plateau/Gulf of Sidra,2014,Sep,6620,0.42839578075454604,49703,1.8269090909090908,1.2357819799735228,61976.2213,49177,273,0,0
Tunisian Plateau/Gulf of Sidra,2015,Sep,2823,0.18268297417977092,18521,1.753741818181818,1.2853770026380713,22857.5036,18125,93,0,0
Tunisian Plateau/Gulf of Sidra,2017,Mar,2474,0.1600983627774542,15198,1.4403885714285714,1.0604722194752225,15868.2202,15186,1,0,0
Tunisian Plateau/Gulf of Sidra,1990,Nov,6634,0.42930175370478224,42283,2.044964655172414,1.4191202237387237,60716.8743,41511,73,0,0
Tunisian Plateau/Gulf of Sidra,2007,Aug,58,0.0037533165081214005,269,1.4598777777777778,1.2156006266921484,309.8646,269,0,0,0
Tunisian Plateau/Gulf of Sidra,2007,Sep,17,0.0011001100110011003,62,1.22792,1.11239225,77.1663,62,0,0,0
Tunisian Plateau/Gulf of Sidra,2010,Jul,1567,0.10140425807286611,9817,2.2111125,1.6535741923976468,16430.7157,9572,234,0,0
Tunisian Plateau/Gulf of Sidra,2011,Apr,3811,0.24661877952501132,23619,1.8542177570093459,1.2429119741566006,29623.8623,22920,623,0,0
Tunisian Plateau/Gulf of Sidra,2012,May,7922,0.5126512651265126,64693,2.4799495238095237,1.6854853521804336,112638.8502,62474,1641,0,0
Tunisian Plateau/Gulf of Sidra,2015,Oct,1286,0.0832200867145538,9233,1.5000356164383561,1.199143906856939,11315.5022,9155,0,0,0
Tunisian Plateau/Gulf of Sidra,2006,Jul,5198,0.33637481395198343,39184,2.4561039215686273,1.8532721734037552,74243.3572,38900,0,0,0
Tunisian Plateau/Gulf of Sidra,2009,Jul,2048,0.13253090014883842,12207,2.730187037037037,2.0617855726833567,26183.209,12177,30,0,0
Tunisian Plateau/Gulf of Sidra,2011,Mar,2469,0.15977480100951272,17045,1.4904820512820514,1.0834116708985568,18790.5835,16667,48,0,0
Tunisian Plateau/Gulf of Sidra,2014,Dec,6128,0.39655730278910245,47858,1.7488025862068965,1.2303520604643756,61968.3793,47161,151,0,0
Tunisian Plateau/Gulf of Sidra,2015,Jul,11091,0.7177247136478354,58033,2.4190066115702478,1.6608162975121725,95891.7315,57204,24,0,0
Tunisian Plateau/Gulf of Sidra,2018,Oct,277,0.017925321943959103,647,1.2432951219512196,1.126732037566479,774.7718,647,0,0,0
Tunisian Plateau/Gulf of Sidra,2008,Jun,1072,0.0693716430466576,3422,2.2329538461538463,1.7524211092442503,6130.8257,3422,0,0,0
Tunisian Plateau/Gulf of Sidra,2009,Jun,537,0.0347505338769171,2494,2.1918093333333335,1.7294957932647999,4265.2267,2493,1,0,0
Tunisian Plateau/Gulf of Sidra,2020,Apr,4766,0.3084190772018378,22664,2.307371186440678,1.4962014111780755,35201.269,21464,873,0,0
Tunisian Plateau/Gulf of Sidra,2020,Jul,1889,0.12224163592829872,6510,2.3452198113207547,1.8662233479925354,13090.374100000001,6399,110,0,0
Tunisian Plateau/Gulf of Sidra,2019,Sep,5865,0.3795379537953795,44279,1.8832313559322034,1.2695751590952806,57758.3747,42939,453,0,0
Tunisian Plateau/Gulf of Sidra,2003,Dec,2478,0.1603572121918074,14830,1.732032,1.2517491786367698,19426.1397,14373,79,0,0
Tunisian Plateau/Gulf of Sidra,2013,Jan,490,0.031709053258267006,3395,1.3488358974358974,1.004061445785979,3267.813,3356,28,0,0
Tunisian Plateau/Gulf of Sidra,1997,Feb,2520,0.163075131042516,18201,1.6440556818181817,1.0935015926773786,21238.8663,17869,183,0,0
Tunisian Plateau/Gulf of Sidra,1990,Jan,3098,0.2004788714165534,32670,1.6657721739130436,1.1687780459519181,42694.849,31623,233,0,0
Tunisian Plateau/Gulf of Sidra,1991,Jan,904,0.0584999676438232,6175,1.440972549019608,1.080668439210318,6784.683,5995,137,0,0
Tunisian Plateau/Gulf of Sidra,2002,Jun,665,0.0430337151362195,3556,2.603592957746479,2.10940179420748,7772.7381,3556,0,0,0
Tunisian Plateau/Gulf of Sidra,2003,Jan,2021,0.1307836666019543,24152,1.6309888888888888,1.13173378420383,28140.7203,23529,187,0,0
Tunisian Plateau/Gulf of Sidra,2008,May,623,0.0403157962855109,3133,2.464085416666667,1.83588568425323,5967.7062,2883,250,0,0
Tunisian Plateau/Gulf of Sidra,2014,May,301,0.019478418430078304,1721,2.305858064516129,1.5507304646242752,2793.384,1632,86,0,0
Tunisian Plateau/Gulf of Sidra,2020,Feb,4684,0.30311266420759725,45332,1.856826126126126,1.1572300381449137,58682.7949,44075,447,0,0
Tunisian Plateau/Gulf of Sidra,2020,Mar,4562,0.2952177570698246,36838,1.7901644859813084,1.1168081428927161,45329.3271,35526,140,0,0
Tunisian Plateau/Gulf of Sidra,2002,Aug,286,0.0185077331262538,1119,1.7271888888888889,1.42378530332322,1694.0247,1117,2,0,0
Tunisian Plateau/Gulf of Sidra,1989,Dec,2543,0.16456351517504691,33128,2.042635802469136,1.3171772924014526,49128.2909,31029,963,0,0
Tunisian Plateau/Gulf of Sidra,1993,Nov,445,0.0287969973467935,2662,2.9105,1.811104692794777,4944.1665,1820,702,132,0
Tunisian Plateau/Gulf of Sidra,2014,Mar,2535,0.16404581634634052,12007,1.36682,1.0214771164254681,12807.7344,11852,26,0,0
Tunisian Plateau/Gulf of Sidra,2019,Oct,4331,0.2802692033909273,17660,1.8368,1.3674037732153794,24554.9725,17576,0,0,0
Tunisian Plateau/Gulf of Sidra,1998,Mar,422,0.027308613214262603,3017,1.442428947368421,1.00855398021676,3158.6145,2903,97,0,0
Tunisian Plateau/Gulf of Sidra,2001,May,67,0.0043357276904161,71,1.6852,1.5335080819379034,111.34830000000001,71,0,0,0
Tunisian Plateau/Gulf of Sidra,1994,Oct,3037,0.19653141784766712,18222,1.8541240506329113,1.281041805252312,24112.3973,17972,236,0,0
Tunisian Plateau/Gulf of Sidra,2021,Oct,7963,0.5153044716236329,68747,2.096745871559633,1.442935175481619,95122.34,66821,1662,0,0
Tunisian Plateau/Gulf of Sidra,1999,Aug,6461,0.4181065165340063,36973,2.1857824074074075,1.4633009147871696,55903.043,36212,559,0,0
Tunisian Plateau/Gulf of Sidra,2009,May,4700,0.30414806186501003,26981,2.8682230769230768,1.975124204330609,57233.1558,24372,2609,0,0
Tunisian Plateau/Gulf of Sidra,2009,Dec,51,0.0033003300330033004,183,1.18171,0.9660009722222223,190.25900000000001,183,0,0,0
Tunisian Plateau/Gulf of Sidra,2010,Jan,336,0.0217433508056688,1471,1.3500689655172413,1.0523690044222853,1588.3135,1433,38,0,0
Tunisian Plateau/Gulf of Sidra,1990,Oct,4424,0.28628745227463925,23910,1.971007142857143,1.4397233449663436,36364.3169,23494,0,0,0
Tunisian Plateau/Gulf of Sidra,1990,Dec,423,0.027373325567850902,1972,1.1684766666666666,0.9974193454037563,1970.2461,1972,0,0,0
Tunisian Plateau/Gulf of Sidra,2005,Aug,336,0.021743350805668804,1159,1.7798138888888888,1.4088109851260213,1616.5874,1159,0,0,0
Tunisian Plateau/Gulf of Sidra,2019,Dec,587,0.0379861515563321,3734,1.265342,1.033516452954751,4188.9128,3705,0,0,0
Tunisian Plateau/Gulf of Sidra,1983,Sep,32,0.0020707953148256003,160,1.6243666666666667,1.21912925,196.5109,159,1,0,0
Tunisian Plateau/Gulf of Sidra,1998,Feb,484,0.031320779136737205,2206,1.31976,1.0534783746935767,2296.0801,2205,0,0,0
Tunisian Plateau/Gulf of Sidra,2020,Jan,2282,0.14767359088850063,10308,1.6568108108108108,1.12452859239348,12300.2407,10151,116,0,0
Tunisian Plateau/Gulf of Sidra,2009,Sep,4350,0.28149873810910503,29868,1.8853774509803922,1.3859395911633536,41820.8858,29642,30,0,0
Tunisian Plateau/Gulf of Sidra,2013,Nov,4767,0.30848378955542616,28188,2.2114392156862746,1.5724249787060156,46365.076,27862,129,0,0
Tunisian Plateau/Gulf of Sidra,2001,Nov,3124,0.20216139260984922,10873,1.9401447916666668,1.45095488307208,15895.7506,10663,0,0,0
Tunisian Plateau/Gulf of Sidra,2009,Aug,3911,0.2530900148838413,24469,1.796455,1.374803481872491,35176.5063,24409,0,0,0
Tunisian Plateau/Gulf of Sidra,2014,Aug,313,0.020254966673137902,1419,1.6269777777777779,1.1601825566557111,1627.855,1380,39,0,0
Tunisian Plateau/Gulf of Sidra,2014,Oct,5993,0.38782113505468196,41890,2.033891919191919,1.4011017596867976,57858.2499,40733,60,0,0
Tunisian Plateau/Gulf of Sidra,1990,Mar,3466,0.22429301753704783,34913,2.0921322916666667,1.3111678795171757,44618.1046,33289,385,0,0
Tunisian Plateau/Gulf of Sidra,2003,Feb,269,0.0174076231152527,808,1.2314333333333334,1.0266389616632503,830.9006,808,0,0,0
Tunisian Plateau/Gulf of Sidra,1990,Feb,3411,0.22073383808969133,25141,2.022878947368421,1.3162442649523176,34961.9101,24265,396,0,0
Tunisian Plateau/Gulf of Sidra,2002,Dec,212,0.0137190189607196,1033,1.5469310344827587,1.2376344632086689,1312.4907,1031,2,0,0
Tunisian Plateau/Gulf of Sidra,2017,Apr,611,0.039539248042451305,3401,1.611680487804878,1.1693567523516304,4096.8491,3385,14,0,0
Tunisian Plateau/Gulf of Sidra,2007,Apr,3125,0.20222610496343751,19078,2.056696551724138,1.2918640838152418,24847.6266,17838,1169,43,0
Tunisian Plateau/Gulf of Sidra,2008,Mar,674,0.043616126318514206,3658,1.7447290322580646,1.199713515701561,4604.9285,3639,2,0,0
Tunisian Plateau/Gulf of Sidra,2017,Feb,393,0.025431954960201904,1775,1.2203176470588235,0.9915124570921066,1847.6781,1767,0,0,0
Tunisian Plateau/Gulf of Sidra,2019,Nov,2348,0.1519446062253284,23466,1.718384375,1.3817043661667212,32856.9134,22375,0,0,0
Tunisian Plateau/Gulf of Sidra,1991,Feb,68,0.0044004400440044,324,1.263376923076923,1.0252627536907537,340.1863,324,0,0,0
Tunisian Plateau/Gulf of Sidra,2008,Nov,2847,0.18423607066589012,28210,1.9200188235294118,1.4646053005866564,42020.8514,27624,0,0,0
Tunisian Plateau/Gulf of Sidra,2013,Sep,915,0.059211803533294506,5360,1.5351174603174604,1.2212402383123873,6608.7164999999995,5350,0,0,0
Tunisian Plateau/Gulf of Sidra,2017,Jan,1248,0.08076101727819841,3961,1.1829614457831326,0.985000899532877,4027.6116,3949,2,0,0
Tunisian Plateau/Gulf of Sidra,2002,Nov,164,0.0106128259884812,1221,1.7882379310344827,1.3588434558797506,1691.2741,1163,19,0,0
Tunisian Plateau/Gulf of Sidra,2013,Oct,5231,0.33851032162039735,66929,2.2938483516483514,1.545497108525084,104345.3839,65209,21,0,0
Tunisian Plateau/Gulf of Sidra,2004,Nov,1690,0.10936387756422701,7346,2.0159876404494383,1.537957810066425,11226.4888,7294,0,0,0
Tunisian Plateau/Gulf of Sidra,2007,Jul,1036,0.06704199831747881,3926,2.249603125,1.7090793730922518,6671.805,3926,0,0,0
Tunisian Plateau/Gulf of Sidra,2008,Feb,229,0.014819128971720701,821,1.8322030303030303,1.3415544293046682,1089.7736,821,0,0,0
Tunisian Plateau/Gulf of Sidra,2013,May,1083,0.0700834789361289,8355,2.8163452380952383,1.8757834279120729,16632.8146,6759,1596,0,0
Tunisian Plateau/Gulf of Sidra,1990,Apr,1330,0.086067430272439,8402,2.2305704225352114,1.4268650262330271,12608.8809,5737,2081,509,0
Tunisian Plateau/Gulf of Sidra,2000,Apr,103,0.006665372419594901,614,2.2186,1.6579061027757718,1019.3033,612,2,0,0
Tunisian Plateau/Gulf of Sidra,2000,May,1387,0.08975603442697211,7700,2.140340963855422,1.6414616304496292,12786.035,7676,14,0,0
Tunisian Plateau/Gulf of Sidra,2006,Aug,2707,0.17517634116352812,11904,2.202243373493976,1.6735087545541152,19873.6733,11902,0,0,0
Tunisian Plateau/Gulf of Sidra,2006,Sep,77,0.0049828512262991,220,1.394,1.151512183276376,275.2505,220,0,0,0
Tunisian Plateau/Gulf of Sidra,2008,Aug,48,0.0031061929722384003,196,1.39074375,1.24736653125,261.4347,196,0,0,0
Tunisian Plateau/Gulf of Sidra,2011,Dec,344,0.022261049634375203,2192,1.5028279069767443,1.1910547307008257,2719.2057,2188,0,0,0
Tunisian Plateau/Gulf of Sidra,2015,Jan,242,0.015660389568368602,509,1.111272,0.9729399680624375,510.43280000000004,509,0,0,0
Tunisian Plateau/Gulf of Sidra,2018,Feb,704,0.045557496926163205,5537,1.3992348837209303,1.0465028315112617,5939.339,5301,64,0,0
Tunisian Plateau/Gulf of Sidra,2020,Jun,166,0.0107422506956578,704,1.985228947368421,1.654419564380621,1173.4609,689,0,0,0
Tunisian Plateau/Gulf of Sidra,1999,Dec,164,0.0106128259884812,825,1.5112896551724138,1.2025320789011782,1020.1721,817,8,0,0
Tunisian Plateau/Gulf of Sidra,2006,Nov,817,0.052869992881641105,3180,1.563616393442623,1.2690553964641094,3981.5684,2969,0,0,0
Tunisian Plateau/Gulf of Sidra,1988,May,1,6.471235358830001e-5,5,1.6024,1.36106,6.8053,5,0,0,0
Tunisian Plateau/Gulf of Sidra,2002,Apr,10,6.471235358830001e-4,27,2.255,1.7693722222222221,47.4206,25,2,0,0
Tunisian Plateau/Gulf of Sidra,2018,Dec,46,0.0029767682650618005,107,1.2285941176470587,1.0560640270350563,111.48649999999999,107,0,0,0
Tunisian Plateau/Gulf of Sidra,2019,Jan,45,0.0029120559114735006,139,1.08229375,1.0050231119791666,141.1642,139,0,0,0
Tunisian Plateau/Gulf of Sidra,1990,May,418,0.027049763799909404,2335,2.765991304347826,1.8315050736070595,4357.7499,2154,181,0,0
Tunisian Plateau/Gulf of Sidra,2017,Dec,299,0.019348993722901702,2140,1.4017666666666666,1.107911244752356,2496.3286,2131,0,0,0
Tunisian Plateau/Gulf of Sidra,2018,Jan,404,0.026143790849673203,3305,1.4305518518518519,1.0694177118008146,3778.6013,3213,10,0,0
Tunisian Plateau/Gulf of Sidra,1998,Apr,300,0.01941370607649,1599,1.3014972222222223,1.1000384404921926,1872.5825,1599,0,0,0
Tunisian Plateau/Gulf of Sidra,2004,Oct,1331,0.08613214262602731,6744,2.740725,1.7867659315108335,12542.0226,6228,483,0,0
Tunisian Plateau/Gulf of Sidra,2014,Nov,988,0.0639358053452404,4473,1.6480653333333333,1.3136244811573137,6868.7025,4313,20,0,0
Tunisian Plateau/Gulf of Sidra,1999,Apr,4,2.5884941435320004e-4,4,1.1652,1.1547333333333334,4.598000000000001,4,0,0,0
Tunisian Plateau/Gulf of Sidra,2005,Jun,2,1.2942470717660002e-4,2,1.9316,1.9256,3.8512,2,0,0,0
Tunisian Plateau/Gulf of Sidra,2006,Mar,130,0.008412605966479001,412,2.4432238095238095,1.9709999445189108,802.1765,371,41,0,0
Tunisian Plateau/Gulf of Sidra,2006,Apr,130,0.008412605966479001,421,1.9622333333333333,1.6579762425466193,788.7664,420,0,0,0
Tunisian Plateau/Gulf of Sidra,2008,Dec,397,0.025690804374555103,2282,1.7610315789473685,1.2751438586832589,3056.8034,2238,23,0,0
Tunisian Plateau/Gulf of Sidra,2009,Jan,376,0.024331844949200803,2218,1.4080866666666667,1.0731367293429006,2574.0271,2209,9,0,0
Tunisian Plateau/Gulf of Sidra,2016,Aug,13,8.412605966479001e-4,70,1.6555714285714285,1.2454549242424242,88.699700000000007,70,0,0,0
Tunisian Plateau/Gulf of Sidra,1992,Dec,91,0.005888824176535301,435,1.5409416666666667,1.2168273462997379,534.3785,435,0,0,0
Tunisian Plateau/Gulf of Sidra,1993,Jan,104,0.0067300847731832005,600,1.2255117647058824,1.0147726097565062,671.366,600,0,0,0
Tunisian Plateau/Gulf of Sidra,1996,Mar,75,0.0048534265191225,351,2.0890538461538464,1.719116635930309,623.5518999999999,351,0,0,0
Tunisian Plateau/Gulf of Sidra,1996,Apr,33,0.0021355076684139,35,1.6095625,1.49773,53.8576,35,0,0,0
Tunisian Plateau/Gulf of Sidra,2000,Jun,507,0.0328091632692681,1830,1.9601659574468084,1.6156297146712542,2999.8373,1801,29,0,0
Tunisian Plateau/Gulf of Sidra,2005,Nov,3306,0.21393904096291982,45167,2.322223076923077,1.6303483520981996,74483.6466,44546,146,0,0
Tunisian Plateau/Gulf of Sidra,2006,Oct,109,0.007053646541124701,449,1.8940055555555555,1.6577099360730483,813.6308,449,0,0,0
Tunisian Plateau/Gulf of Sidra,2008,Jan,268,0.0173429107616644,2345,1.5226423076923077,1.1447756995846796,2778.5477,2262,20,0,0
Tunisian Plateau/Gulf of Sidra,2013,Mar,16,0.0010353976574128002,83,1.3075375,1.1062077083333333,90.4598,83,0,0,0
Tunisian Plateau/Gulf of Sidra,1994,Nov,5,3.2356176794150004e-4,28,2.814225,1.8972191666666667,54.4528,25,3,0,0
Tunisian Plateau/Gulf of Sidra,2010,Nov,246,0.015919238982721802,522,1.3750285714285715,1.193823287404943,634.7469,522,0,0,0
Tunisian Plateau/Gulf of Sidra,1988,Jul,8,5.176988287064001e-4,41,1.7787,1.3638591025641027,56.0211,41,0,0,0
Tunisian Plateau/Gulf of Sidra,1993,May,417,0.026985051446321105,1991,2.219391304347826,1.7990280450669551,3590.5969999999998,1991,0,0,0
Tunisian Plateau/Gulf of Sidra,1993,Jun,213,0.013783731314307901,420,2.028755,1.7617334010265098,750.1445,420,0,0,0
Tunisian Plateau/Gulf of Sidra,1994,Feb,183,0.011842360706658901,1043,1.382188888888889,1.0960282936262264,1256.0781,1006,37,0,0
Tunisian Plateau/Gulf of Sidra,1994,Mar,590,0.038180288617097005,2429,1.2614145161290322,1.0092184200950782,2474.1921,2416,3,0,0
Tunisian Plateau/Gulf of Sidra,1994,Apr,158,0.010224551866951401,600,1.3436625,1.1032583123286708,691.3004,600,0,0,0
Tunisian Plateau/Gulf of Sidra,1996,Feb,1856,0.12010612825988481,12249,1.5368077922077923,1.17585784599704,14385.5595,11882,0,0,0
Tunisian Plateau/Gulf of Sidra,1997,Jan,275,0.0177958972367825,2007,1.4523566666666667,1.0395160832931223,2116.6859,1995,1,0,0
Tunisian Plateau/Gulf of Sidra,2003,May,1838,0.1189413058952954,20957,2.6553560975609756,1.84658075987157,40440.449,20728,54,0,0
Tunisian Plateau/Gulf of Sidra,1993,Feb,81,0.0052417006406523005,177,1.135364705882353,0.9967720544096427,180.1566,177,0,0,0
Tunisian Plateau/Gulf of Sidra,1995,Aug,1185,0.07668413900213551,8258,2.106308474576271,1.5302019154657638,12399.4608,8236,0,0,0
Tunisian Plateau/Gulf of Sidra,1996,Dec,55,0.0035591794473565004,389,1.3404846153846155,1.094365776860306,437.6605,389,0,0,0
Tunisian Plateau/Gulf of Sidra,1987,Sep,3185,0.2061088461787355,21752,2.018073333333333,1.4136026504146102,31078.7831,21323,369,0,0
Tunisian Plateau/Gulf of Sidra,1995,Dec,109,0.007053646541124701,414,1.2023416666666666,1.0841262647226009,442.7119,414,0,0,0
Tunisian Plateau/Gulf of Sidra,1996,Jan,1899,0.12288875946418171,19587,1.6517493333333333,1.212282003567029,24028.4661,18571,7,0,0
Tunisian Plateau/Gulf of Sidra,1985,Jan,2,1.2942470717660002e-4,10,1.2719,1.04776,10.4776,10,0,0,0
Tunisian Plateau/Gulf of Sidra,2014,Jun,877,0.05675273409693911,4544,2.473455102040816,1.8828880600017242,8824.6317,4544,0,0,0
Tunisian Plateau/Gulf of Sidra,2021,Nov,549,0.035527082119976704,4661,1.8575935483870967,1.3636305380672777,6543.6137,4635,0,0,0
Tunisian Plateau/Gulf of Sidra,1982,Jan,99,0.006406523005241701,679,1.523985,1.2284617727059186,864.335,679,0,0,0
Tunisian Plateau/Gulf of Sidra,1982,Feb,3,1.9413706076490004e-4,9,1.0938,0.9871222222222222,8.8841,9,0,0,0
Tunisian Plateau/Gulf of Sidra,1987,Oct,1094,0.07079531482560021,5961,1.935441095890411,1.4405682735567822,8995.5635,5759,150,0,0
Tunisian Plateau/Gulf of Sidra,1995,Feb,69,0.0044651523975927,409,1.3005923076923076,1.087806102519431,469.2007,409,0,0,0
Tunisian Plateau/Gulf of Sidra,1992,Nov,82,0.0053064129942406,676,1.69144,1.3477335398675803,895.6326,673,0,0,0
Tunisian Plateau/Gulf of Sidra,2000,Nov,223,0.014430854850190902,1851,1.7980559999999999,1.3435601634104288,2523.1892,1825,0,0,0
Tunisian Plateau/Gulf of Sidra,2006,Jan,32,0.0020707953148256003,195,0.9856333333333334,0.8511244358481094,168.97119999999998,195,0,0,0
Tunisian Plateau/Gulf of Sidra,2007,Dec,16,0.0010353976574128002,16,1.3499,1.249938888888889,20.159300000000002,16,0,0,0
Tunisian Plateau/Gulf of Sidra,2012,Apr,306,0.019801980198019802,1110,1.6887395348837209,1.3775887069611428,1546.3097,1110,0,0,0
Tunisian Plateau/Gulf of Sidra,2004,Apr,2,1.2942470717660002e-4,10,1.4037,1.24886,12.4886,10,0,0,0
Tunisian Plateau/Gulf of Sidra,1988,Jan,456,0.0295088332362648,1883,1.5824875,1.141789581847253,2016.1972,1786,90,0,0
Tunisian Plateau/Gulf of Sidra,2011,May,33,0.0021355076684139,175,1.7826428571428572,1.477472230136166,262.6633,175,0,0,0
Tunisian Plateau/Gulf of Sidra,2018,Nov,140,0.009059729502362002,797,1.77962,1.3195384667656689,1073.5491,788,9,0,0
Tunisian Plateau/Gulf of Sidra,2009,Feb,497,0.032162039733385106,3851,1.4275714285714285,1.0377905749918066,4167.3606,3753,0,0,0
Tunisian Plateau/Gulf of Sidra,1998,Jun,546,0.03533294505921181,546,2.584630769230769,2.4267811065275957,1333.6816000000001,546,0,0,0
Tunisian Plateau/Gulf of Sidra,1998,Jul,546,0.03533294505921181,2184,2.891648717948718,2.2116217261380378,4844.0338,2184,0,0,0
Tunisian Plateau/Gulf of Sidra,2013,Aug,53,0.0034297547401799,314,1.3931666666666667,1.1793514794464794,377.0854,314,0,0,0
Tunisian Plateau/Gulf of Sidra,1988,Feb,367,0.0237494337669061,1221,1.1602261904761906,0.9631679102519158,1185.6706,1221,0,0,0
Tunisian Plateau/Gulf of Sidra,1990,Sep,148,0.0095774283310684,803,1.611657142857143,1.3523068905668976,1184.5627,803,0,0,0
Tunisian Plateau/Gulf of Sidra,1995,Jul,1,6.471235358830001e-5,1,1.132,1.132,1.132,1,0,0,0
Tunisian Plateau/Gulf of Sidra,1987,Dec,35,0.0022649323755905004,86,1.6004272727272728,1.4198478243725972,123.5304,86,0,0,0
Tunisian Plateau/Gulf of Sidra,1992,Oct,22,0.0014236717789426001,44,1.38695,1.272717261904762,56.6341,44,0,0,0
Tunisian Plateau/Gulf of Sidra,1998,Oct,8,5.176988287064001e-4,49,1.6375,1.4029941666666668,68.9331,49,0,0,0
Tunisian Plateau/Gulf of Sidra,2019,Mar,8,5.176988287064001e-4,40,1.22725,1.0065875000000002,40.26349999999999,40,0,0,0
Tunisian Plateau/Gulf of Sidra,1997,Mar,327,0.021160939623374102,897,1.253725,0.9954294291774679,897.9861,863,0,0,0
Tunisian Plateau/Gulf of Sidra,2009,Mar,23,0.0014883841325309002,115,1.1126,0.9397044444444445,106.9685,115,0,0,0
Tunisian Plateau/Gulf of Sidra,2022,Jan,117,0.007571345369831101,762,1.244261111111111,0.9758208559732635,744.1301,750,0,0,0
Tunisian Plateau/Gulf of Sidra,1995,Mar,2,1.2942470717660002e-4,10,1.1471,0.9810300000000001,9.8103,10,0,0,0
Tunisian Plateau/Gulf of Sidra,2005,Dec,84,0.0054358377014172,334,1.390523076923077,1.1861815836396887,398.725,334,0,0,0
Tunisian Plateau/Gulf of Sidra,2013,Jul,1267,0.0819905519963761,7661,2.3955017857142855,1.8707164379939913,14712.8056,7661,0,0,0
Tunisian Plateau/Gulf of Sidra,2015,Jun,482,0.031191354429560603,2741,2.5302190476190476,2.0102015994083433,5527.8259,2741,0,0,0
Tunisian Plateau/Gulf of Sidra,1989,Nov,136,0.0088008800880088,627,2.2601714285714287,1.7112048266024542,1211.1734,577,50,0,0
Tunisian Plateau/Gulf of Sidra,1994,Dec,117,0.007571345369831101,637,1.7916705882352941,1.4600855726295168,1068.2516,636,0,0,0
Tunisian Plateau/Gulf of Sidra,2004,Dec,184,0.011907073060247202,1065,1.4587310344827586,1.1926491556042016,1257.8014,1065,0,0,0
Tunisian Plateau/Gulf of Sidra,2005,Oct,90,0.005824111822947,287,1.735535,1.5510383632218845,480.5079,287,0,0,0
Tunisian Plateau/Gulf of Sidra,2011,Aug,26,0.0016825211932958001,136,2.0226428571428574,1.7811628318392134,241.59720000000002,136,0,0,0
Tunisian Plateau/Gulf of Sidra,2001,Dec,4,2.5884941435320004e-4,4,1.6183,1.556775,6.2271,4,0,0,0
Tunisian Plateau/Gulf of Sidra,2004,Jul,260,0.016825211932958002,944,2.5640964285714287,2.16830253532304,2070.7732,944,0,0,0
Tunisian Plateau/Gulf of Sidra,2008,Oct,124,0.008024331844949202,349,1.6530125,1.490504088975068,564.424,349,0,0,0
Tunisian Plateau/Gulf of Sidra,2004,Jun,223,0.014430854850190902,569,2.468384,2.1620469495443326,1221.2003,569,0,0,0
Tunisian Plateau/Gulf of Sidra,1987,Nov,12,7.765482430596001e-4,65,1.8227166666666665,1.572353366013072,102.6424,65,0,0,0
Tunisian Plateau/Gulf of Sidra,1995,Jan,22,0.0014236717789426001,78,1.1421857142857144,1.04411644499179,81.3533,78,0,0,0
Tunisian Plateau/Gulf of Sidra,1986,Sep,26,0.0016825211932958001,170,1.3909666666666667,1.2044808506736029,206.3236,170,0,0,0
Tunisian Plateau/Gulf of Sidra,1986,Jan,1,6.471235358830001e-5,5,1.0188,0.9309,4.6545,5,0,0,0
Tunisian Plateau/Gulf of Sidra,1988,Aug,1,6.471235358830001e-5,5,1.6251,1.49618,7.4809,5,0,0,0
Tunisian Plateau/Gulf of Sidra,1992,Aug,85,0.0055005500550055,425,1.93483,1.6747475211915535,717.7914,425,0,0,0
Tunisian Plateau/Gulf of Sidra,2015,Apr,121,0.007830194784184301,261,1.3225583333333333,1.236747227816266,324.5304,261,0,0,0
Tunisian Plateau/Gulf of Sidra,1986,Oct,50,0.0032356176794150005,275,1.67875,1.4563928270111863,407.9051,275,0,0,0
Tunisian Plateau/Gulf of Sidra,1997,Oct,1,6.471235358830001e-5,5,1.2998,1.2508,6.254,5,0,0,0
Tunisian Plateau/Gulf of Sidra,1988,Nov,16,0.0010353976574128002,109,1.8000428571428573,1.533949861909676,166.1076,109,0,0,0
Ionian Sea,1991,Jan,2446,0.1607095926412615,19621,1.4288427083333333,1.0591127783440288,21102.2872,19076,218,0,0
Ionian Sea,1992,Nov,434,0.028515111695137978,3585,1.981072972972973,1.4698869205618332,5523.4347,3561,0,0,0
Ionian Sea,1994,Aug,6596,0.43337713534822603,62773,3.023113492063492,1.733715464516442,108096.0892,59737,1240,0,0
Ionian Sea,1994,Sep,8359,0.5492115637319317,36756,2.280302380952381,1.5781698081024342,56238.7487,35980,518,0,0
Ionian Sea,1994,Oct,9385,0.616622864651774,62964,2.396461111111111,1.6800598077468254,103924.9308,61395,1374,0,0
Ionian Sea,1995,Jul,133,0.00873850197109067,529,1.672995,1.4732620589224492,736.8246,529,0,0,0
Ionian Sea,1997,Jun,2481,0.16300919842312747,14977,3.127444,2.2587731921531655,33658.3038,14977,0,0,0
Ionian Sea,1998,Aug,7373,0.48442838370565044,82502,2.315114285714286,1.545116353815254,126466.157,81186,25,0,0
Ionian Sea,1998,Sep,330,0.021681997371879105,1925,1.6126391304347827,1.2579543105722064,2423.0284,1920,3,0,0
Ionian Sea,1998,Oct,20,0.001314060446780552,128,1.656075,1.3953317999284938,179.6873,128,0,0,0
Ionian Sea,1999,May,1067,0.07010512483574244,5005,2.2589246575342465,1.886619864861422,9292.5156,4704,301,0,0
Ionian Sea,1999,Jun,9642,0.633508541392904,82504,3.632738888888889,2.3765493795128627,188747.6813,80387,638,0,0
Ionian Sea,1999,Sep,4126,0.27109067017082783,19252,1.8689575999999999,1.4526308667676022,27582.8886,19043,0,0,0
Ionian Sea,1999,Oct,6306,0.414323258869908,36897,2.7082166666666665,1.6004719423789548,58696.3016,35834,590,31,0
Ionian Sea,2001,Mar,4117,0.2704993429697766,30988,2.2086272,1.365569078769538,42366.8936,28231,2489,81,0
Ionian Sea,2001,Sep,197,0.012943495400788436,1770,2.430155,1.737533831944587,3271.7642,1598,144,0,0
Ionian Sea,2001,Oct,7296,0.47936925098554534,86186,2.3114421487603307,1.5970029514177828,139194.1832,83221,182,0,0
Ionian Sea,2002,Mar,355,0.023324572930354795,2020,1.680328947368421,1.1239304341190797,2343.0433,1857,163,0,0
Ionian Sea,2002,Jul,1624,0.10670170827858082,8699,2.6803594594594595,2.036216797727398,17600.2102,8308,361,0,0
Ionian Sea,2002,Aug,11,7.227332457293036e-4,44,1.570575,1.3014753125,56.1659,44,0,0,0
Ionian Sea,2003,Jun,14860,0.9763469119579501,258731,4.2398412698412695,2.6082425983696345,676008.4772,242383,11023,0,0
Ionian Sea,2003,Jul,13642,0.8963206307490145,184222,3.6676944,2.214315964635317,396838.72980000003,177016,2609,0,0
Ionian Sea,2003,Aug,14094,0.926018396846255,207816,2.853653968253968,1.6556206784155447,338185.3674,193757,5389,0,0
Ionian Sea,2003,Sep,5390,0.35413929040735875,20208,2.4952666666666667,1.7674735860992807,33716.472,19169,971,0,0
Ionian Sea,2010,Jan,173,0.011366622864651774,838,1.3296000000000001,1.1122483303044357,944.3065,827,9,0,0
Ionian Sea,2010,Feb,41,0.0026938239159001315,229,1.1690222222222222,0.94057848876302,226.0753,214,15,0,0
Ionian Sea,2010,Mar,61,0.004007884362680683,313,1.309209090909091,1.0713725628810318,331.103,313,0,0,0
Ionian Sea,2010,Jun,2096,0.13771353482260185,11111,3.133311764705882,2.367164822225127,26133.1566,11054,57,0,0
Ionian Sea,2010,Jul,4028,0.26465177398160317,25067,2.6544429824561404,1.807077271330831,44796.2133,24929,118,0,0
Ionian Sea,2011,Sep,11489,0.7548620236530881,162293,2.5067960317460316,1.6243777809099098,263750.0022,159228,315,0,0
Ionian Sea,2012,Jun,5845,0.3840341655716163,32704,3.0484872,2.228773211475505,72413.7829,31906,6,0,0
Ionian Sea,2012,Jul,14317,0.9406701708278581,186118,3.7239333333333335,2.3516869650295233,430011.0273,181058,1713,0,0
Ionian Sea,2012,Oct,13100,0.8607095926412615,257306,2.494704761904762,1.676534619134514,434335.0999,247808,1916,0,0
Ionian Sea,2012,Nov,11423,0.7505256241787123,193450,2.429536507936508,1.6048599700613007,310070.0114,185748,2048,0,0
Ionian Sea,2013,Apr,10928,0.7180026281208935,57761,3.197324603174603,1.928181887024212,106788.6972,51402,6359,0,0
Ionian Sea,2013,May,10195,0.6698423127463863,107302,3.915002380952381,2.3790140462487535,255659.7543,83482,22924,235,0
Ionian Sea,2013,Aug,2512,0.1650459921156373,20678,2.15926724137931,1.5169911425465576,31759.2295,20379,71,0,0
Ionian Sea,2013,Nov,8369,0.549868593955322,77016,2.6444632,1.737373916245298,138016.5223,72435,2853,0,0
Ionian Sea,2014,Jan,8537,0.5609067017082786,132957,1.983234126984127,1.229016104069347,166496.6299,118950,9342,0,0
Ionian Sea,2014,Feb,8995,0.5909986859395532,124661,1.88685873015873,1.1780169725005125,150338.8,108457,11608,0,0
Ionian Sea,2014,Mar,8781,0.5769382391590013,121680,1.9429512,1.1992425021002266,144420.9972,113491,2566,0,0
Ionian Sea,2014,Apr,5447,0.3578843626806833,35457,1.9374552,1.3119202486369106,46026.8233,34531,276,0,0
Ionian Sea,2015,Aug,14774,0.9706964520367937,229675,3.53531746031746,1.9849390975274463,455454.9738,189763,37759,92,0
Ionian Sea,2015,Oct,2613,0.1716819973718791,19661,1.8065934959349594,1.4106145767548919,28329.5854,19283,0,0,0
Ionian Sea,2016,Apr,10828,0.7114323258869908,125444,2.818208,1.6138113125520908,202755.8725,108238,13212,38,0
Ionian Sea,2016,Jul,5322,0.34967148488830485,35253,2.933332231404959,2.0763585822233246,72313.8588,35097,153,0,0
Ionian Sea,2017,Aug,13933,0.9154402102496715,124044,3.4447373015873017,2.0769503179930826,253558.7619,98513,25444,0,0
Ionian Sea,2018,Mar,1217,0.07996057818659658,9002,1.3583082191780822,1.0047114725272615,9725.9984,8583,265,0,0
Ionian Sea,2018,May,13313,0.8747043363994744,142441,3.708180158730159,2.2034429081063447,320073.3721,128540,11295,228,0
Ionian Sea,2018,Jun,13761,0.9041392904073587,129010,4.085238095238095,2.7298588712100456,350860.6033,105285,22672,21,0
Ionian Sea,2019,Mar,699,0.04592641261498029,4936,1.3300591836734694,1.0595430539924073,5386.6688,4903,0,0,0
Ionian Sea,2019,Jun,13595,0.8932325886990802,128279,3.631049206349206,2.443764608214243,307268.4158,124563,987,0,0
Ionian Sea,2019,Nov,10806,0.7099868593955322,186639,2.5926428571428572,1.7761549769198572,330600.1651,177637,3659,0,0
Ionian Sea,2019,Dec,6004,0.3944809461235217,117246,2.202872222222222,1.5489276979541244,185885.4733,111966,2463,0,0
Ionian Sea,2020,May,2841,0.1866622864651774,17029,3.459578494623656,2.168924981110063,36878.9269,15298,1681,23,0
Ionian Sea,2020,Oct,2563,0.16839684625492773,24331,1.8525221153846154,1.4276244606095332,34501.6765,24033,19,0,0
Ionian Sea,2021,Jan,7948,0.5222076215505913,155786,2.0199333333333334,1.2705765240960958,198071.7012,145828,6308,0,0
Ionian Sea,2021,Feb,7658,0.5031537450722733,128432,1.9560475806451614,1.1531338780323437,151399.9469,115278,7925,100,0
Ionian Sea,2021,Jun,6964,0.45755584756898815,34406,3.660327049180328,2.545063489843552,88798.9507,29126,4703,0,0
Ionian Sea,2021,Jul,12636,0.8302233902759527,70553,3.550526984126984,2.114523038622051,149217.6843,64970,4860,0,0
Ionian Sea,2022,Jun,15199,0.9986202365308804,256418,4.491178571428572,2.632175034009046,664005.118,230371,21627,15,0
Ionian Sea,2022,Jul,15172,0.9968462549277267,253226,4.427762698412699,2.607306954379523,651939.61,219476,32591,0,0
Ionian Sea,2022,Dec,12491,0.8206964520367936,118050,2.126529365079365,1.3941733526916722,162624.6842,109312,6128,3,0
Ionian Sea,2023,Jan,14315,0.94053876478318,312148,2.386127777777778,1.3921034727014236,437563.6702,228852,68557,479,0
Ionian Sea,2023,Jul,15215,0.9996714848883048,229504,0.5663563492063493,0.3639740133086145,49189.948899999996,124811,85496,12079,162
Ionian Sea,2023,Aug,10340,0.6793692509855453,45980,1.1934063492063491,0.9087508196898447,17529.7645,38705,6404,28,0
Ionian Sea,2023,Oct,15045,0.9885019710906702,265849,2.808626984126984,1.7869403127782766,477387.4161,251460,8577,0,0
Ionian Sea,2023,Nov,14781,0.9711563731931668,288012,2.9922373015873016,2.0012205666330423,571163.134,248185,36012,0,0
Ionian Sea,2023,Dec,6536,0.42943495400788434,109100,1.9960963636363636,1.3366405240125456,154196.8623,102701,2892,0,0
Ionian Sea,1992,Oct,186,0.012220762155059132,385,1.60994,1.3917490926201903,541.2132,385,0,0,0
Ionian Sea,1999,Aug,2363,0.15525624178712222,14921,2.2753926829268294,1.4706093426087428,22838.7706,14628,248,0,0
Ionian Sea,2000,May,2632,0.17293035479632063,16506,2.452475630252101,1.8716311557813816,31271.8002,16410,56,0,0
Ionian Sea,2003,Nov,1060,0.06964520367936924,7502,1.6595423076923077,1.357359993119819,10988.3192,7465,0,0,0
Ionian Sea,2003,Dec,1250,0.0821287779237845,8630,1.7876951612903225,1.3802432515281666,12155.6977,8237,241,0,0
Ionian Sea,2008,Jul,8792,0.5776609724047306,56693,3.3585685483870966,2.1806242441524,123955.4639,54922,176,0,0
Ionian Sea,2010,Apr,646,0.04244415243101183,2304,1.7657971428571428,1.4312504145656118,3282.2595,2302,0,0,0
Ionian Sea,2010,May,615,0.04040735873850197,1902,1.788570588235294,1.5207963747859752,2891.8311,1902,0,0,0
Ionian Sea,2010,Dec,1828,0.12010512483574244,13316,1.7142166666666667,1.3588672850839978,18285.4629,13245,0,0,0
Ionian Sea,2012,Aug,9416,0.6186596583442838,103634,2.559275806451613,1.5591620649151787,164453.9615,101275,474,0,0
Ionian Sea,2012,Dec,5935,0.3899474375821288,23688,1.949916379310345,1.470196972256588,35038.8198,23265,373,0,0
Ionian Sea,2013,Jan,82,0.005387647831800263,418,1.36685,1.1569929994911103,493.7769,416,2,0,0
Ionian Sea,2015,Jul,14442,0.9488830486202365,192259,3.6598176,2.2882948339213547,433537.6251,154490,36167,0,0
Ionian Sea,2015,Sep,11575,0.7605124835742444,129122,2.522402419354839,1.6043516245596638,208607.9344,126928,78,0,0
Ionian Sea,2015,Nov,2388,0.1568988173455979,21356,2.1791873786407767,1.6247753597121928,36644.6648,21130,78,0,0
Ionian Sea,2016,Feb,11122,0.7307490144546649,176635,1.80426,1.0951770170610189,194457.3467,165838,2653,0,0
Ionian Sea,2016,Sep,60,0.003942181340341655,116,1.5362777777777779,1.427782848324515,163.849,116,0,0,0
Ionian Sea,2016,Nov,1935,0.1271353482260184,12390,2.188772222222222,1.565262009677403,20272.2404,12178,177,0,0
Ionian Sea,2017,May,1794,0.1178712220762155,5831,2.189576388888889,1.7176637091003262,10200.1658,5760,2,0,0
Ionian Sea,2017,Sep,168,0.011038107752956636,1154,2.2541263157894735,1.7134377569464012,2095.8229,1141,0,0,0
Ionian Sea,2017,Dec,2,1.3140604467805518e-4,10,1.3825,1.15357,11.5357,10,0,0,0
Ionian Sea,2018,Feb,382,0.02509855453350854,2359,1.1748542372881356,0.8932458442052896,2315.1503,2244,99,0,0
Ionian Sea,2018,Aug,11303,0.7426412614980289,139361,2.658192,1.6436472320813822,229996.8497,136352,670,0,0
Ionian Sea,2018,Sep,12288,0.807358738501971,122336,2.447796,1.624237719082154,196980.9619,120196,1168,0,0
Ionian Sea,2018,Dec,1926,0.12654402102496715,16988,1.859144705882353,1.4056599643930061,23890.7951,16671,4,0,0
Ionian Sea,2019,Jul,13392,0.8798948751642576,119643,3.540247580645161,2.2819734178037585,271027.47120000003,115837,2038,0,0
Ionian Sea,2019,Sep,12335,0.8104467805519053,104000,2.2753984,1.5235090811797563,155530.8387,98216,1108,0,0
Ionian Sea,2020,Dec,5176,0.34007884362680685,52138,2.2824072,1.3927257773534898,74808.3655,48649,1093,0,0
Ionian Sea,2023,Feb,8226,0.540473061760841,68501,1.7167926829268292,1.0939397468344016,76039.733,63594,3430,0,0
Ionian Sea,1992,Dec,111,0.007293035479632063,652,1.4768655172413794,1.2011575462557549,785.5754000000001,652,0,0,0
Ionian Sea,1993,May,1463,0.09612352168199736,6850,2.575117105263158,1.9810110200745907,13691.2329,6850,0,0,0
Ionian Sea,1993,Jun,1148,0.07542706964520368,1681,2.29638,2.003144328873185,3368.2326,1681,0,0,0
Ionian Sea,1995,Mar,653,0.042904073587385017,2715,1.151460606060606,0.9531146780312284,2636.7784,2709,0,0,0
Ionian Sea,2001,Nov,1712,0.11248357424441524,3285,1.9554030303030303,1.589994363617594,5492.6438,3276,0,0,0
Ionian Sea,2003,Oct,701,0.04605781865965834,4035,2.3658391304347828,1.5417725695610567,6134.4148,3851,66,0,0
Ionian Sea,2008,Jun,6896,0.4530880420499343,30162,3.4842084033613445,2.468706399659958,72750.9719,29778,380,0,0
Ionian Sea,2012,May,7563,0.4969119579500657,70236,2.8041791304347825,1.8776340679643408,132122.9054,68091,1848,0,0
Ionian Sea,2012,Sep,9746,0.640341655716163,43011,1.9286435483870967,1.4470393957774863,60594.6541,42525,0,0,0
Ionian Sea,2013,Dec,1155,0.07588699080157688,5862,1.6115848837209303,1.3237291884670446,7814.5208999999995,5817,0,0,0
Ionian Sea,2014,Dec,10841,0.7122864651773981,157258,2.3527967741935485,1.458337947449285,227867.7902,152384,1196,0,0
Ionian Sea,2016,Oct,1744,0.11458607095926412,10955,2.0085848484848485,1.6106040225186877,17954.3498,10868,0,0,0
Ionian Sea,2018,Jul,295,0.01938239159001314,644,1.6403784615384616,1.4493321895343583,1039.3063,638,0,0,0
Ionian Sea,2018,Nov,2991,0.19651773981603154,26793,2.238613445378151,1.5582823733025928,42162.5094,26088,280,0,0
Ionian Sea,2019,Aug,9962,0.6545335085413929,61119,2.367129268292683,1.5139028015454958,95655.9004,60413,402,0,0
Ionian Sea,2019,Oct,11191,0.7352825229960578,171166,2.5170362903225807,1.706202740767717,299046.4566,167601,646,0,0
Ionian Sea,2021,Aug,12654,0.8314060446780552,151824,3.3383403225806454,1.8088453710390349,274228.6498,131219,17218,22,0
Ionian Sea,2022,Aug,12552,0.8247043363994744,175135,3.074635772357724,1.6963871956199896,307566.1871,162447,8111,45,0
Ionian Sea,2001,Jan,1828,0.12010512483574244,11345,1.877863768115942,1.1497054323597282,13919.987000000001,10646,695,2,0
Ionian Sea,2001,Aug,9,5.913272010512483e-4,29,1.90238,1.6444393333333334,67.1762,28,1,0,0
Ionian Sea,2002,Sep,32,0.002102496714848883,179,1.6972,1.4200541111111111,253.35580000000002,179,0,0,0
Ionian Sea,2007,Jan,5524,0.3629434954007884,91714,1.8813739583333333,1.1422772376496182,107092.3016,80155,8404,1,0
Ionian Sea,2007,Jun,9619,0.6319973718791064,63300,3.983860162601626,2.645964608562587,165502.1288,60628,2178,0,0
Ionian Sea,2008,Mar,292,0.019185282522996058,1410,1.316532258064516,1.0454703398052598,1528.6537,1389,19,0,0
Ionian Sea,2010,Nov,276,0.018134034165571616,571,1.3082243243243243,1.21676521955048,688.6166,571,0,0,0
Ionian Sea,2011,Jan,3283,0.2157030223390276,28152,1.5566393617021277,1.0935789215174794,31402.6912,27125,271,0,0
Ionian Sea,2011,Feb,3792,0.24914586070959263,38872,1.5290148514851485,1.065471001203188,44727.4193,34117,3895,0,0
Ionian Sea,2015,Jan,3507,0.23042049934296976,27693,1.723477868852459,1.167683372145337,33657.4724,27053,263,0,0
Ionian Sea,2015,May,7009,0.4605124835742444,50900,2.94289793814433,1.8572969354338242,94564.0102,49588,1291,0,0
Ionian Sea,2016,Dec,3409,0.22398160315374507,41737,1.9188637362637362,1.3448970115355103,56638.5171,40253,377,0,0
Ionian Sea,2017,Jan,1052,0.06911957950065703,4244,1.3797553191489362,1.1204884944844424,4719.6498,4238,0,0,0
Ionian Sea,2017,Mar,8095,0.5318659658344284,62695,1.891055737704918,1.1855418047856834,75688.2512,60199,1166,0,0
Ionian Sea,2017,Apr,7689,0.5051905387647831,64051,1.964830081300813,1.3359268084223501,86678.4147,62481,499,0,0
Ionian Sea,2017,Jul,4124,0.2709592641261498,18719,3.016321238938053,2.1066002556619297,38142.2147,18572,142,5,0
Ionian Sea,2020,Aug,3669,0.24106438896189225,25493,2.418627,1.564066002722008,42027.4901,24994,442,0,0
Ionian Sea,2022,Jan,351,0.023061760840998684,2412,1.3814114285714285,1.1057506630375415,2691.1385,2412,0,0,0
Ionian Sea,2022,Sep,7921,0.5204336399474376,121868,2.725801030927835,1.6135565001513954,209752.1854,111137,8686,0,0
Ionian Sea,2023,Mar,6715,0.4411957950065703,74353,1.915792372881356,1.1543970180881231,83839.5409,69142,2709,0,0
Ionian Sea,1993,Dec,2619,0.17207621550591326,25936,2.4515818181818183,1.3652342193100846,36674.6287,23411,1702,105,0
Ionian Sea,1994,Jan,2236,0.1469119579500657,17842,2.054267391304348,1.2478197983933674,23001.3891,15326,2237,22,0
Ionian Sea,1999,Nov,5909,0.38823915900131406,46781,2.3725901785714285,1.6596534993879684,77821.8273,45641,166,0,0
Ionian Sea,1999,Dec,74,0.004862023653088042,424,1.6363136363636364,1.4302824731262895,595.4691,424,0,0,0
Ionian Sea,2000,Dec,3229,0.2121550591327201,32251,1.8960826530612245,1.3520964922037289,44377.431300000004,31387,163,0,0
Ionian Sea,2001,Apr,178,0.011695137976346913,477,1.254359090909091,1.080170342089286,557.0702,477,0,0,0
Ionian Sea,2002,Feb,145,0.009526938239159,309,1.1758761904761905,1.0079896658362464,332.1723,302,7,0,0
Ionian Sea,2003,May,12232,0.8036793692509855,145326,3.780693442622951,2.4118787124344183,344506.9431,122561,22454,0,0
Ionian Sea,2007,Mar,6787,0.4459264126149803,75829,1.8682078431372549,1.1701473886962421,88169.4511,70140,4546,0,0
Ionian Sea,2008,Sep,5487,0.3605124835742444,38325,2.3227871794871793,1.5546439919927715,60211.1069,37650,450,0,0
Ionian Sea,2008,Dec,502,0.03298291721419185,3457,1.803852380952381,1.3373660529349303,4665.4074,3430,3,0,0
Ionian Sea,2009,May,7538,0.49526938239159,46481,3.7675198347107437,2.3536373469509004,110649.8984,41884,4596,0,0
Ionian Sea,2013,Sep,701,0.04605781865965834,5195,1.9224323529411764,1.4882096367320359,8151.1527,5075,0,0,0
Ionian Sea,2013,Oct,6787,0.4459264126149803,52459,2.3807684210526316,1.7086855090148108,94138.2478,48789,2038,0,0
Ionian Sea,2016,Mar,10142,0.6663600525624178,105897,1.8847090163934426,1.1526985322581649,122551.8017,102239,1760,0,0
Ionian Sea,2018,Apr,12346,0.8111695137976347,106068,3.3048704918032787,2.0023992075893187,211484.9101,88763,16634,27,0
Ionian Sea,2020,Jan,2424,0.1592641261498029,12883,1.44443125,1.1114830258098654,14719.8353,12758,0,0,0
Ionian Sea,2020,Sep,3547,0.23304862023653086,25610,2.1061608333333335,1.4934594343005452,39329.599,24754,34,0,0
Ionian Sea,1995,Aug,843,0.05538764783180026,5308,2.5198272727272726,1.6866483235951568,9430.4318,5285,21,0,0
Ionian Sea,2000,Nov,1613,0.10597897503285152,10723,2.0086740384615385,1.5855105006586556,17015.1597,10585,0,0,0
Ionian Sea,2001,Feb,743,0.0488173455978975,5364,1.4437073529411766,1.0472294122989376,6006.8355,5164,165,0,0
Ionian Sea,2003,Jan,547,0.03593955321944809,3245,1.4136811320754716,1.072173312645234,3600.5726,3241,1,0,0
Ionian Sea,2005,Jul,549,0.03607095926412615,773,1.8304366666666667,1.5606119836007903,1185.9711,773,0,0,0
Ionian Sea,2005,Aug,450,0.029566360052562416,1747,1.722514,1.3707991488561082,2381.0613,1736,11,0,0
Ionian Sea,2014,Oct,6364,0.4181340341655716,53752,2.2687881355932205,1.6409203995545452,93982.3971,52113,614,0,0
Ionian Sea,2015,Feb,2748,0.18055190538764782,28582,1.4121035714285715,1.0434612901478801,31541.2257,27991,55,0,0
Ionian Sea,2016,Jan,9697,0.6371222076215506,112300,1.753498347107438,1.134176561053861,127569.4385,108613,701,0,0
Ionian Sea,2021,Oct,4950,0.3252299605781866,33086,2.104663725490196,1.499331892506141,52445.2613,32545,531,0,0
Ionian Sea,2022,May,4801,0.3154402102496715,20406,2.9383675,2.0840026557469296,43272.4872,19623,612,0,0
Ionian Sea,2022,Oct,2532,0.16636005256241787,21764,2.167877,1.5756189936095828,36387.2676,21108,167,0,0
Ionian Sea,2022,Nov,6647,0.4367279894875164,64097,2.462398347107438,1.6380727058654025,104178.3075,62680,391,0,0
Ionian Sea,2023,Apr,1802,0.11839684625492773,10781,1.7060157142857142,1.1789373984308762,13052.1093,10618,13,0,0
Ionian Sea,1987,Sep,6936,0.4557161629434954,50711,2.3729383333333334,1.6268726409797796,83415.6998,48621,1938,0,0
Ionian Sea,1987,Oct,2704,0.1776609724047306,11437,2.1419915966386553,1.5799775771423894,18105.7883,11241,169,0,0
Ionian Sea,1994,Jul,3,1.9710906701708277e-4,3,1.14975,1.1262750000000001,3.4123,3,0,0,0
Ionian Sea,1998,Feb,360,0.023653088042049932,2201,1.2652488372093023,1.0078676943926255,2238.0978,2199,2,0,0
Ionian Sea,2004,Jul,1043,0.06852825229960578,5320,2.603463829787234,2.100444850188956,10744.6734,5320,0,0,0
Ionian Sea,2004,Oct,2205,0.14487516425755584,7321,1.9241071428571428,1.578392635248402,11561.0599,7219,10,0,0
Ionian Sea,2004,Nov,4517,0.29678055190538766,32339,2.2804386554621847,1.697665296799754,55745.3081,32257,0,0,0
Ionian Sea,2004,Dec,63,0.004139290407358738,212,1.2399818181818183,1.1162504306523415,231.842,212,0,0,0
Ionian Sea,2005,Jan,361,0.023718791064388962,2078,1.418812,1.1663789763493029,2531.0238,2076,0,0,0
Ionian Sea,2007,Feb,5266,0.3459921156373193,65874,1.7462631578947367,1.0696235528642295,72830.8517,57694,5561,18,0
Ionian Sea,2014,Sep,1603,0.10532194480946123,11200,2.169785294117647,1.471276444377295,16683.7089,11186,14,0,0
Ionian Sea,2020,Feb,3649,0.2397503285151117,32439,1.4814678260869565,1.0439603020919344,33416.6239,31550,11,0,0
Ionian Sea,2012,Apr,2866,0.1883048620236531,4807,1.9732295652173912,1.5582699948763445,7623.5004,4748,49,0,0
Ionian Sea,2017,Jun,3451,0.22674113009198424,44920,3.1536769911504425,2.2465622504664875,104966.5697,43077,795,0,0
Ionian Sea,2020,Mar,1626,0.10683311432325887,9526,1.3266128712871288,0.9990266078481425,9405.7625,9391,28,0,0
Ionian Sea,2021,Mar,5227,0.3434296977660972,40264,1.5310949152542372,1.0844800874642606,44418.3163,36369,1031,0,0
Ionian Sea,2023,Sep,2529,0.16616294349540078,15992,1.9617176991150442,1.534300842997352,25718.9655,15400,210,0,0
Ionian Sea,1990,Nov,6289,0.41320630749014453,87978,2.487989743589744,1.6920205866485893,152944.94,83603,1840,0,0
Ionian Sea,1997,Jan,2289,0.15039421813403417,25511,1.85065125,1.1375332448987319,29884.7709,22704,2347,15,0
Ionian Sea,1997,Feb,3816,0.2507227332457293,46355,1.8403930232558139,1.1308136021043056,52505.6357,41253,3902,9,0
Ionian Sea,1998,Mar,156,0.010249671484888305,364,1.096555,0.9323060007012918,338.90360000000004,364,0,0,0
Ionian Sea,2002,Oct,22,0.001445466491458607,135,1.4812571428571428,1.3213532923004745,179.3576,135,0,0,0
Ionian Sea,2007,Jul,2197,0.14434954007884362,11692,2.7834444444444446,1.9860051709358435,23746.7398,11007,682,0,0
Ionian Sea,2008,Nov,3411,0.2241130091984231,34918,2.1310304347826086,1.6220305509095996,57122.453,34296,2,0,0
Ionian Sea,2005,Nov,1716,0.11274638633377135,18521,2.2827415384615386,1.6558830144781616,31828.2915,17864,277,0,0
Ionian Sea,2009,Feb,376,0.024704336399474374,2288,1.2049416666666666,0.9596112027551992,2329.6417,2229,41,0,0
Ionian Sea,2009,Aug,5773,0.3793035479632063,26571,2.2530698275862067,1.6056157460073661,45448.8662,25639,90,0,0
Ionian Sea,2009,Sep,7848,0.5156373193166885,52839,2.5465692307692307,1.724924432081477,92425.5202,51394,1348,0,0
Ionian Sea,2011,Jul,6247,0.41044678055190537,43157,3.1407254385964913,2.0620136948788508,89606.0812,42479,677,0,0
Ionian Sea,1998,Jun,1184,0.07779237844940867,4043,2.977491,2.3436674794087526,9424.5793,3941,102,0,0
Ionian Sea,2007,Apr,4726,0.31051248357424444,36120,2.396164347826087,1.5543576630100622,56638.2573,34731,1281,49,0
Ionian Sea,2009,Jan,340,0.022339027595269383,2553,1.4699285714285715,1.0969430388134227,2926.3939,2535,4,0,0
Ionian Sea,2021,Sep,4854,0.31892247043363997,25412,2.2199469135802468,1.5456610412028737,40991.1548,23920,537,0,0
Ionian Sea,1994,May,1451,0.09533508541392904,7613,2.6668625,2.1328555418229995,16110.1205,7613,0,0,0
Ionian Sea,2006,Dec,4245,0.27890932982917216,67073,2.0459297872340425,1.399833133812559,98596.66960000001,58436,5851,0,0
Ionian Sea,1988,Aug,270,0.017739816031537452,1397,1.7176638888888889,1.3259074971932703,1843.972,1397,0,0,0
Ionian Sea,1990,Oct,5154,0.33863337713534825,46378,2.410118367346939,1.6531157654456388,77583.5958,44524,310,0,0
Ionian Sea,1993,Nov,1143,0.07509855453350854,11130,2.766629411764706,1.7166121768035216,19140.934400000002,10111,803,2,0
Ionian Sea,2014,Aug,260,0.017082785808147174,1558,2.056029411764706,1.4223900010251485,2165.7324,1461,97,0,0
Ionian Sea,2022,Feb,611,0.04014454664914586,3437,1.3276923076923077,1.0086974914122968,3531.8461,3423,10,0,0
Ionian Sea,1990,Feb,4495,0.29533508541392905,50142,1.6864105263157896,1.0649128688238472,54354.0962,43781,5040,26,0
Ionian Sea,1997,Mar,3040,0.19973718791064388,30612,1.5949876543209878,1.0630297781920626,32509.7642,29009,638,0,0
Ionian Sea,1998,Jan,134,0.008804204993429697,617,1.044265,0.8797502412195288,511.3618,617,0,0,0
Ionian Sea,1990,Jan,2847,0.18705650459921155,32201,1.6473934065934066,1.0972641297792645,36138.8021,29608,1534,0,0
Ionian Sea,2006,May,1438,0.09448094612352168,9879,3.3748451612903225,2.2382195193723207,23797.5586,7803,2068,0,0
Ionian Sea,2006,Jun,1044,0.0685939553219448,4193,3.2111673913043477,2.4070002813266194,10378.6627,4175,18,0,0
Ionian Sea,2008,Feb,583,0.03830486202365309,3556,1.075189393939394,0.8633545908583178,3038.9686,3543,9,0,0
Ionian Sea,2011,Mar,1251,0.08219448094612351,5699,1.3257802197802198,1.06769307561035,6156.7644,5640,14,0,0
Ionian Sea,1990,Dec,1938,0.12733245729303547,5104,1.610115294117647,1.3554337347632124,7465.7363,5093,10,0,0
Ionian Sea,1993,Sep,228,0.014980289093298292,1568,1.8430035714285715,1.474383184589558,2369.6059,1568,0,0,0
Ionian Sea,1996,Feb,1256,0.08252299605781865,9787,1.3479605633802816,0.9740571614608455,9725.1212,9361,248,0,0
Ionian Sea,2008,Oct,70,0.0045992115637319315,379,1.8091777777777778,1.6084863853980638,631.1399,366,0,0,0
Ionian Sea,1994,Mar,2615,0.17181340341655715,20466,1.668796261682243,1.1354956326545464,22831.2317,19437,511,0,0
Ionian Sea,1994,Jun,145,0.009526938239159,321,2.1924516129032257,1.9324956223955683,657.244,321,0,0,0
Ionian Sea,2006,Jul,2295,0.15078843626806832,15373,2.8464988764044943,2.1770317780534647,34371.972499999996,15312,0,0,0
Ionian Sea,2007,Aug,78,0.0051248357424441525,104,1.4974176470588236,1.3671141036414567,144.0148,104,0,0,0
Ionian Sea,2010,Sep,55,0.0036136662286465177,244,1.179440909090909,1.1075444001057082,273.5064,243,0,0,0
Ionian Sea,2011,Apr,740,0.04862023653088042,4068,1.6343171875,1.2205883781056333,4915.9195,4048,12,0,0
Ionian Sea,1988,Jul,5,3.28515111695138e-4,15,1.4462666666666666,1.3267814814814816,19.9881,15,0,0,0
Ionian Sea,1989,Dec,2334,0.1533508541392904,22424,1.9375313953488371,1.3480913114070538,31010.5353,20976,1144,0,0
Ionian Sea,1990,Mar,4107,0.2698423127463863,50566,1.7223471264367816,1.0940147470812724,56604.097499999996,46700,2509,0,0
Ionian Sea,1994,Apr,677,0.04448094612352168,2368,1.2926851063829787,1.0752845984384163,2574.5335999999998,2368,0,0,0
Ionian Sea,1998,Apr,7,4.599211563731931e-4,36,1.0923666666666667,1.0202560606060607,36.6655,36,0,0,0
Ionian Sea,2007,May,6593,0.43318002628120894,44192,3.3877412844036696,2.1511499251412753,95021.8206,41590,2582,0,0
Ionian Sea,2017,Feb,971,0.06379763469119579,3764,1.1368181818181817,0.9516129498170954,3702.5174,3764,0,0,0
Ionian Sea,1991,Feb,397,0.026084099868593957,1340,1.1817114285714285,0.994209009232059,1303.7651,1335,0,0,0
Ionian Sea,2006,Nov,777,0.051051248357424445,4126,1.8500285714285714,1.4838480504627665,6546.5583,3842,65,0,0
Ionian Sea,2008,Jan,235,0.015440210249671484,1744,1.2487925,0.9254815942353392,1669.6608999999999,1707,15,0,0
Ionian Sea,2019,Jan,1146,0.07529566360052563,5462,1.63822,1.303201124617979,7377.0656,5460,0,0,0
Ionian Sea,2019,Feb,142,0.009329829172141918,781,1.2026666666666668,1.0057365740667548,781.3241,781,0,0,0
Ionian Sea,2020,Nov,1427,0.09375821287779237,7420,1.7934756756756758,1.4476036394158296,10705.220299999999,7359,0,0,0
Ionian Sea,1990,Sep,138,0.009067017082785808,317,1.414125,1.2439947088182506,395.8371,317,0,0,0
Ionian Sea,1995,Feb,1270,0.08344283837056504,8167,1.3345859154929578,0.9599441366800721,7677.0662999999995,7999,46,0,0
Ionian Sea,2003,Apr,21,0.0013797634691195793,21,1.3077333333333332,1.2947319444444445,27.5582,21,0,0,0
Ionian Sea,2022,Mar,224,0.014717477003942181,1144,1.29503,1.0047828657237747,1141.6178,1133,0,0,0
Ionian Sea,1988,Feb,570,0.03745072273324573,2331,1.1757203703703705,0.9146619452114401,2087.0564,2293,9,0,0
Ionian Sea,1994,Dec,1450,0.09526938239159001,18614,2.1057973684210527,1.369821058564683,25117.6044,17647,309,0,0
Ionian Sea,1995,Jan,953,0.06261498028909329,3108,1.3550642857142856,1.1417257968600893,3438.0166,3078,0,0,0
Ionian Sea,1997,May,37,0.002431011826544021,211,1.96742,1.732502898920385,366.6764,211,0,0,0
Ionian Sea,2021,Apr,395,0.0259526938239159,1059,1.2727545454545455,1.0881320779187613,1173.3429,1059,0,0,0
Ionian Sea,1993,Oct,238,0.015637319316688568,1036,2.04475,1.6014860441676446,1741.7281,1016,20,0,0
Ionian Sea,2013,Jul,1339,0.08797634691195795,9291,2.655572881355932,2.0520083287157447,19709.4818,9291,0,0,0
Ionian Sea,1988,Jan,736,0.048357424441524306,4303,1.2107072727272727,0.9233474473478401,3932.7758,4225,28,0,0
Ionian Sea,1991,Oct,1242,0.08160315374507227,11203,1.9278479452054795,1.5356273092383192,16936.197,10965,0,0,0
Ionian Sea,2014,Nov,973,0.06392904073587385,3460,1.7526245283018869,1.4539683145088986,5267.3134,3441,0,0,0
Ionian Sea,1989,Nov,62,0.004073587385019711,231,1.6324125,1.427051482612782,333.5304,231,0,0,0
Ionian Sea,2015,Jun,2222,0.14599211563731931,13167,2.7696083333333332,2.1518473257138067,27870.4923,13167,0,0,0
Ionian Sea,2015,Dec,2648,0.17398160315374506,26327,1.8610693069306932,1.3913547865108506,36557.0237,25658,15,0,0
Ionian Sea,2016,May,64,0.004204993429697766,64,1.5891727272727272,1.523933777056277,98.4247,64,0,0,0
Ionian Sea,2020,Apr,667,0.043823915900131405,3360,1.8979255319148935,1.4484715670348625,4854.8283,3271,89,0,0
Ionian Sea,2023,Jun,747,0.049080157687253614,3453,2.6324034482758623,2.08848978756036,7458.6566,3415,31,0,0
Ionian Sea,1982,Jan,1,6.570302233902759e-5,5,0.9414,0.92764,4.6382,5,0,0,0
Ionian Sea,1987,Nov,180,0.011826544021024966,696,2.1244470588235296,1.637130159955879,1166.7625,696,0,0,0
Ionian Sea,2008,Aug,16,0.0010512483574244415,51,1.4820444444444445,1.3336320370370371,65.2555,51,0,0,0
Ionian Sea,2012,Mar,921,0.060512483574244415,5487,1.4942565789473685,1.1373213818242471,6272.4658,5450,4,0,0
Ionian Sea,1986,Sep,165,0.010840998685939553,1068,1.6013074074074074,1.3544522072108514,1447.3493,1068,0,0,0
Ionian Sea,1987,Jul,63,0.004139290407358738,317,2.9735136363636365,2.268877673576424,758.9711,306,11,0,0
Ionian Sea,1991,Sep,637,0.041852825229960575,3484,1.9326468085106383,1.5937639748187262,6179.3686,3473,0,0,0
Ionian Sea,1991,Nov,110,0.007227332457293035,424,1.786496,1.5303467742916343,659.2753,424,0,0,0
Ionian Sea,1993,Jan,244,0.016031537450722732,1650,1.1923882352941175,0.9893536863815326,1616.6641,1642,3,0,0
Ionian Sea,1998,Jul,642,0.042181340341655715,2114,3.1760046511627906,2.5421389123285176,5298.2714,2114,0,0,0
Ionian Sea,2015,Mar,583,0.03830486202365309,3507,1.4436403846153847,1.0811299962432213,4033.8912,3478,13,0,0
Ionian Sea,2020,Jul,1535,0.10085413929040736,5835,2.9298046875,2.2063436020554157,12619.1693,5750,85,0,0
Ionian Sea,1994,Feb,24,0.0015768725361366622,109,0.9653777777777778,0.8358126587301588,90.252,109,0,0,0
Ionian Sea,2010,Aug,360,0.023653088042049932,3556,1.8686483333333332,1.4395911806212907,5452.7586,3407,105,0,0
Ionian Sea,2021,Nov,174,0.0114323258869908,1114,1.8226758620689656,1.4571451099703945,1654.7768,1114,0,0,0
Ionian Sea,1990,Apr,1985,0.1304204993429698,10736,2.7321166666666667,1.5644262023250295,15914.2444,7950,2416,314,0
Ionian Sea,1994,Nov,710,0.04664914586070959,5380,1.943842,1.4864479633579069,7995.2979,5322,0,0,0
Ionian Sea,1996,Jan,759,0.04986859395532194,4524,1.296996551724138,0.9696593752514553,4402.484,4401,0,0,0
Ionian Sea,1996,Dec,258,0.01695137976346912,1390,1.5063071428571428,1.1741120716043263,1653.2283,1364,0,0,0
Ionian Sea,2018,Jan,146,0.009592641261498029,782,1.048002564102564,0.8616869074114639,696.2633,781,1,0,0
Ionian Sea,2008,May,976,0.06412614980289093,5101,2.397520779220779,1.866173805805083,9432.4926,5101,0,0,0
Ionian Sea,2002,Jun,1019,0.06695137976346911,5855,2.7687736842105264,2.200914351107397,13023.8084,5855,0,0,0
Ionian Sea,1992,Aug,237,0.01557161629434954,1096,2.2086391304347828,1.962132288725352,2229.1792,1096,0,0,0
Ionian Sea,2018,Oct,208,0.01366622864651774,628,1.8461710526315789,1.6806868690586076,957.4278,623,5,0,0
Ionian Sea,1985,Dec,9,5.913272010512483e-4,45,1.3312166666666667,1.1644233333333334,53.512,45,0,0,0
Ionian Sea,2015,Apr,28,0.0018396846254927724,140,1.464,1.277994,179.1209,140,0,0,0
Ionian Sea,2023,May,620,0.040735873850197106,3235,2.2301625,1.6906861393877506,5063.387,2982,8,0,0
Ionian Sea,2006,Aug,503,0.03304862023653088,2115,2.5318815789473685,2.0640293119652395,4259.6363,2113,2,0,0
Ionian Sea,2004,Jan,219,0.014388961892247042,1196,1.3476193548387096,1.0742838245816533,1291.3231,1196,0,0,0
Ionian Sea,2009,Jun,387,0.02542706964520368,1541,2.5286982456140352,2.0206606188216787,3203.9341,1467,62,0,0
Ionian Sea,1986,Jan,50,0.0032851511169513796,266,1.27681875,1.061885908375227,286.4466,266,0,0,0
Ionian Sea,2005,Oct,330,0.021681997371879105,1905,2.0535107142857143,1.7022801503748348,3296.0559,1889,0,0,0
Ionian Sea,2012,Jan,627,0.0411957950065703,5114,1.4177619047619048,1.0827244108877396,5646.7252,4915,0,0,0
Ionian Sea,1986,May,2196,0.1442838370565046,13898,2.70015625,2.075681084551244,30036.5111,13898,0,0,0
Ionian Sea,2011,Aug,315,0.020696452036793694,1283,2.236651282051282,1.9258127456743817,2646.5349,1283,0,0,0
Ionian Sea,2011,Oct,3356,0.2204993429697766,21541,1.989428735632184,1.5981742222752684,34841.3591,21304,4,0,0
Ionian Sea,2011,Dec,1958,0.12864651773981603,18419,1.9637675,1.4059007288837493,26663.6346,18037,32,0,0
Ionian Sea,2005,Dec,6,3.9421813403416555e-4,40,1.5339999999999998,1.1849379999999998,47.4065,40,0,0,0
Ionian Sea,2016,Aug,368,0.024178712220762153,2968,2.045771111111111,1.6612742130251177,5191.7496,2951,14,0,0
Ionian Sea,1988,Oct,294,0.01931668856767411,688,1.9755,1.7621087118477687,1259.217,684,0,0,0
Ionian Sea,1988,Nov,315,0.02069645203679369,1572,2.1542,1.6146709421627967,2562.4839,1445,0,0,0
Ionian Sea,1986,Jun,49,0.003219448094612352,60,1.7051416666666666,1.6646981150793652,100.1651,60,0,0,0
Ionian Sea,1986,Oct,132,0.008672798948751642,830,1.7672375,1.524683103074127,1244.3003,830,0,0,0
Ionian Sea,2010,Oct,12,7.884362680683311e-4,60,1.3989333333333334,1.2807772222222222,76.3966,60,0,0,0
Ionian Sea,2000,Jun,1013,0.06655716162943495,4190,2.6209486111111113,2.073431854537978,8590.6598,4165,20,0,0
Ionian Sea,2005,Jun,94,0.0061760840998685935,370,2.280657894736842,1.9893332508536181,723.4617000000001,370,0,0,0
Ionian Sea,2007,Oct,81,0.005321944809461235,515,2.0511181818181816,1.5576729036065506,822.2939,515,0,0,0
Ionian Sea,2009,Dec,50,0.0032851511169513796,230,1.6527625,1.2724455785361106,287.7549,230,0,0,0
Ionian Sea,2021,May,102,0.0067017082785808145,689,2.4274894736842105,1.9440352382302504,1301.5228,686,3,0,0
Ionian Sea,1991,Mar,665,0.04369250985545335,4976,1.3475485714285713,1.0091773618169584,5138.2293,4873,3,0,0
Ionian Sea,2017,Oct,9,5.913272010512483e-4,47,1.8901333333333332,1.5745197402597404,74.3117,47,0,0,0
Ionian Sea,1982,Jun,47,0.003088042049934297,259,2.08804,1.825045273184825,473.49760000000003,257,0,0,0
Ionian Sea,2016,Jun,68,0.004467805519053876,369,2.4465923076923075,2.0226290741464434,752.1456,369,0,0,0
Ionian Sea,1990,Aug,64,0.004204993429697766,369,2.42995625,2.1599479343344066,817.436,369,0,0,0
Ionian Sea,1997,Apr,14,9.198423127463862e-4,14,0.9956750000000001,0.94098125,13.2135,14,0,0,0
Ionian Sea,2014,Jun,18,0.0011826544021024967,92,2.4712125,2.0872014583333334,190.4154,92,0,0,0
Ionian Sea,1991,Apr,87,0.0057161629434954,236,1.134516,1.01043987595462,244.7961,236,0,0,0
Ionian Sea,2001,Dec,62,0.004073587385019711,254,1.7509076923076923,1.5830328872324992,405.4881,254,0,0,0
Ionian Sea,2007,Sep,40,0.002628120893561104,182,1.66825,1.3756251975888694,265.8306,182,0,0,0
Ionian Sea,1995,Dec,83,0.005453350854139291,165,1.1023333333333334,0.9997605707371332,170.4553,165,0,0,0
Ionian Sea,1985,Oct,140,0.009198423127463863,760,1.7785428571428572,1.5339550455570021,1193.9223,760,0,0,0
Ionian Sea,2004,Sep,54,0.00354796320630749,358,2.037,1.6192032312687177,579.761,358,0,0,0
Ionian Sea,2009,Jul,72,0.004730617608409987,365,2.5479391304347825,2.18256004589372,778.5688,365,0,0,0
Ionian Sea,1990,May,17,0.001116951379763469,90,2.1935571428571428,1.8580572943722944,168.5047,90,0,0,0
Ionian Sea,1997,Sep,6,3.9421813403416555e-4,30,1.6413,1.4526366666666668,43.7959,30,0,0,0
Ionian Sea,2011,Nov,185,0.012155059132720105,887,1.8619052631578947,1.6178727917031483,1510.1519,887,0,0,0
Ionian Sea,2002,Jan,2,1.3140604467805518e-4,10,1.0424,0.82197,8.2197,10,0,0,0
Ionian Sea,1997,Oct,108,0.00709592641261498,633,1.7849875,1.523197882954883,977.2282,633,0,0,0
Ionian Sea,1985,Jun,9,5.913272010512483e-4,52,1.95046,1.775118475935829,91.7708,52,0,0,0
Ionian Sea,1992,Sep,109,0.007161629434954008,345,2.5776,2.174727527121056,786.0961,345,0,0,0
Ionian Sea,1992,Feb,49,0.003219448094612352,316,0.8986181818181819,0.795419965879066,263.4221,316,0,0,0
Ionian Sea,1982,Sep,47,0.0030880420499342968,209,1.7909285714285714,1.5248526953338808,320.8995,209,0,0,0
Ionian Sea,1982,Oct,22,0.001445466491458607,37,1.5359125,1.4316955208333333,54.505,37,0,0,0
Ionian Sea,2013,Jun,307,0.020170827858081473,1603,3.4105325,2.5983614660519465,4508.0097,1597,6,0,0
Ionian Sea,2013,Mar,17,0.001116951379763469,103,0.9429000000000001,0.8650502469955724,89.1868,103,0,0,0
Ionian Sea,2013,Feb,2,1.3140604467805518e-4,10,1.08475,0.94263,9.4263,10,0,0,0
Ionian Sea,2011,May,33,0.0021681997371879105,66,2.1697466666666667,2.0083611666666665,134.6109,66,0,0,0
Ionian Sea,2011,Jun,28,0.0018396846254927724,106,2.0404583333333335,1.8906776728255406,204.2063,106,0,0,0
Ionian Sea,1984,Nov,46,0.003022339027595269,118,1.420476923076923,1.2778680173992674,148.1808,118,0,0,0
Ionian Sea,1984,Dec,57,0.003745072273324573,182,1.3961764705882354,1.2642064215686275,231.3862,182,0,0,0
Ionian Sea,1989,Apr,3,1.9710906701708277e-4,18,1.5087000000000002,1.1757291666666667,21.186799999999998,18,0,0,0
Ionian Sea,2005,Mar,15,9.855453350854138e-4,87,1.6823625,1.3443841666666667,128.16389999999998,87,0,0,0
Ionian Sea,2020,Jun,36,0.0023653088042049934,43,2.137930769230769,2.0757283974358973,91.5104,43,0,0,0
Ionian Sea,2000,Jul,1,6.570302233902759e-5,5,3.6969,2.89302,14.4651,5,0,0,0
Ionian Sea,2006,Apr,7,4.599211563731931e-4,40,2.450025,1.8402829166666665,79.978,38,2,0,0
Ionian Sea,1993,Feb,49,0.003219448094612352,286,1.0393083333333333,0.8761620567399541,252.6345,286,0,0,0
Ionian Sea,1992,Mar,2,1.3140604467805518e-4,8,0.8066,0.745025,5.9602,8,0,0,0
Ionian Sea,2009,Oct,3,1.9710906701708277e-4,15,1.8865333333333334,1.5683133333333334,23.524700000000003,15,0,0,0
Ionian Sea,2003,Feb,13,8.541392904073587e-4,26,1.163525,1.0063964583333334,26.6127,26,0,0,0
Ionian Sea,2012,Feb,205,0.013469119579500657,594,1.246175,1.0617501813553165,680.7825,563,0,0,0
Ionian Sea,2002,Nov,29,0.0019053876478318003,142,1.87316,1.640877967393854,235.3767,142,0,0,0
Ionian Sea,2002,Dec,8,5.256241787122207e-4,8,1.3916333333333333,1.3769066666666667,10.7783,8,0,0,0
Ionian Sea,1999,Jan,31,0.0020367936925098553,207,1.72416,1.3775947282545502,289.4487,207,0,0,0
Ionian Sea,1996,Jun,3,1.9710906701708277e-4,15,2.6962,2.384245,35.852199999999996,15,0,0,0
Ionian Sea,2004,Feb,23,0.0015111695137976346,193,1.45335,1.2274275931967338,240.778,193,0,0,0
Ionian Sea,1989,Jul,1,6.570302233902759e-5,5,2.8445,2.4666799999999998,12.3334,5,0,0,0
Ionian Sea,2004,Mar,8,5.256241787122207e-4,40,1.1277,1.0259755555555554,41.1015,40,0,0,0
Ionian Sea,2000,Jan,5,3.28515111695138e-4,30,1.7800500000000001,1.4324620535714285,42.8882,30,0,0,0
Aegean Sea,1990,Nov,277,0.021317531168231492,1093,2.343782608695652,1.7401415227863386,1963.9767,1057,4,0,0
Aegean Sea,1990,Dec,1471,0.113206095120825,17688,2.2677925,1.5888950181654695,32083.8451,15943,1114,0,0
Aegean Sea,1991,Jan,2834,0.21810066184392796,27157,2.086229661016949,1.4085572364323211,45101.5397,22744,3669,255,0
Aegean Sea,1991,Feb,425,0.032707403416961676,4383,2.1695349999999998,1.4780521038247525,7048.8007,2950,1283,5,0
Aegean Sea,1991,Mar,335,0.02578112975219332,1931,2.287935294117647,1.5256320364279419,2905.3779,1404,479,48,0
Aegean Sea,1991,Nov,155,0.011928582422656611,1030,2.4388315789473687,1.8248175260787414,1925.4856,1012,0,0,0
Aegean Sea,1993,Dec,751,0.05779590580267816,7176,2.049603448275862,1.4294406011567393,10836.7188,6893,96,0,0
Aegean Sea,1994,Jan,954,0.07341850084654455,12145,2.490118918918919,1.552433694459026,20209.546,9104,2465,256,1
Aegean Sea,1994,May,835,0.06426042788979529,4769,2.943764893617021,2.0333315741106976,10316.1737,4427,341,0,0
Aegean Sea,1994,Sep,9552,0.7351085116207481,96515,2.7543446043165467,1.7808213839460976,175906.0431,92543,1076,0,0
Aegean Sea,1994,Oct,11072,0.852085577959058,160152,3.066915107913669,2.001883233893406,314445.9594,147283,9617,2,0
Aegean Sea,1994,Nov,3382,0.2602739726027397,22004,2.4018462809917356,1.7373265331320469,39019.5611,21373,363,0,0
Aegean Sea,1995,Jan,14,0.0010774203478528552,74,1.6956,1.4832274857142858,108.9749,74,0,0,0
Aegean Sea,1995,Feb,189,0.014545174696013545,1907,1.8911052631578946,1.4049439055487156,3073.523,1782,18,0,0
Aegean Sea,1995,Mar,324,0.024934585193166076,2147,1.6624806451612903,1.218967474109487,2840.2353000000003,2063,56,0,0
Aegean Sea,1995,Jun,4424,0.34046482992150223,34193,2.905074193548387,1.9511371446920212,68245.6375,32934,604,0,0
Aegean Sea,1995,Nov,18,0.0013852547329536709,103,2.13006,1.612060115942029,166.0016,103,0,0,0
Aegean Sea,1995,Dec,221,0.01700784977682007,2697,2.0192866666666665,1.511366175763094,4152.3994,2604,0,0,0
Aegean Sea,1996,Jan,247,0.019008773279975372,2428,1.8311,1.3712603143340882,3467.6784,2286,0,0,0
Aegean Sea,1996,Feb,69,0.005310143142989072,549,1.6422333333333334,1.2512212739757376,703.0932,516,7,0,0
Aegean Sea,1996,Nov,46,0.0035400954286593815,232,1.6224363636363637,1.4092743074989527,333.8844,232,0,0,0
Aegean Sea,1997,Jan,1483,0.11412959827612744,28132,1.9618140845070422,1.398066741067007,43314.1851,25309,2093,0,0
Aegean Sea,1997,Feb,739,0.05687240264737571,8098,1.7880577777777777,1.2516017631470588,10383.5981,7703,124,0,0
Aegean Sea,1997,May,288,0.022164075727258734,1784,2.1082035714285716,1.6869893732992385,2968.0458,1784,0,0,0
Aegean Sea,1997,Jun,1422,0.10943512390334,10321,2.663670192307692,1.991966156121554,20532.2861,10216,105,0,0
Aegean Sea,1998,Jul,611,0.04702170232414961,1750,2.3240708333333333,1.7514255801668799,2888.6787,1745,5,0,0
Aegean Sea,1998,Aug,1492,0.11482222564260428,16901,2.678554716981132,1.6756425798228929,28756.657,15489,1273,0,0
Aegean Sea,1998,Oct,631,0.048560874249653684,4890,2.045166666666667,1.5439956995722517,7409.5543,4851,2,0,0
Aegean Sea,1998,Nov,571,0.04394335847314145,5741,2.1092355555555558,1.6995683799891754,9975.4733,5582,0,0,0
Aegean Sea,1998,Dec,1030,0.07926735416346006,7105,1.8864698412698413,1.4631200503149577,11185.1238,7013,0,0,0
Aegean Sea,1999,Feb,1073,0.08257657380329382,5845,1.5442013698630137,1.1332617090656487,7308.3451000000005,5746,39,0,0
Aegean Sea,1999,Mar,1649,0.1269047252578113,13343,1.5427337078651686,1.1653638087751441,16391.1254,13150,58,0,0
Aegean Sea,1999,May,1013,0.07795905802678159,5141,2.8165652173913043,1.9649716625737499,9808.701,4557,584,0,0
Aegean Sea,1999,Aug,5528,0.4254271202093274,49012,2.7864647482014386,1.72428223348124,86015.4888,46830,1981,0,0
Aegean Sea,1999,Sep,1848,0.14221948591657688,9299,1.9494742857142857,1.5269183984930492,14102.866,9007,0,0,0
Aegean Sea,1999,Oct,7292,0.5611820840387871,64099,2.6713755395683454,1.7011959138347768,108182.1481,62998,438,144,0
Aegean Sea,1999,Nov,1160,0.08927197167923658,9539,1.9956105263157895,1.5092106186204097,14972.3155,9413,0,0,0
Aegean Sea,1999,Dec,1188,0.09142681237494228,11731,1.8026324324324325,1.3976195609431556,18678.2373,11531,6,0,0
Aegean Sea,2000,Jan,402,0.030937355702631984,3164,1.6282242424242424,1.2804902087737908,4919.485,3154,0,0,0
Aegean Sea,2000,Feb,93,0.007157149453593966,805,1.7166214285714285,1.3042829259477022,1064.8578,805,0,0,0
Aegean Sea,2001,Jan,268,0.020624903801754656,1495,1.6488333333333334,1.3042950397868267,2220.4999,1343,152,0,0
Aegean Sea,2001,Feb,418,0.03216869324303525,2909,1.575679411764706,1.1550763861220974,3691.9315,2810,39,0,0
Aegean Sea,2001,Mar,5124,0.394335847314145,40690,2.2616346774193548,1.4053478071400278,58941.5003,36064,4520,34,0
Aegean Sea,2001,Aug,1206,0.09281206710789595,9145,2.464222580645161,1.705344491233535,15916.3703,8786,203,0,0
Aegean Sea,2001,Sep,2967,0.2283361551485301,24312,2.3623016806722688,1.7067587038978724,42992.3761,24117,119,0,0
Aegean Sea,2001,Oct,3447,0.265276281360628,33282,2.223676923076923,1.6392666150600568,56580.9194,32070,62,0,0
Aegean Sea,2001,Dec,50,0.0038479298137601967,268,2.4428285714285716,1.6357702693676088,441.37399999999997,266,2,0,0
Aegean Sea,2002,Mar,4068,0.31306756964752963,24845,1.8803093023255815,1.2450608582655878,31487.4226,24042,674,0,0
Aegean Sea,2002,Jul,6394,0.49207326458365397,56310,3.291631617647059,2.093459388037417,122990.99,52472,1583,0,0
Aegean Sea,2002,Aug,5794,0.44589810681853165,81146,3.529037777777778,2.298870741650827,207160.542,74704,5736,0,0
Aegean Sea,2002,Oct,892,0.06864706787748191,9174,2.087092307692308,1.634886861615202,15616.2451,9051,0,0,0
Aegean Sea,2002,Nov,2761,0.21248268431583808,11865,2.22518,1.6747717233217305,20606.3502,11629,38,0,0
Aegean Sea,2002,Dec,2922,0.22487301831614592,13374,2.195746551724138,1.60391163796315,22577.1363,13163,154,0,0
Aegean Sea,2003,May,3875,0.29821456056641527,32274,3.399055769230769,2.279324203779944,69225.7109,29269,2482,172,0
Aegean Sea,2003,Jun,3423,0.26342927505002306,25865,3.1078775,2.1547854656931364,55966.3695,24609,677,0,0
Aegean Sea,2003,Jul,4113,0.3165307064799138,28946,3.1813753623188408,2.0438054992691703,58102.2436,27042,1712,0,0
Aegean Sea,2003,Nov,220,0.016930891180544867,1303,1.752809090909091,1.4239932837757658,1930.2921000000001,1273,0,0,0
Aegean Sea,2004,Nov,5588,0.43004463598583964,64648,2.5267712,1.7379650945439338,113030.0295,62428,610,0,0
Aegean Sea,2004,Dec,858,0.06603047560412498,7747,1.8818597014925373,1.4376963435165868,12003.0638,7619,0,0,0
Aegean Sea,2005,Jan,667,0.05133138371556103,5582,2.0220173076923076,1.3808736017080898,8797.5436,5223,146,0,0
Aegean Sea,2005,Feb,36,0.0027705094659073418,138,1.8080666666666667,1.5211398015873017,215.5958,138,0,0,0
Aegean Sea,2006,Jan,202,0.015545636447591197,1382,1.6779947368421053,1.157192888773466,1574.6731,1360,10,0,0
Aegean Sea,2006,Feb,170,0.01308296136678467,1308,1.5524333333333333,1.2096230738222706,1637.48,1297,5,0,0
Aegean Sea,2006,Mar,60,0.0046175157765122364,268,1.3282111111111112,1.1583242900204618,314.3228,268,0,0,0
Aegean Sea,2006,Apr,7,5.387101739264276e-4,35,1.4367,1.1743058333333334,41.1687,35,0,0,0
Aegean Sea,2006,May,852,0.06556872402647376,4304,2.5845279569892474,1.9724170781324144,8765.2923,4282,15,0,0
Aegean Sea,2006,Jun,401,0.03086039710635678,1067,2.5546535714285716,2.0087624255178858,2083.6237,1025,42,0,0
Aegean Sea,2006,Dec,262,0.020163152224103434,2950,2.3411222222222223,1.6521162128172484,5027.0488000000005,2799,5,0,0
Aegean Sea,2007,Jan,373,0.02870555641065107,2825,2.0592875,1.5758938440979777,4531.1321,2704,55,0,0
Aegean Sea,2007,Feb,318,0.02447283361551485,2450,2.0119875,1.4980234193056055,3731.8811,2382,42,0,0
Aegean Sea,2007,Mar,257,0.019778359242727413,3334,1.7700533333333333,1.2480298496740372,4535.976,3053,12,0,0
Aegean Sea,2007,Apr,145,0.011158996459904572,924,1.42995,1.1260275260939612,1035.1221,899,0,0,0
Aegean Sea,2007,Jul,4401,0.33869478220717253,29600,2.7589847826086955,1.861683416518223,57360.7269,25895,3285,109,0
Aegean Sea,2007,Aug,5440,0.4186547637371094,25415,2.463705035971223,1.6906149808930997,43449.2083,24350,244,0,0
Aegean Sea,2008,Jun,2052,0.1579190395567185,11237,2.8881111111111113,2.166413317853526,24197.6421,11034,183,0,0
Aegean Sea,2008,Jul,1422,0.10943512390334001,5904,2.5048707070707072,1.9185141003402657,11590.6165,5678,180,0,0
Aegean Sea,2008,Aug,820,0.06310604894566724,5051,2.1856516666666668,1.6365907782421483,8451.1913,5027,14,0,0
Aegean Sea,2008,Sep,1478,0.11374480529475142,8558,2.2979419047619047,1.7129398820988564,15604.0315,8364,165,0,0
Aegean Sea,2008,Dec,287,0.02208711713098353,2475,2.0793236842105265,1.5841052340895745,3730.0293,2408,35,0,0
Aegean Sea,2009,Jun,2476,0.19054948437740496,11593,2.6726445544554456,1.9628659216181255,21757.599,11143,157,0,0
Aegean Sea,2009,Jul,5957,0.4584423580113899,54192,3.3650098484848483,2.1757838372541123,116957.5659,48847,5038,0,0
Aegean Sea,2009,Oct,282,0.021702324149607512,1729,1.9604558823529412,1.5288268055112133,2698.9759,1729,0,0,0
Aegean Sea,2009,Nov,372,0.028628597814375868,2341,1.9281672727272727,1.547147445812297,3762.2717,2334,0,0,0
Aegean Sea,2009,Dec,3615,0.27820532553486227,33177,2.2854067226890757,1.5356541398812227,50897.4015,31913,447,0,0
Aegean Sea,2010,Jan,7640,0.5879636755425581,151204,2.241674820143885,1.3792930802829841,215307.6904,143216,4566,9,0
Aegean Sea,2010,Feb,6588,0.5070032322610436,89632,1.9511328358208955,1.2733150730898941,120180.3402,83642,3568,0,0
Aegean Sea,2010,Mar,6089,0.4686008927197168,98187,1.8260338461538461,1.2571364425629226,120997.758,92929,1079,0,0
Aegean Sea,2010,May,5498,0.42311836232107125,36171,3.442102205882353,2.216205120871367,79768.5924,33887,2284,0,0
Aegean Sea,2010,Jul,4794,0.3689395105433277,32693,2.506878417266187,1.7250185179596678,56489.9044,32387,53,0,0
Aegean Sea,2010,Aug,12184,0.9376635370170848,235732,3.6177597122302156,2.140838984223569,498158.3332,203403,29930,0,0
Aegean Sea,2010,Sep,6919,0.532476527628136,48372,2.3038839416058394,1.5015497026719835,72931.6627,47222,64,0,0
Aegean Sea,2010,Oct,1738,0.13375404032630445,10299,1.873946875,1.4542467281840004,15163.9072,10130,47,0,0
Aegean Sea,2010,Nov,5748,0.44235801138987224,43446,2.1621702898550725,1.6043236681500108,70807.9106,42109,33,0,0
Aegean Sea,2010,Dec,11216,0.8631676158226874,149478,2.6412208633093526,1.6264618149024694,243314.4849,143994,2545,0,0
Aegean Sea,2011,Jan,11192,0.8613206095120824,240158,2.3863489208633095,1.4154066821765592,332582.6862,222853,9696,76,0
Aegean Sea,2011,Feb,10832,0.8336155148530091,182096,1.9855096296296297,1.2647053232423457,218404.3524,175192,1035,26,0
Aegean Sea,2011,Mar,6325,0.4867631214406649,51935,1.7322953488372093,1.1615473033249735,60582.9032,50215,836,13,0
Aegean Sea,2011,Jul,4749,0.3654763737109435,30984,2.922251798561151,2.0802328333702422,67768.4548,30684,106,0,0
Aegean Sea,2011,Sep,4168,0.32076342927505,51411,2.5204025210084033,1.7580626831267403,95068.0311,50768,286,0,0
Aegean Sea,2012,May,7431,0.5718793289210404,56898,3.1324079136690646,2.058074483166647,118797.68950000001,56375,392,0,0
Aegean Sea,2012,Jun,6691,0.5149299676773895,59072,3.3855712230215826,2.0738491597857807,122869.0434,55738,1945,0,0
Aegean Sea,2012,Jul,8086,0.622287209481299,95030,3.3018935251798562,2.025933050945214,193243.3813,87437,6826,0,0
Aegean Sea,2012,Aug,7896,0.6076650761890103,101446,3.0065474820143883,1.778988423469321,181041.2451,95855,2880,1,0
Aegean Sea,2012,Sep,1616,0.12436509158072957,7860,1.7795898148148148,1.4687334176822766,11659.1972,7776,5,0,0
Aegean Sea,2012,Oct,11173,0.8598583961828536,202033,2.77518345323741,1.819739624987191,369053.8804,194393,2450,0,0
Aegean Sea,2012,Nov,10634,0.8183777127905186,139670,2.663275539568345,1.728606647799098,244244.96600000001,134767,2201,0,0
Aegean Sea,2013,Apr,9142,0.7035554871479144,51703,3.309340287769784,1.9896047420448832,101875.7555,49923,1651,4,0
Aegean Sea,2013,May,10577,0.8139910728028321,95426,4.14600071942446,2.4708897654212687,226571.3368,80340,13965,81,0
Aegean Sea,2013,Aug,659,0.0507157149453594,4486,1.976388888888889,1.5195838890431876,6955.9632,4476,0,0,0
Aegean Sea,2014,Feb,4382,0.3372325688779437,72788,1.7650688888888888,1.1982055209202513,86856.9802,65387,4066,0,0
Aegean Sea,2014,Mar,3527,0.2714329690626443,48123,1.779424060150376,1.2482811388627957,59263.2257,45771,443,0,0
Aegean Sea,2014,Apr,3222,0.24796059719870708,23317,1.7739035398230087,1.3649809808856321,31613.2548,23113,22,0,0
Aegean Sea,2014,May,269,0.02070186239802986,1430,2.887651724137931,2.240063731408107,3436.1216,1425,5,0,0
Aegean Sea,2014,Aug,8477,0.6523780206249038,92059,2.9013374100719425,1.788293164225521,170162.02850000001,90085,39,0,0
Aegean Sea,2014,Sep,9016,0.6938587040172387,124746,2.6348474074074075,1.704319511933394,213613.926,121838,929,0,0
Aegean Sea,2014,Dec,6285,0.4836847775896568,73067,2.1879309523809525,1.473230832584489,105069.4652,71186,583,0,0
Aegean Sea,2015,Jul,7056,0.543019855317839,40429,2.8303264705882354,1.9673390972392586,78290.9619,38732,1452,0,0
Aegean Sea,2015,Aug,11952,0.9198091426812375,172814,3.3565297101449274,2.025132243948894,346535.8727,154342,16821,90,0
Aegean Sea,2015,Sep,9275,0.7137909804525165,121656,2.9341837037037037,1.7422910710688797,209881.7965,117385,2183,0,0
Aegean Sea,2015,Oct,3548,0.2730490995844236,29115,2.1152989583333333,1.528879654480194,48116.7881,28630,0,0,0
Aegean Sea,2015,Nov,1250,0.09619824534400492,11026,1.9873581081081082,1.5511629595527816,17679.9495,10793,0,0,0
Aegean Sea,2015,Dec,595,0.045790364783746346,3535,1.595579775280899,1.3414192494377484,4891.5034,3526,2,0,0
Aegean Sea,2016,Mar,5418,0.4169616746190549,49344,1.869001438848921,1.285826533095763,69472.2056,48212,360,0,0
Aegean Sea,2016,Apr,12959,0.9973064491303678,161324,3.431151079136691,1.959065698696801,314521.6031,132099,27586,426,0
Aegean Sea,2016,Jun,6515,0.5013852547329537,36737,2.9129666666666667,1.9758396931715545,71513.3084,36382,245,0,0
Aegean Sea,2016,Jul,4238,0.3261505310143143,25616,2.3985007246376813,1.8019585861656038,45532.5772,25372,33,0,0
Aegean Sea,2016,Aug,2534,0.1950130829613668,24194,2.203155421686747,1.5306435477514957,41075.7718,23674,320,0,0
Aegean Sea,2016,Sep,1206,0.09281206710789595,8110,2.0954475609756096,1.6218863620193413,14373.718,7928,6,0,0
Aegean Sea,2017,Mar,186,0.014314298907187932,1089,1.6591357142857144,1.2776127856614008,1380.0948,1088,1,0,0
Aegean Sea,2017,Jun,8616,0.6630752655071571,45831,4.100787769784173,2.325376465799045,104662.8777,38248,7415,166,0
Aegean Sea,2017,Jul,9756,0.7508080652608896,41991,4.234097122302158,2.6172957341981125,98835.1544,31288,10053,522,0
Aegean Sea,2017,Aug,2204,0.16961674619054948,16483,2.3964050505050505,1.669176853251969,28211.9947,15644,771,0,0
Aegean Sea,2017,Sep,986,0.07588117592735108,6296,2.330152,1.775345608262041,10988.4535,6279,5,0,0
Aegean Sea,2018,Mar,5297,0.40764968446975525,59781,1.807766911764706,1.2446731775706812,72893.6061,57722,102,0,0
Aegean Sea,2018,Apr,12715,0.9785285516392181,193322,4.011192086330936,1.9176348422152554,361212.9219,168729,17580,112,0
Aegean Sea,2018,May,12994,1,311161,4.028713669064748,2.3390804683379636,717547.65,249287,53880,533,0
Aegean Sea,2018,Jun,10724,0.825303986455287,183476,3.5511014492753623,2.207622050620939,389318.8782,164713,14569,2,0
Aegean Sea,2018,Jul,10328,0.7948283823303063,177803,3.732971942446043,2.094038464998796,376708.6259,169792,4916,0,0
Aegean Sea,2018,Aug,9100,0.7003232261043558,50973,2.7710223021582734,1.9317191841346666,94394.2118,50192,67,0,0
Aegean Sea,2018,Sep,8224,0.6329074957672772,82673,2.473228057553957,1.6044104880285328,131230.7346,81780,97,0,0
Aegean Sea,2018,Oct,1406,0.10820378636293673,11819,2.2413298245614035,1.5488573940989825,17550.5784,11182,262,0,0
Aegean Sea,2018,Nov,1074,0.08265353239956903,11602,2.2843315789473686,1.6174796012663255,19034.6164,11320,75,0,0
Aegean Sea,2018,Dec,23,0.0017700477143296907,83,1.9404777777777777,1.5967401851851852,148.8726,83,0,0,0
Aegean Sea,2019,Jun,10457,0.8047560412498076,115772,3.5321244604316546,2.148367045673757,250686.492,110002,4019,0,0
Aegean Sea,2019,Jul,4273,0.3288440818839464,28756,2.5789939393939396,1.8075172578238003,51166.7339,28054,380,0,0
Aegean Sea,2019,Aug,1256,0.09665999692165615,7471,2.0597824074074076,1.546695814874856,12022.2072,7450,15,0,0
Aegean Sea,2019,Sep,564,0.043404648299215025,2749,1.8101,1.5187764082924484,4284.8636,2737,0,0,0
Aegean Sea,2019,Oct,4644,0.3573957211020471,48424,2.214102962962963,1.6498379542909993,81960.0428,47586,0,0,0
Aegean Sea,2019,Nov,12092,0.930583346159766,279857,2.9129143884892086,1.9290227711460541,534913.4769,266881,9626,0,0
Aegean Sea,2019,Dec,11366,0.874711405263968,265978,2.8047194244604317,1.7190728199577023,453074.156,247984,11603,1,0
Aegean Sea,2020,May,6913,0.5320147760504849,45115,4.344262393162393,2.565593132079297,127985.39080000001,24468,14955,4929,763
Aegean Sea,2020,Jul,2434,0.1873172233338464,14166,2.6504239669421485,1.862980894977005,25887.6141,13968,196,0,0
Aegean Sea,2020,Aug,2138,0.16453747883638603,8990,2.1129080459770115,1.5821316856229528,13834.6628,8979,4,0,0
Aegean Sea,2020,Sep,6908,0.5316299830691088,58142,2.5205093525179856,1.6884376171243491,101947.2669,56371,915,0,0
Aegean Sea,2020,Oct,12593,0.9691396028936432,295956,2.8636755395683453,1.8496837551128114,544104.692,285281,5141,0,0
Aegean Sea,2020,Nov,9265,0.7130213944897645,97346,2.6251826086956522,1.7443160734771865,171806.0011,95338,355,0,0
Aegean Sea,2020,Dec,7622,0.5865784208096044,125851,2.4088913669064747,1.5493527824540902,198896.9545,118998,3327,112,0
Aegean Sea,2021,Jan,11761,0.9051100507926735,268202,2.6071546762589928,1.5088508048676283,400989.0702,239620,23219,120,0
Aegean Sea,2021,Feb,9624,0.7406495305525627,178786,2.454486330935252,1.4023705748874582,256385.7333,155375,19348,419,49
Aegean Sea,2021,Apr,886,0.0681853162998307,1476,1.7304142857142857,1.4358938485651878,2232.7214,1442,34,0,0
Aegean Sea,2021,May,1810,0.13929505925811914,11040,2.634359090909091,1.9113966192183274,21736.0708,9510,1487,11,0
Aegean Sea,2021,Jun,7405,0.5698784054178851,49627,3.9560237410071943,2.459475261455517,124193.2931,36929,11038,54,0
Aegean Sea,2021,Jul,10246,0.7885177774357396,106714,3.8170273381294963,2.1767181531059103,239290.5728,91385,13628,39,0
Aegean Sea,2021,Aug,7709,0.5932738186855472,89646,4.042779136690648,2.2170045589697596,206538.5212,69030,18536,349,0
Aegean Sea,2021,Sep,4390,0.3378482376481453,9903,2.4542425373134327,1.7676242121798782,19204.3627,9315,588,0,0
Aegean Sea,2021,Nov,37,0.0028474680621825457,186,1.7240846153846154,1.5429991421911422,288.9176,186,0,0,0
Aegean Sea,2022,May,2905,0.22356472217946743,14022,3.027072463768116,2.035981736107437,28120.7506,12722,1185,0,0
Aegean Sea,2022,Jun,5476,0.42142527320301676,44998,3.5371111940298507,2.1946083833139483,95691.9768,41937,2658,26,0
Aegean Sea,2022,Aug,8859,0.6817762044020317,61334,2.703673529411765,1.8151525803657353,108114.2936,60208,563,0,0
Aegean Sea,2022,Sep,8492,0.6535323995690319,44381,2.919944117647059,1.9829642419951734,87033.8352,40670,3520,0,0
Aegean Sea,2022,Oct,178,0.0136986301369863,881,2.227796666666667,1.7953120088477803,1664.7884,881,0,0,0
Aegean Sea,2022,Nov,1498,0.1152839772202555,12756,1.8581692307692308,1.5327216586655772,21363.1734,12497,0,0,0
Aegean Sea,2022,Dec,6833,0.5258580883484685,50281,2.04985,1.388577027970848,71002.9006,48797,376,2,0
Aegean Sea,2023,Jan,11104,0.8545482530398646,192387,2.3841798561151077,1.3354734560842456,252339.3547,173360,8697,111,0
Aegean Sea,2023,Feb,8075,0.6214406649222718,58517,1.9932676258992805,1.283463042094234,77257.1604,55841,1675,0,0
Aegean Sea,2023,Mar,6144,0.472833615514853,72086,2.0359122302158275,1.3015151587696963,99810.299,69518,1674,8,0
Aegean Sea,2023,Jul,10692,0.8228413113744806,147314,0.09695395683453238,0.04528489041227752,5220.2995,116644,25741,454,0
Aegean Sea,2023,Aug,9795,0.7538094505156226,124118,0.8998057553956834,0.5893921388429866,27031.6754,114366,8347,0,0
Aegean Sea,2023,Sep,7495,0.5768046790826535,113581,0.04589811320754717,0.045822641509433965,6.242,105871,3856,0,0
Aegean Sea,2023,Oct,12771,0.9828382330306296,154003,3.011474820143885,1.909880163294988,290968.8215,141221,10582,2,0
Aegean Sea,2023,Nov,12994,1,343473,3.6891438848920863,2.2892273559318648,787345.4088,244638,95083,250,0
Aegean Sea,2023,Dec,12313,0.9475911959365861,302391,3.0613856115107914,1.8709957528968992,557450.8559,256493,41328,25,0
Aegean Sea,1993,Jan,17,0.001308296136678467,85,1.27182,1.1674692,100.6076,85,0,0,0
Aegean Sea,1996,Oct,31,0.002385716484531322,179,1.30469,1.1328324758631714,201.5974,179,0,0,0
Aegean Sea,1996,Dec,526,0.04048022164075727,4587,1.91706,1.46757022091305,6875.8670999999995,4340,0,0,0
Aegean Sea,1998,Jan,389,0.02993689395105433,3834,1.967777142857143,1.4883786842910027,6176.9478,3635,119,0,0
Aegean Sea,1998,Apr,417,0.032091734646760045,2321,2.0727451612903227,1.5256760502608304,3601.4452,2268,53,0,0
Aegean Sea,2001,Apr,546,0.04201939356626135,879,1.3257206896551723,1.166952060274367,1026.083,879,0,0,0
Aegean Sea,2003,Jan,735,0.0565645682622749,4164,1.4949653846153845,1.1775718860473405,4979.9512,4137,2,0,0
Aegean Sea,2003,Aug,2516,0.19362782822841312,10954,2.1550648148148146,1.6404688198596449,18067.2414,10341,568,0,0
Aegean Sea,2003,Dec,251,0.019316607665076188,1175,1.8929785714285714,1.5579572457128454,1885.7605,1175,0,0,0
Aegean Sea,2007,Sep,5069,0.39010312451900875,32169,2.405776086956522,1.721637842677676,56574.4169,31615,539,0,0
Aegean Sea,2009,Feb,116,0.008927197167923657,690,1.3555473684210526,1.0935625561189808,760.0998999999999,688,0,0,0
Aegean Sea,2009,May,854,0.06572264121902416,4275,2.70542,2.1002125186656087,9789.3306,4275,0,0,0
Aegean Sea,2010,Apr,4864,0.37432661228259195,39022,2.311888888888889,1.46086413230913,55243.958,38667,300,0,0
Aegean Sea,2011,Jun,1178,0.09065722641219023,7262,2.281810666666667,1.785015329457307,13106.33,7202,60,0,0
Aegean Sea,2011,Aug,3847,0.29605971987070956,14826,2.6467175182481752,1.9488156193804662,30806.5801,14810,0,0,0
Aegean Sea,2014,Jan,3076,0.2367246421425273,48912,1.6793206896551724,1.2097956073971312,59847.781,45859,1641,0,0
Aegean Sea,2017,Dec,259,0.01993227643527782,1241,1.7993428571428571,1.508827325406818,1878.2847,1212,0,0,0
Aegean Sea,2018,Jan,958,0.07372633523164537,8167,1.752732911392405,1.3259763802141757,11971.4211,8000,88,0,0
Aegean Sea,2018,Feb,2862,0.2202555025396337,23724,1.6158564516129033,1.1666696914517518,28406.0924,23242,60,0,0
Aegean Sea,2020,Jan,4768,0.3669385870401724,44322,1.9561144927536231,1.3174809185692355,72164.7076,41495,2034,0,0
Aegean Sea,2022,Jul,1893,0.14568262274896107,11310,2.655421649484536,1.854127811918462,21384.4192,10913,251,0,0
Aegean Sea,1995,Aug,145,0.011158996459904572,1204,1.9940533333333335,1.5675724297471874,1959.6027000000001,1204,0,0,0
Aegean Sea,1995,Sep,153,0.011774665230106203,803,1.7598285714285715,1.4470007061175507,1185.479,801,0,0,0
Aegean Sea,1998,Feb,51,0.003924888410035401,218,1.3580117647058823,1.1252132477363084,250.2705,218,0,0,0
Aegean Sea,1998,Sep,380,0.0292442665845775,1479,1.9667261904761906,1.5883881678399006,2346.1012,1479,0,0,0
Aegean Sea,1999,Jun,863,0.066415268585501,5797,2.5706977777777777,1.878508350293574,10749.3389,5665,86,0,0
Aegean Sea,2000,Nov,263,0.020240110820378635,1853,1.734840625,1.4437929909561045,2639.0816,1851,0,0,0
Aegean Sea,2000,Dec,4,3.0783438510081576e-4,20,1.5027,1.18973,23.7946,20,0,0,0
Aegean Sea,2002,Feb,689,0.05302447283361551,4468,1.6092516129032257,1.2355368114858873,5742.0435,4374,1,0,0
Aegean Sea,2004,Oct,2234,0.1719255040788056,8605,2.158477108433735,1.7342524289044026,15448.9362,8551,0,0,0
Aegean Sea,2005,Oct,4,3.0783438510081576e-4,24,1.5012,1.2617958333333332,30.2831,24,0,0,0
Aegean Sea,2008,Jan,700,0.05387101739264276,5753,1.6191129032258065,1.1702681146541267,7005.4206,5500,152,0,0
Aegean Sea,2008,Feb,248,0.019085731876250577,2180,1.6119666666666668,1.1447765987779293,2483.039,2027,126,0,0
Aegean Sea,2008,Mar,23,0.0017700477143296905,141,1.4248714285714286,1.0516223173001862,149.2515,141,0,0,0
Aegean Sea,2008,May,1053,0.08103740187778975,5482,2.990917272727273,2.1729997844680473,12369.2872,5182,300,0,0
Aegean Sea,2010,Jun,8525,0.6560720332461136,61815,3.7467890510948907,2.2365947382646847,138092.683,56274,5422,0,0
Aegean Sea,2014,Nov,361,0.02778205325534862,2044,1.731344827586207,1.4337264732238177,2975.0757,2036,0,0,0
Aegean Sea,2015,Jan,3006,0.23133754040326304,21852,1.681833043478261,1.2388443039659982,26579.0704,21523,99,0,0
Aegean Sea,2016,Oct,153,0.011774665230106203,1057,1.7856370370370371,1.4980443185825216,1557.6838,1030,0,0,0
Aegean Sea,2016,Nov,461,0.035477912882869014,2748,1.7604136363636365,1.481568156414439,4228.804,2748,0,0,0
Aegean Sea,1982,Jan,153,0.011774665230106203,962,1.4798708333333332,1.1422466726986424,1056.2354,953,9,0,0
Aegean Sea,1992,Nov,415,0.031937817454209635,2644,2.122994117647059,1.7206808466201269,4749.4414,2644,0,0,0
Aegean Sea,1995,Apr,6,4.6175157765122367e-4,33,1.2271,1.0693716911764706,35.2801,33,0,0,0
Aegean Sea,1995,Jul,2058,0.1583807911343697,2886,2.3194386363636363,1.9532705622319682,5872.8455,2876,10,0,0
Aegean Sea,1999,Apr,264,0.02031706941665384,317,1.9128326923076924,1.784328303987679,578.0136,317,0,0,0
Aegean Sea,2000,Mar,25,0.0019239649068800986,25,1.179225,1.1290333333333333,28.5826,25,0,0,0
Aegean Sea,2002,Sep,262,0.02016315222410343,1978,1.8546290322580645,1.497835304672937,3040.4354000000003,1964,0,0,0
Aegean Sea,2003,Sep,2261,0.1740033861782361,7711,2.2157435643564356,1.642393339161745,13339.1749,7188,511,0,0
Aegean Sea,2005,Dec,12,9.235031553024473e-4,61,1.48514,1.3025111515151515,80.3227,61,0,0,0
Aegean Sea,2007,Jun,7660,0.5895028474680621,77315,4.607571851851852,2.6541370320550763,218763.3392,50155,25004,2023,0
Aegean Sea,2013,Nov,2919,0.2246421425273203,30027,2.0682174603174603,1.598127888601323,49481.8904,29707,1,0,0
Aegean Sea,2016,Jan,1062,0.08173002924426659,8115,1.4724323529411765,1.1675564337748379,9846.4071,7957,0,0,0
Aegean Sea,2016,Feb,2388,0.18377712790518702,21534,1.6280302325581395,1.1413114904800041,27509.9981,20772,81,0,0
Aegean Sea,2017,May,240,0.018470063106048946,1177,2.05540625,1.6764192574477566,2013.0895,1177,0,0,0
Aegean Sea,1988,Jul,346,0.026627674311220564,2123,2.560697727272727,2.0087353040602576,4469.6418,2122,0,0,0
Aegean Sea,2001,Nov,211,0.01623826381406803,1571,3.0004785714285713,1.8835739713276978,3039.5735,1467,51,0,0
Aegean Sea,2013,Oct,1046,0.08049869170386333,2686,1.8045520408163265,1.5664551623303302,4306.0606,2683,0,0,0
Aegean Sea,2016,Dec,28,0.0021548406957057104,165,1.575,1.3441294584109846,222.7636,165,0,0,0
Aegean Sea,1993,Oct,179,0.013775588733261505,1080,2.030605714285714,1.5580708512722572,1756.4225,1068,11,0,0
Aegean Sea,1994,Aug,132,0.01015853470832692,1048,2.3044708333333332,1.6409377640573166,1686.9422,977,62,0,0
Aegean Sea,1995,Oct,5,3.847929813760197e-4,15,1.5954333333333335,1.48165,22.2531,15,0,0,0
Aegean Sea,1999,Jul,591,0.045482530398645526,3319,2.189517283950617,1.7272823692447874,5777.9245,3314,5,0,0
Aegean Sea,2017,Apr,262,0.020163152224103434,1379,2.0410448979591838,1.6041309366434733,2167.3863,1376,3,0,0
Aegean Sea,2020,Feb,4034,0.3104509773741727,50113,1.7718858208955224,1.2454751812439813,75938.3046,46021,2813,0,0
Aegean Sea,1992,Aug,111,0.008542404186547637,130,1.6805263157894736,1.5377804717796824,199.17669999999998,130,0,0,0
Aegean Sea,1992,Sep,165,0.01269816838540865,771,1.9857181818181817,1.6327753884878486,1261.665,771,0,0,0
Aegean Sea,1995,May,124,0.009542865938125289,327,1.84225,1.6336987210417748,543.72,327,0,0,0
Aegean Sea,1996,Mar,8,6.156687702016315e-4,40,1.3142666666666667,1.1359383333333333,45.4375,40,0,0,0
Aegean Sea,2020,Mar,1978,0.1522241034323534,28208,1.6306830357142856,1.2018550230213016,42984.161,26642,611,0,0
Aegean Sea,1986,Jan,101,0.007772818223795598,571,1.5665347826086957,1.2059898505066813,692.1988,571,0,0,0
Aegean Sea,1988,Jan,69,0.005310143142989072,408,1.4999222222222222,1.196745015367905,492.4917,399,0,0,0
Aegean Sea,2006,Aug,1135,0.08734800677235648,6261,2.5670155555555554,1.898243607241215,12135.1813,6192,69,0,0
Aegean Sea,2006,Sep,281,0.021625365553332308,281,1.7410470588235294,1.586835433986593,445.1737,281,0,0,0
Aegean Sea,2012,Dec,3889,0.2992919809142681,31260,1.9361152671755726,1.439943683754331,46090.5689,30663,0,0,0
Aegean Sea,2013,Jun,196,0.015083884869939973,1248,2.234781081081081,1.8009312265624937,2279.7943999999998,1248,0,0,0
Aegean Sea,2013,Sep,1805,0.1389102662767431,14143,2.1734542168674698,1.6545908623992007,24897.7103,14051,2,0,0
Aegean Sea,2015,May,1768,0.13606279821456058,10788,2.9718518181818183,2.0666443378177415,24145.4819,10638,150,0,0
Aegean Sea,2000,Jul,242,0.018623980298599352,1516,2.2161358974358976,1.7437359931535343,2741.8978,1508,8,0,0
Aegean Sea,2009,Jan,19,0.0014622133292288748,118,1.3936,1.1218253571428571,131.15460000000002,118,0,0,0
Aegean Sea,2013,Dec,1180,0.09081114360474064,4364,1.639896103896104,1.3768729146346013,6267.0998,4290,0,0,0
Aegean Sea,2022,Jan,702,0.05402493458519317,5351,1.735575,1.2769761298049676,6864.4541,5101,209,1,0
Aegean Sea,1986,Feb,92,0.007080190857318763,647,1.4061625,1.1648253555045096,767.7019,647,0,0,0
Aegean Sea,1997,Nov,33,0.00253963367708173,109,1.839075,1.5916106398809524,175.2383,109,0,0,0
Aegean Sea,1997,Dec,277,0.021317531168231492,2555,2.069292857142857,1.6492425040737813,4267.5015,2524,0,0,0
Aegean Sea,2000,Jun,415,0.031937817454209635,2133,2.5948828571428573,2.004285967294593,4518.1559,2112,10,0,0
Aegean Sea,1993,Nov,418,0.03216869324303525,2864,2.0124943396226413,1.6265987572057499,4714.38,2864,0,0,0
Aegean Sea,1994,Feb,128,0.009850700323226104,1296,2.0041700000000002,1.2518361191345742,1639.0956,1131,154,0,0
Aegean Sea,1994,Mar,301,0.023164537478836386,1689,1.3205333333333333,1.0807316443266726,1800.0625,1677,6,0,0
Aegean Sea,2015,Mar,1793,0.13798676312144068,11766,1.5174306666666666,1.1581774782274148,13604.553,11628,0,0,0
Aegean Sea,2016,May,533,0.0410189318146837,961,1.7774982456140351,1.6317284525125368,1673.6483,961,0,0,0
Aegean Sea,1992,Oct,65,0.005002308757888256,137,1.5849117647058824,1.4685386974789916,201.5189,137,0,0,0
Aegean Sea,2013,Jan,690,0.05310143142989072,3842,1.5463811764705881,1.2213366852165706,4934.691,3823,16,0,0
Aegean Sea,2019,Mar,4702,0.36185931968600893,62311,1.7599752066115701,1.2405452430614654,74148.3636,59983,58,0,0
Aegean Sea,2021,Mar,3194,0.24580575650300138,41913,1.7060547826086956,1.2275003821825587,57814.8111,39456,829,0,0
Aegean Sea,1982,Feb,1,7.695859627520394e-5,5,0.9904,0.8808199999999999,4.4041,5,0,0,0
Aegean Sea,1987,Jul,51,0.003924888410035401,294,2.4134333333333333,1.6190911502257166,467.4785,279,15,0,0
Aegean Sea,1992,Jan,1,7.695859627520394e-5,5,1.1759,1.0563,5.2815,5,0,0,0
Aegean Sea,2014,Jun,306,0.023549330460212407,1986,2.45766511627907,1.8860802705264696,3835.4075,1983,1,0,0
Aegean Sea,2000,May,162,0.012467292596583038,793,2.1664304347826087,1.7064901365916139,1399.2127,792,1,0,0
Aegean Sea,2005,Jul,540,0.04155764198861013,1930,1.99193661971831,1.6424042569991744,3414.5135999999998,1930,0,0,0
Aegean Sea,1999,Jan,2531,0.19478220717254116,22482,1.7779953488372093,1.2232486629763508,27974.4343,22064,45,0,0
Aegean Sea,2001,Jul,440,0.033861782361089734,2232,2.1186775510204083,1.703514389363822,4023.143,2232,0,0,0
Aegean Sea,2004,Jul,6,4.6175157765122367e-4,30,1.8923,1.7307011111111112,51.7377,30,0,0,0
Aegean Sea,2002,Jun,4,3.0783438510081576e-4,20,2.5936500000000002,1.8507633333333333,37.0243,12,8,0,0
Aegean Sea,2011,Oct,1301,0.10012313375404032,8960,2.09155,1.6391544229006112,15306.7679,8591,0,0,0
Aegean Sea,2015,Feb,3797,0.29221179005694936,30892,1.687578813559322,1.1890383560912483,36520.2013,30142,35,0,0
Aegean Sea,1989,Apr,73,0.0056179775280898875,365,1.712625,1.5857599603174604,588.3941,365,0,0,0
Aegean Sea,1997,Jul,188,0.014468216099738342,1029,2.288528125,1.8268364776977228,1898.728,1029,0,0,0
Aegean Sea,1990,May,14,0.0010774203478528552,70,2.57854,2.085787333333333,148.6832,70,0,0,0
Aegean Sea,2011,Apr,1353,0.10412498076035093,8320,1.594975925925926,1.2095170069353331,10145.7561,8299,2,0,0
Aegean Sea,2013,Mar,1666,0.12821302139448976,11972,1.4683976744186047,1.1457548946691039,13651.8891,11738,0,0,0
Aegean Sea,1997,Mar,186,0.014314298907187932,971,1.4380466666666667,1.140071558990163,1134.52,962,0,0,0
Aegean Sea,2019,Jan,992,0.07634292750500231,4835,1.4921392857142857,1.1378885084990886,5582.1207,4810,1,0,0
Aegean Sea,2019,Feb,3011,0.23172233338463907,30961,1.6434089743589744,1.1875127792158964,34772.3764,30262,17,0,0
Aegean Sea,2023,Jun,164,0.012621209789133446,902,1.9860464285714285,1.6400777538601339,1536.5236,880,0,0,0
Aegean Sea,2011,May,18,0.0013852547329536709,38,1.385575,1.2653864583333334,48.3154,38,0,0,0
Aegean Sea,2013,Feb,1606,0.12359550561797752,11548,1.6529157894736841,1.20167429293869,14566.839,11420,14,0,0
Aegean Sea,2022,Mar,551,0.04240418654763737,3287,1.5535379310344828,1.1708685300969779,3962.2103,3273,0,0,0
Aegean Sea,2003,Feb,451,0.03470832692011697,725,1.366446,1.1885900935264737,915.8342,715,10,0,0
Aegean Sea,2009,Aug,253,0.019470524857626598,1332,2.230125,1.772728776380685,2473.3892,1316,0,0,0
Aegean Sea,2022,Feb,723,0.05564106510697245,5244,1.4394111111111112,1.1187597531655153,6186.7421,5137,1,0,0
Aegean Sea,2005,Aug,596,0.04586732338002155,2884,2.0530676470588234,1.6504506383187303,5106.2868,2868,15,0,0
Aegean Sea,2006,Jul,59,0.0045405571802370325,169,1.9280454545454544,1.7415035893273394,294.8246,169,0,0,0
Aegean Sea,2008,Nov,20,0.0015391719255040787,108,1.911890909090909,1.646260268065268,177.7948,108,0,0,0
Aegean Sea,1994,Jul,4,3.0783438510081576e-4,4,1.15,1.1445750000000001,4.5783000000000005,4,0,0,0
Aegean Sea,1993,May,923,0.07103278436201324,1085,2.1752515625,1.8658339174865433,2089.3983,1078,5,0,0
Aegean Sea,1993,Jun,968,0.07449592119439741,4213,2.278160606060606,1.8418915222491128,8107.5261,4213,0,0,0
Aegean Sea,2021,Dec,51,0.003924888410035401,100,1.3982833333333333,1.2487760257335259,122.4411,100,0,0,0
Aegean Sea,1994,Jun,88,0.006772356472217946,187,2.373625,1.908214170317698,375.4868,187,0,0,0
Aegean Sea,2004,Aug,104,0.00800369401262121,672,1.8634307692307692,1.628966844530622,1144.0852,672,0,0,0
Aegean Sea,2014,Oct,8,6.156687702016315e-4,40,1.8022333333333334,1.6540088888888889,66.1112,40,0,0,0
Aegean Sea,2015,Jun,13,0.0010004617515776513,65,2.1419,1.768517222222222,117.66499999999999,65,0,0,0
Aegean Sea,2013,Jul,204,0.015699553640141604,716,1.9488142857142856,1.6076234458140195,1180.7405,716,0,0,0
Aegean Sea,1989,Aug,39,0.0030013852547329536,198,2.0339,1.6848715301263362,346.4953,198,0,0,0
Aegean Sea,1989,Sep,29,0.0022317992919809143,46,1.6881666666666666,1.5356865752765754,71.7683,46,0,0,0
Aegean Sea,1993,Aug,10,7.695859627520394e-4,55,1.886275,1.56367125,87.2976,55,0,0,0
Aegean Sea,2009,Sep,19,0.0014622133292288748,101,1.8257833333333333,1.402669268925519,143.6967,101,0,0,0
Aegean Sea,2002,Jan,14,0.0010774203478528552,43,1.2576375,1.110315625,45.044,43,0,0,0
Aegean Sea,2007,Dec,92,0.007080190857318763,369,1.3260882352941177,1.1558725060368975,414.2194,369,0,0,0
Aegean Sea,1984,Mar,492,0.037863629367400335,2234,2.0748,1.4812093237796067,4021.9874,1651,583,0,0
Aegean Sea,1998,Jun,162,0.012467292596583038,785,2.353817857142857,2.0115161023283354,1594.4317,785,0,0,0
Aegean Sea,2015,Apr,55,0.004232722795136217,295,1.4203999999999999,1.1813594368664209,350.04269999999997,295,0,0,0
Aegean Sea,2007,Oct,85,0.006541480683392335,597,1.9937,1.56049307237183,939.8208,597,0,0,0
Aegean Sea,1985,May,2097,0.16138217638910266,14358,2.808076923076923,1.9898439403257082,28377.3885,14336,22,0,0
Aegean Sea,2020,Jun,1062,0.08173002924426659,7002,2.417528,1.8811801391730096,13334.9181,6954,8,0,0
Aegean Sea,2000,Aug,23,0.0017700477143296907,28,2.099,1.9959414285714285,58.224799999999995,28,0,0,0
Aegean Sea,2014,Jul,2424,0.18654763737109434,8528,2.8030611764705884,2.1210675600705566,19384.9101,8527,0,0,0
Aegean Sea,1996,May,131,0.010081576112051717,688,2.776454054054054,2.2217933705885278,1512.3128,688,0,0,0
Aegean Sea,2019,Apr,18,0.0013852547329536709,90,1.6726666666666667,1.4910308465608466,124.5617,90,0,0,0
Aegean Sea,2019,May,231,0.01777743573957211,814,1.9867703703703703,1.7554852344076013,1525.1038,814,0,0,0
Aegean Sea,1989,Jun,60,0.0046175157765122364,151,2.05205,1.6908721239424989,270.0369,151,0,0,0
Aegean Sea,1989,Jul,60,0.0046175157765122364,205,2.06873,1.7883150095717746,360.9474,205,0,0,0
Aegean Sea,1996,Jul,5,3.8479298137601974e-4,25,2.0069999999999997,1.7501783333333334,43.6657,25,0,0,0
Aegean Sea,1984,Apr,8,6.156687702016315e-4,40,1.25372,1.090244,43.6256,40,0,0,0
Aegean Sea,2007,May,549,0.04225026935508696,3421,3.137311764705882,2.303948381118183,8457.1027,3420,1,0,0
Aegean Sea,1985,Dec,4,3.0783438510081576e-4,20,1.5544,1.29386,25.877200000000002,20,0,0,0
Aegean Sea,2022,Apr,129,0.009927658919501309,655,2.1187470588235295,1.709623346065699,1123.2371,655,0,0,0
Aegean Sea,1985,Jun,20,0.0015391719255040787,111,2.2027714285714284,1.7933854188451992,203.32150000000001,111,0,0,0
Aegean Sea,2023,Apr,407,0.031322148684008004,2096,1.907591304347826,1.4044462830974438,2971.1041999999998,2063,0,0,0
Aegean Sea,1983,Dec,8,6.156687702016315e-4,22,1.6409,1.433565625,31.622,22,0,0,0
Aegean Sea,1984,Jan,38,0.0029244266584577496,180,1.4650692307692308,1.2255252685680333,214.1544,180,0,0,0
Aegean Sea,2007,Nov,3,2.3087578882561183e-4,6,1.4533999999999998,1.3535624999999998,8.1534,6,0,0,0
Aegean Sea,2012,Mar,1,7.695859627520394e-5,5,1.1501,0.985,4.925,5,0,0,0
Aegean Sea,2012,Apr,6,4.6175157765122367e-4,10,1.980375,1.899355,16.9142,10,0,0,0
Aegean Sea,1998,Mar,10,7.695859627520395e-4,23,1.1103666666666667,1.0144666666666666,23.3493,23,0,0,0
Aegean Sea,1984,Feb,455,0.03501616130521779,1041,1.629820588235294,1.3187609723514633,1675.6704,963,78,0,0
Aegean Sea,2000,Sep,9,6.926273664768354e-4,45,1.882625,1.6038116666666666,72.7389,45,0,0,0
Aegean Sea,1986,Apr,300,0.02308757888256118,2304,2.8655666666666666,1.9762573930033387,4579.708,2191,59,0,0
Aegean Sea,2020,Apr,11,8.465445590272434e-4,22,1.3213,1.3008375,28.6353,22,0,0,0
Aegean Sea,1986,Mar,32,0.002462675080806526,86,1.5727,1.3968356346708846,119.4457,86,0,0,0
Aegean Sea,2009,Mar,1,7.695859627520394e-5,2,1.4568,1.3816000000000002,2.7632000000000003,2,0,0,0
Aegean Sea,1984,Oct,17,0.001308296136678467,85,2.060257142857143,1.8330784761904761,163.2326,85,0,0,0
Aegean Sea,1988,Jun,1,7.695859627520394e-5,1,1.7682,1.7682,1.7682,1,0,0,0
Aegean Sea,2008,Apr,3,2.3087578882561183e-4,15,3.48855,2.7447850000000003,41.2281,15,0,0,0
Aegean Sea,2017,Feb,21,0.0016161305217792827,114,1.4201,1.2010443566760038,133.3745,114,0,0,0
Alboran Sea,1983,Dec,1414,0.4042309891366495,8690,1.7565098039215685,1.2516125991183913,10796.7368,8358,44,0,0
Alboran Sea,1985,Nov,984,0.28130360205831906,6815,2.835641176470588,1.8955636896917807,13753.2598,6701,85,0,0
Alboran Sea,1987,Sep,1533,0.4382504288164666,9313,3.1108,2.1609038672012253,19344.0586,8842,358,0,0
Alboran Sea,1987,Oct,1271,0.36335048599199543,5505,2.893248837209302,2.1557709811796895,11814.1268,5456,45,0,0
Alboran Sea,1988,Apr,619,0.17695826186392224,3740,1.9554083333333334,1.397958333559502,5070.6602,3312,428,0,0
Alboran Sea,1989,Aug,978,0.27958833619210977,5626,2.752958536585366,1.896829404588641,10920.5249,5590,36,0,0
Alboran Sea,1989,Sep,621,0.17753001715265868,1715,2.3913241379310346,1.8905511348253776,3187.0968,1711,4,0,0
Alboran Sea,1989,Dec,1374,0.3927958833619211,18921,1.9438166666666667,1.1786832149348372,24206.6177,16207,1891,124,0
Alboran Sea,1990,Sep,1234,0.35277301315037163,6347,2.628414893617021,1.9310126698994379,12900.2464,6325,3,0,0
Alboran Sea,1990,Oct,818,0.2338479130931961,3317,2.6435,1.9185397738607795,6001.4222,3289,21,0,0
Alboran Sea,1991,Aug,98,0.02801600914808462,176,1.7790545454545454,1.6016583548963663,277.5461,176,0,0,0
Alboran Sea,1991,Sep,3084,0.8816466552315609,34868,3.3509686274509805,2.0839670656971903,74128.2821,33036,936,0,0
Alboran Sea,1994,Jul,559,0.15980560320182963,3167,3.4900030303030305,2.441127258095476,7565.7106,2978,189,0,0
Alboran Sea,1994,Aug,260,0.07432818753573471,1260,2.5552947368421055,1.7700037301005935,2172.9085,1189,6,0,0
Alboran Sea,1994,Sep,195,0.05574614065180103,913,1.9378,1.6023047240725368,1489.4544,913,0,0,0
Alboran Sea,1995,Nov,846,0.241852487135506,4670,1.924188888888889,1.327365315170009,6619.423,4625,16,0,0
Alboran Sea,1995,Dec,2137,0.6109205260148657,19157,2.1473708333333335,1.289554406275578,25162.5083,16793,2224,0,0
Alboran Sea,1996,Jan,3183,0.9099485420240138,60798,2.3045372549019607,1.2543055001235406,81075.1234,48397,10486,188,0
Alboran Sea,1996,Feb,3098,0.8856489422527158,30544,1.830235294117647,1.1632848661554578,37279.1879,27178,2559,0,0
Alboran Sea,1997,Mar,2362,0.675242995997713,29548,1.7852470588235294,1.2203901604505993,36370.1715,28251,921,0,0
Alboran Sea,1997,Oct,2454,0.7015437392795884,29174,3.235005882352941,2.1263267314769743,62399.1501,28097,436,0,0
Alboran Sea,1997,Nov,1378,0.3939393939393939,6800,2.5849196078431373,1.7890369259801806,10897.3074,6538,153,1,0
Alboran Sea,1997,Dec,1933,0.5526014865637507,22475,1.8441085714285714,1.1909513280978343,26546.8991,21522,522,0,0
Alboran Sea,1998,Jan,1204,0.34419668381932533,15240,1.6324815789473683,1.0584497569902012,16052.503,14438,288,0,0
Alboran Sea,1998,Feb,1417,0.40508862206975416,10765,1.5040116279069768,1.07208223690648,11137.9386,10331,99,0,0
Alboran Sea,1998,Mar,2954,0.8444825614636935,25260,1.7381843137254902,1.1343514240968668,27999.861399999998,24017,516,0,0
Alboran Sea,1998,Apr,2491,0.7121212121212122,11559,1.5763450980392157,1.1397794837778685,12748.0129,11288,210,0,0
Alboran Sea,1999,Apr,600,0.17152658662092624,4122,1.587104761904762,1.1520332892695768,4752.8046,4048,61,0,0
Alboran Sea,1999,Aug,647,0.18496283590623214,2541,2.3764739130434784,1.7891636911375726,4613.147,2541,0,0,0
Alboran Sea,1999,Sep,567,0.1620926243567753,2965,2.8074285714285714,1.9648456399616305,6020.2603,2721,240,0,0
Alboran Sea,2000,May,2405,0.6875357347055461,10588,3.1402509803921568,2.05549508068444,21778.5362,9627,961,0,0
Alboran Sea,2000,Jun,2351,0.6720983419096627,6100,2.62668431372549,2.0218752982756354,12013.5041,5915,171,0,0
Alboran Sea,2001,Mar,422,0.1206403659233848,2207,2.504962962962963,1.404603017739338,3062.7771,1523,563,121,0
Alboran Sea,2001,Apr,790,0.22584333905088622,4290,1.750869696969697,1.221560932576437,5253.0966,4162,121,0,0
Alboran Sea,2001,May,278,0.07947398513436249,314,2.032175,1.7428185585464584,609.0043000000001,314,0,0,0
Alboran Sea,2001,Jun,413,0.1180674671240709,1989,2.5712454545454544,1.9105913177301002,3819.0022,1989,0,0,0
Alboran Sea,2002,Mar,1813,0.5182961692395655,10719,2.4970536585365855,1.3658748682946,14541.0038,7675,2872,172,0
Alboran Sea,2002,Apr,947,0.27072612921669525,4874,2.5038694444444443,1.5569970553170815,7680.9284,4357,512,5,0
Alboran Sea,2003,Apr,7,0.002001143510577473,7,1.4444333333333335,1.4082166666666667,9.8793,7,0,0,0
Alboran Sea,2003,May,151,0.043167524299599774,1073,2.97556,2.130534823036814,2455.78,1035,38,0,0
Alboran Sea,2003,Jun,735,0.21012006861063465,6127,3.311379591836735,2.1789246403740714,13943.484699999999,5497,358,0,0
Alboran Sea,2003,Aug,1907,0.5451686678101773,14769,3.4810607843137253,2.1043176712117884,33205.9765,13619,977,0,0
Alboran Sea,2003,Sep,125,0.0357347055460263,583,2.5713761904761903,2.007321750139013,1146.3975,570,13,0,0
Alboran Sea,2004,Jun,1923,0.5497427101200686,9579,3.136819512195122,2.0689399457404254,20783.5785,9290,289,0,0
Alboran Sea,2004,Jul,1420,0.4059462550028588,8512,3.540556097560976,2.247027909557274,19850.1187,8135,363,0,0
Alboran Sea,2004,Aug,1005,0.28730703259005147,4198,2.781713888888889,1.927733377845887,8179.0938,3863,335,0,0
Alboran Sea,2004,Sep,1348,0.3853630646083476,5868,2.447458823529412,1.8696821461040516,11077.3335,5809,6,0,0
Alboran Sea,2004,Oct,1530,0.43739279588336194,10600,2.9968607843137254,2.1187157806577503,22085.1561,10369,81,0,0
Alboran Sea,2005,May,1353,0.3867924528301887,8648,2.287397619047619,1.5911268705426769,13672.6199,8256,339,0,0
Alboran Sea,2006,Apr,133,0.03802172670097198,643,1.5489318181818181,1.1986104126241883,736.457,639,4,0,0
Alboran Sea,2006,Jul,493,0.14093767867352774,945,2.343207894736842,1.8537620015269594,1880.0001,929,4,0,0
Alboran Sea,2006,Aug,552,0.15780445969125215,2694,2.5517564102564103,1.9140501920897897,5392.1961,2688,6,0,0
Alboran Sea,2006,Oct,196,0.05603201829616924,816,1.9539045454545454,1.5734880432096945,1295.7145,816,0,0,0
Alboran Sea,2006,Nov,1889,0.5400228702115495,17724,2.261505882352941,1.5425000715386377,26823.8779,17139,319,0,0
Alboran Sea,2006,Dec,1176,0.3361921097770154,7259,2.112458823529412,1.4110240030660326,9736.0941,6675,428,0,0
Alboran Sea,2007,Nov,904,0.2584333905088622,8367,2.2575194444444446,1.6054666986571715,14626.0782,8249,78,0,0
Alboran Sea,2008,Mar,1036,0.296169239565466,7735,1.665205,1.130659869785703,8705.7061,7307,418,0,0
Alboran Sea,2008,Aug,222,0.0634648370497427,1196,3.5119124999999998,2.532448819822368,3080.57,1126,0,0,0
Alboran Sea,2009,Jul,975,0.2787307032590051,8690,2.884186046511628,2.087300487015203,18850.2119,8472,156,0,0
Alboran Sea,2009,Aug,1384,0.3956546598056032,10502,3.693702325581395,2.2763916405483555,26209.161799999998,10102,204,0,0
Alboran Sea,2010,Jan,1429,0.4085191538021727,13663,1.54002,1.0793064190000097,15316.9011,13299,66,0,0
Alboran Sea,2010,Feb,1358,0.3882218410520297,9807,1.601771875,1.0560543119495798,10981.154199999999,9294,375,0,0
Alboran Sea,2010,Mar,1818,0.5197255574614065,21911,1.6165135135135136,1.0798517174771727,23934.7947,21093,321,0,0
Alboran Sea,2010,Apr,1896,0.5420240137221269,13128,2.008576470588235,1.2868621578452863,16055.635,12674,75,0,0
Alboran Sea,2010,May,1344,0.3842195540308748,2394,2.0318541666666667,1.527292398657969,3772.9254,2379,15,0,0
Alboran Sea,2010,Jun,2161,0.6177815894797027,14551,3.133166666666667,2.0648061644316504,30459.6865,13608,933,4,0
Alboran Sea,2010,Aug,2665,0.7618639222412807,32402,3.5784625,2.0721443448476595,73362.9487,29723,1552,66,0
Alboran Sea,2010,Sep,1014,0.28987993138936535,5787,2.764192,1.9457290510931762,12262.5386,5574,93,0,0
Alboran Sea,2011,Jan,2137,0.6109205260148657,24385,1.6793805555555557,1.1119577027391656,28387.2668,23779,204,0,0
Alboran Sea,2011,Jun,2367,0.676672384219554,16450,3.227694117647059,2.123499259587211,35654.388,15119,1037,0,0
Alboran Sea,2012,Jun,88,0.025157232704402517,426,2.4522769230769232,1.9333995325063322,789.1118,423,3,0,0
Alboran Sea,2012,Jul,162,0.04631217838765009,1169,3.0154176470588236,2.26834750514245,3135.1737,1155,14,0,0
Alboran Sea,2012,Aug,425,0.12149799885648943,2827,2.848975,1.903388075674299,5263.1472,2792,30,0,0
Alboran Sea,2012,Sep,239,0.06832475700400228,652,2.3448185185185184,1.9959357703956386,1530.6942999999999,652,0,0,0
Alboran Sea,2013,May,1260,0.3602058319039451,6931,2.453104255319149,1.720732767199415,12182.5551,6274,657,0,0
Alboran Sea,2013,Sep,614,0.1755288736420812,4052,2.82455,2.0594116414351125,9174.3061,4008,0,0,0
Alboran Sea,2013,Oct,1610,0.4602630074328187,18512,2.896548484848485,1.8635920706737052,33371.8153,17530,265,19,0
Alboran Sea,2013,Nov,1382,0.3950829045168668,13153,2.389786206896552,1.6663236759161593,20849.7101,12689,94,0,0
Alboran Sea,2014,Apr,798,0.2281303602058319,1557,1.855748888888889,1.4775434155128344,2314.283,1537,20,0,0
Alboran Sea,2014,May,1592,0.45511720983419096,10659,3.09116,1.6602722078313898,19392.9546,9307,1080,54,0
Alboran Sea,2015,Jul,3454,0.9874213836477987,83179,4.628194117647059,2.9394383310674947,253437.1784,44780,36885,330,0
Alboran Sea,2015,Aug,3155,0.9019439679817038,40436,3.4801117647058826,2.26132971427421,94658.9803,34193,5367,0,0
Alboran Sea,2015,Nov,3113,0.889937106918239,40967,2.6983941176470587,1.7292982636138055,71788.4507,38387,1833,0,0
Alboran Sea,2015,Dec,3066,0.8765008576329331,35401,2.0272058823529413,1.2541232050702649,45027.6474,31924,2684,0,0
Alboran Sea,2016,Jan,3234,0.9245283018867925,45682,2.47606862745098,1.2447635424855774,57894.0086,38235,5653,358,0
Alboran Sea,2016,Feb,3062,0.8753573470554603,31464,1.7990549019607842,1.177262606454896,37165.9886,27529,3379,0,0
Alboran Sea,2016,Apr,628,0.17953116066323613,3315,1.6941868421052633,1.2826558497754297,4274.46,3299,15,0,0
Alboran Sea,2016,May,313,0.08947970268724986,351,1.46010625,1.2996618137206934,456.9159,351,0,0,0
Alboran Sea,2016,Sep,2970,0.8490566037735849,28855,3.1502823529411765,2.0860076428567176,64230.8102,26319,2064,0,0
Alboran Sea,2016,Oct,1397,0.39937106918238996,12351,2.748704081632653,2.115832616652382,28135.6225,12169,43,0,0
Alboran Sea,2017,Mar,811,0.23184676958261866,4486,1.7165020408163265,1.1375869124962337,5118.8311,4243,243,0,0
Alboran Sea,2017,Jun,3497,0.9997141223556317,59446,4.964450980392157,2.6732693211536067,163256.0788,41214,16400,679,0
Alboran Sea,2017,Jul,2298,0.6569468267581475,14764,3.560405882352941,2.2373147248498837,33147.1861,13548,1097,0,0
Alboran Sea,2017,Aug,2161,0.6177815894797027,14510,3.3922470588235294,2.2970525298884374,34145.186499999996,11533,2591,0,0
Alboran Sea,2017,Oct,1511,0.4319611206403659,13800,2.4941686274509802,1.8587024038999775,25553.7226,13568,4,0,0
Alboran Sea,2017,Nov,1405,0.4016580903373356,9259,2.343537254901961,1.607201192020013,15388.9782,9055,7,0,0
Alboran Sea,2018,Aug,1401,0.40051457975986277,11713,3.4417607843137255,2.0380628798303113,23206.9568,10972,284,0,0
Alboran Sea,2018,Sep,3134,0.8959405374499714,31689,3.6301176470588237,2.2288404923414067,72009.6514,30333,797,0,0
Alboran Sea,2018,Oct,2457,0.7024013722126929,24918,3.3099098039215686,2.179927699937057,56031.6374,24075,285,0,0
Alboran Sea,2019,Mar,778,0.2224128073184677,5218,1.5546175,1.135835141356131,5967.2941,5214,4,0,0
Alboran Sea,2019,May,78,0.022298456260720412,576,2.6298181818181816,1.778707367920981,1076.2614,501,75,0,0
Alboran Sea,2019,Jul,138,0.03945111492281304,647,2.443202857142857,1.9677080054379956,1261.3154,647,0,0,0
Alboran Sea,2019,Aug,951,0.2718696397941681,3728,2.4411,1.8477740264523441,6802.1068,3685,0,0,0
Alboran Sea,2019,Oct,1345,0.384505431675243,12731,2.5716,1.8960569286355273,23325.115,12463,0,0,0
Alboran Sea,2020,Feb,1858,0.531160663236135,16093,1.608943137254902,1.0869520717538512,17291.2958,15630,146,0,0
Alboran Sea,2020,Mar,2423,0.6926815323041738,18586,1.9832196078431372,1.2371050865920583,22641.8532,17315,992,12,0
Alboran Sea,2020,Apr,21,0.006003430531732418,74,1.812242857142857,1.3608713203463203,101.4552,74,0,0,0
Alboran Sea,2020,May,3003,0.8584905660377359,25773,3.8519470588235296,2.1134046137924285,56270.6879,17970,7130,601,0
Alboran Sea,2020,Jun,231,0.0660377358490566,705,2.7935035714285714,2.1692243075128803,1514.0887,650,55,0,0
Alboran Sea,2020,Jul,2833,0.80989136649514,16786,4.177275675675675,2.5674526464413785,44175.9589,14781,1633,18,0
Alboran Sea,2020,Aug,2643,0.7555746140651801,18358,3.860330612244898,2.051886351416694,39884.9706,17017,905,33,0
Alboran Sea,2021,Feb,270,0.07718696397941681,2468,1.2560631578947368,0.9856821780388496,2536.4999,2445,8,0,0
Alboran Sea,2021,Apr,132,0.03773584905660377,713,1.4747294117647058,1.1120432872930104,771.6893,675,38,0,0
Alboran Sea,2021,May,281,0.08033161806746712,1683,2.434870833333333,1.5517515115250364,2764.614,1609,74,0,0
Alboran Sea,2021,Aug,234,0.06689536878216124,1556,3.455737037037037,2.4615408771617306,3865.4301,1471,23,0,0
Alboran Sea,2021,Sep,536,0.15323041738136078,4331,2.5854,1.971150647829707,9327.8601,4265,8,0,0
Alboran Sea,2022,May,2224,0.6357918810748999,19227,3.131743137254902,1.8153599198615327,35009.4511,17451,1456,0,0
Alboran Sea,2022,Jun,2258,0.6455117209834191,22899,3.1921392156862747,1.960856382508699,44808.0038,21753,437,0,0
Alboran Sea,2022,Jul,3384,0.967409948542024,62366,5.034486274509804,2.7657523256384295,174828.918,41489,18685,834,0
Alboran Sea,2022,Aug,3480,0.9948542024013722,39982,4.419964705882353,2.4059384876916017,98647.0934,32160,7217,1,0
Alboran Sea,2022,Sep,1189,0.33990851915380216,10179,2.656478431372549,1.8669558847556242,19198.2817,9987,68,0,0
Alboran Sea,2022,Oct,1935,0.5531732418524872,12749,3.0331686274509804,2.1060916089722888,27395.4233,11988,87,0,0
Alboran Sea,2022,Nov,2704,0.773013150371641,47858,3.468976470588235,2.1769979556267254,99347.912,39120,7907,0,0
Alboran Sea,2022,Dec,3283,0.9385363064608347,45319,1.9614980392156862,1.2813143652780166,59770.5496,39063,5012,4,0
Alboran Sea,2023,Jan,3472,0.9925671812464265,64642,2.3261921568627453,1.4748650528748057,95559.1521,37671,23939,595,0
Alboran Sea,2023,Mar,3393,0.9699828473413379,37438,2.2881254901960784,1.386070049697227,49991.3904,30161,6734,52,0
Alboran Sea,2023,Apr,3492,0.9982847341337907,85617,3.3865333333333334,1.6883591422868076,144197.3497,54771,24763,2264,60
Alboran Sea,2023,May,3498,1,71013,3.9762411764705883,2.3640049812974557,166069.548,34228,32106,3198,10
Alboran Sea,2023,Jun,3493,0.998570611778159,58890,1.1911549019607843,0.7574724833324402,14748.1635,46365,10638,210,0
Alboran Sea,2023,Jul,3471,0.9922813036020584,89228,0,0,0,31729,51310,3109,0
Alboran Sea,2023,Aug,3358,0.9599771297884505,61677,2.9626019607843137,1.6913108234343328,106757.4171,41238,19620,159,0
Alboran Sea,2023,Sep,2651,0.7578616352201258,30511,2.1256470588235294,1.3883581657175195,33847.4694,29331,243,0,0
Alboran Sea,2023,Oct,2915,0.8333333333333334,39042,3.3548960784313726,2.237828802615201,89308.0225,37337,1240,0,0
Alboran Sea,2023,Dec,1744,0.498570611778159,27749,1.9666558823529412,1.2575224834642076,36195.8662,23653,3326,0,0
Alboran Sea,1983,Nov,1296,0.3704974271012007,9224,2.069858,1.480107819260309,13956.3996,8991,24,0,0
Alboran Sea,1994,Dec,245,0.07004002287021155,1231,1.3454758620689655,1.0484786715361436,1311.4,1228,3,0,0
Alboran Sea,1996,Apr,386,0.11034877072612922,2075,1.770348484848485,1.2385410606282923,2567.9130999999998,2034,41,0,0
Alboran Sea,2007,Sep,446,0.12750142938822184,2583,2.617432142857143,2.021644589694611,5167.448,2578,0,0,0
Alboran Sea,2007,Oct,1117,0.31932532875929104,9688,2.9080485714285715,2.1110460756255054,20755.1234,9342,74,0,0
Alboran Sea,2009,Jun,1180,0.3373356203544883,5002,2.842932,2.1554306043612708,11182.5623,4863,139,0,0
Alboran Sea,2009,Sep,1291,0.36906803887935963,9401,2.8741083333333335,2.012709437146213,20041.9281,9275,23,0,0
Alboran Sea,2009,Oct,1421,0.406232132647227,13746,2.914926,2.1522719550504856,29850.1813,13273,47,0,0
Alboran Sea,2011,May,2323,0.6640937678673527,17588,2.684858,1.7599347705607877,31201.5527,17018,445,0,0
Alboran Sea,2011,Jul,1508,0.4311034877072613,4679,3.317994,2.3130195886866276,11575.4786,4187,486,0,0
Alboran Sea,2015,Oct,1303,0.37249857061177816,10341,2.8602485714285715,2.039453194070296,21394.2701,10013,19,0,0
Alboran Sea,2016,Aug,426,0.12178387650085763,2425,3.422685714285714,2.474373136603736,5600.7276,2309,116,0,0
Alboran Sea,2017,Apr,1334,0.38136077758719267,11615,2.038465,1.3431221738802306,15938.7947,11125,455,0,0
Alboran Sea,2019,Sep,1230,0.3516295025728988,7610,2.801306,1.9240796456652647,15409.671,7492,98,0,0
Alboran Sea,1982,Jan,535,0.15294453973699257,4248,1.4831176470588234,1.0326532555684882,4500.646,4060,168,0,0
Alboran Sea,1985,Oct,1128,0.32246998284734135,9637,3.058634090909091,2.198664184829958,21987.7237,9285,27,0,0
Alboran Sea,1987,Dec,416,0.11892510005717553,2745,1.7050961538461538,1.221573113869876,3431.434,2618,124,0,0
Alboran Sea,1988,Aug,1140,0.3259005145797599,8401,3.0270025,2.0184334234742862,18265.9201,8188,169,0,0
Alboran Sea,1993,Apr,69,0.01972555746140652,374,1.4797727272727272,1.0947150760181956,407.0694,371,3,0,0
Alboran Sea,2002,Dec,308,0.08805031446540881,2127,1.8397208333333332,1.068576563733615,2369.4445,1841,184,1,0
Alboran Sea,2003,Jan,128,0.03659233847913093,131,1.1436727272727272,1.0699406850977307,143.5052,131,0,0,0
Alboran Sea,2008,Feb,403,0.1152086906803888,1604,1.3604658536585366,1.0631376410002025,1595.8704,1511,73,0,0
Alboran Sea,2009,Nov,655,0.18724985706117783,4164,2.8102133333333335,2.0690448587168873,8543.6189,3875,265,0,0
Alboran Sea,2009,Dec,553,0.15809033733562036,3215,1.891734375,1.3344928568462753,4193.1976,3062,138,0,0
Alboran Sea,2010,Dec,369,0.10548885077186965,721,1.280048,1.0624328766600897,810.8717,721,0,0,0
Alboran Sea,2011,Feb,1264,0.361349342481418,12317,1.5168294117647059,1.04760076286917,13239.3932,11861,73,0,0
Alboran Sea,2011,Apr,1753,0.5011435105774729,12748,2.05931875,1.380950314995525,17900.4537,12523,203,0,0
Alboran Sea,2011,Oct,2003,0.5726129216695255,25325,2.957,2.100224985470833,53118.8485,24407,45,0,0
Alboran Sea,2012,Oct,324,0.09262435677530018,2028,2.755106896551724,1.9888226999221457,3816.032,2028,0,0,0
Alboran Sea,2013,Aug,826,0.2361349342481418,5422,3.72575,2.502225891433013,13077.167,5370,48,0,0
Alboran Sea,2014,Nov,1356,0.3876500857632933,6059,2.5158816326530613,1.759907068770666,10307.0311,6006,1,0,0
Alboran Sea,2014,Dec,1220,0.3487707261292167,10036,1.5859604166666668,1.1345852651496853,12140.2237,9720,98,0,0
Alboran Sea,2016,Jul,206,0.05889079473985134,3084,3.9934416666666666,2.798193404289821,9128.8035,2944,79,0,0
Alboran Sea,2017,May,126,0.036020583190394515,690,2.0012125,1.5663578727484877,1078.4879,690,0,0,0
Alboran Sea,2017,Sep,261,0.07461406518010291,1087,2.7801147058823528,1.9720232503523631,2401.4257,1087,0,0,0
Alboran Sea,2019,Jun,84,0.024013722126929673,133,2.566822727272727,2.3146172186147185,298.3974,132,1,0,0
Alboran Sea,2020,Sep,211,0.0603201829616924,1260,2.4867208333333335,2.044524278812928,2600.643,1260,0,0,0
Alboran Sea,2023,Feb,887,0.2535734705546026,5607,1.5314323529411764,1.1352538068384377,6595.2233,5241,300,0,0
Alboran Sea,2023,Nov,904,0.2584333905088622,10444,2.3416479999999997,1.58470470218347,17854.1801,9571,565,0,0
Alboran Sea,1995,Aug,97,0.02773013150371641,511,2.9543842105263156,2.3585232547670323,1209.5661,445,66,0,0
Alboran Sea,1995,Sep,54,0.015437392795883362,61,1.9572333333333334,1.8508552116402117,113.02459999999999,61,0,0,0
Alboran Sea,2002,Sep,26,0.00743281875357347,130,1.78275,1.510691875,195.679,130,0,0,0
Alboran Sea,2004,May,1483,0.42395654659805604,3184,3.2175447368421053,2.2678433158094595,7684.9545,2871,313,0,0
Alboran Sea,2014,Oct,1258,0.3596340766152087,9338,2.8052979166666665,2.0779842220518874,20214.4473,9243,5,0,0
Alboran Sea,2019,Nov,47,0.013436249285305889,96,1.461975,1.3954115919701213,128.1548,96,0,0,0
Alboran Sea,1988,Jan,374,0.1069182389937107,1954,1.577728,1.0208293432544315,2006.2843,1906,48,0,0
Alboran Sea,1997,May,733,0.20954831332189822,3111,1.6910348837209301,1.3797987881542966,4566.5052000000005,3111,0,0,0
Alboran Sea,1999,Jul,39,0.011149228130360206,152,3.0678375,2.544836122812432,408.0009,152,0,0,0
Alboran Sea,2003,Jul,252,0.07204116638078903,1064,2.4342333333333332,1.989412897717803,2269.6649,1055,9,0,0
Alboran Sea,2005,Jul,192,0.0548885077186964,946,2.682567741935484,2.170502403369749,2100.1615,942,4,0,0
Alboran Sea,2008,Apr,35,0.010005717552887363,172,1.26971,1.0026596777777776,171.5474,172,0,0,0
Alboran Sea,2011,Aug,222,0.0634648370497427,1231,2.8583666666666665,2.0378973256117567,2744.6942,1226,5,0,0
Alboran Sea,2011,Sep,416,0.11892510005717553,2882,2.0800636363636364,1.6885762356489429,4903.9844,2807,0,0,0
Alboran Sea,2014,Jul,2,5.717552887364208e-4,11,1.8176,1.5954233333333332,17.5735,11,0,0,0
Alboran Sea,2021,Jun,547,0.1563750714694111,4063,2.9157566666666668,2.106867432775946,8383.1616,4063,0,0,0
Alboran Sea,2008,Jun,826,0.2361349342481418,2976,2.7734405405405407,2.1755132060153803,7275.9752,2976,0,0,0
Alboran Sea,2008,Jul,869,0.24842767295597484,2258,3.3100972972972973,2.3697103380799134,5803.2044,2191,67,0,0
Alboran Sea,2018,Jul,3,8.576329331046312e-4,15,2.082,1.901165,28.3431,15,0,0,0
Alboran Sea,1986,Nov,836,0.2389937106918239,7346,2.55372,1.8655604293088428,14223.2507,7297,14,0,0
Alboran Sea,2008,Sep,187,0.05345911949685535,601,3.6678,2.9901967844849353,1777.2169,601,0,0,0
Alboran Sea,2010,Jul,414,0.11835334476843912,1110,2.4593666666666665,1.9866271315831967,2210.209,1107,0,0,0
Alboran Sea,2020,Nov,850,0.24299599771297883,6254,2.1057785714285715,1.4664926325612706,9291.3415,6211,0,0,0
Alboran Sea,2021,Oct,410,0.11720983419096627,3694,2.6540310344827587,2.100565566530724,7972.3711,3622,14,0,0
Alboran Sea,2021,Nov,264,0.07547169811320754,1541,2.3110875,1.8038536922923072,2813.3042,1525,0,0,0
Alboran Sea,1985,Sep,296,0.08461978273299028,2160,3.050426086956522,2.2447041759371427,5212.2816,2029,41,0,0
Alboran Sea,1990,Jan,1016,0.2904516866781018,8657,1.7001022727272728,1.0689593534450468,10082.773299999999,7989,566,24,0
Alboran Sea,1990,Aug,294,0.08404802744425385,1602,2.9098809523809526,2.059320137597896,3670.3375,1560,32,0,0
Alboran Sea,2006,May,59,0.016866781017724413,129,2.0146727272727274,1.6489854209486166,222.0137,129,0,0,0
Alboran Sea,2016,Nov,1121,0.32046883933676384,6379,2.857759090909091,2.1182893427788425,14359.9502,5882,425,0,0
Alboran Sea,2020,Dec,603,0.17238421955403088,3815,1.6283703703703705,1.180583608630237,4349.1546,3650,120,0,0
Alboran Sea,1989,Jul,141,0.04030874785591767,596,2.9414000000000002,2.381620578086223,1540.4619,590,0,0,0
Alboran Sea,1995,Feb,240,0.0686106346483705,1445,1.21355,0.968224719520901,1490.0755,1426,0,0,0
Alboran Sea,2015,May,1560,0.44596912521440824,11483,2.6778627906976746,1.83868462956838,19830.2842,11342,35,0,0
Alboran Sea,2015,Jun,1020,0.2915951972555746,4929,2.8807651162790697,2.057776184400024,10445.7328,4767,73,0,0
Alboran Sea,1986,Oct,371,0.10606060606060606,1948,2.128325641025641,1.8668137239975942,3842.4019,1922,0,0,0
Alboran Sea,2014,Jun,162,0.04631217838765009,906,2.9442761904761903,2.0661465027786083,1878.941,873,33,0,0
Alboran Sea,1983,Jul,8,0.002287021154945683,40,2.57312,2.144198,86.285,40,0,0,0
Alboran Sea,1983,Oct,601,0.17181246426529445,4544,2.5566615384615385,2.0173885024594287,9631.1919,4536,6,0,0
Alboran Sea,1990,Feb,1096,0.3133218982275586,3748,1.3315731707317073,1.0442383949108998,3919.6211,3739,9,0,0
Alboran Sea,1994,Nov,108,0.030874785591766724,395,1.58094,1.2427717705461356,497.1803,395,0,0,0
Alboran Sea,1997,Feb,1015,0.29016580903373357,7524,1.5803538461538462,1.064320490236311,8110.7313,6904,4,0,0
Alboran Sea,1997,Jun,109,0.031160663236134933,389,2.435057142857143,1.7573290286082268,734.6409,357,30,0,0
Alboran Sea,2011,Mar,605,0.1729559748427673,1093,1.2765111111111112,1.1281843282718846,1203.1572,1093,0,0,0
Alboran Sea,2014,Sep,1646,0.4705546026300743,22142,3.5391878048780487,2.250145222630584,52793.2915,20856,1184,0,0
Alboran Sea,1988,Dec,91,0.026014865637507146,520,1.4145933333333334,1.1862193935148106,645.1360999999999,513,7,0,0
Alboran Sea,2015,Sep,602,0.17209834190966267,2636,2.4108925,1.9300434683874557,5503.4866,2636,0,0,0
Alboran Sea,2002,Feb,380,0.10863350485991996,2204,1.3117769230769232,1.0108360016110574,2331.193,2182,8,0,0
Alboran Sea,2002,May,28,0.008004574042309892,28,1.454511111111111,1.3969475925925927,39.0293,28,0,0,0
Alboran Sea,2005,Nov,5,0.001429388221841052,25,2.3224,1.6498333333333333,41.2431,25,0,0,0
Alboran Sea,2012,Dec,85,0.024299599771297885,505,1.2028083333333333,0.9740787281099927,495.8574,466,0,0,0
Alboran Sea,2013,Jan,424,0.12121212121212122,3520,2.032836,1.1510732009279663,3838.3477,3254,219,22,0
Alboran Sea,1993,Aug,48,0.0137221269296741,246,3.22927,2.242266661904762,563.1733,217,23,0,0
Alboran Sea,1999,Jun,100,0.02858776443682104,576,3.3770166666666666,2.4536161034932813,1533.0253,565,4,0,0
Alboran Sea,2014,Aug,429,0.12264150943396226,1267,2.789878947368421,2.2837801763711867,3180.8484,1220,16,0,0
Alboran Sea,2017,Dec,28,0.008004574042309892,36,1.225525,1.191373125,42.2583,36,0,0,0
Alboran Sea,1983,Sep,31,0.008862206975414523,174,2.149611111111111,1.9121109820935909,343.058,174,0,0,0
Alboran Sea,1997,Apr,863,0.24671240708976558,5233,2.1070405405405404,1.3841390485951266,6930.6926,4935,146,0,0
Alboran Sea,2001,Oct,104,0.029731275014293884,532,2.0855357142857143,1.7560059096803684,881.0412,532,0,0,0
Alboran Sea,2005,Jun,314,0.08976558033161806,1917,2.7631121212121212,2.0604774114734288,3930.7799,1887,0,0,0
Alboran Sea,2007,Jan,226,0.06460834762721555,1342,1.2394391304347827,0.9632816624832641,1315.4945,1342,0,0,0
Alboran Sea,1988,Feb,12,0.003430531732418525,59,1.1542333333333334,0.9616079166666667,56.582,59,0,0,0
Alboran Sea,1990,May,10,0.002858776443682104,50,1.17734,1.0731606666666667,53.5357,50,0,0,0
Alboran Sea,1996,Mar,46,0.013150371640937679,230,1.157288888888889,0.9948975978835979,233.9241,229,1,0,0
Alboran Sea,2000,Sep,33,0.009433962264150943,235,2.5588166666666665,1.857207400439774,441.84340000000003,232,3,0,0
Alboran Sea,2002,Jan,380,0.10863350485991996,815,1.6305411764705882,1.1756226545154385,968.4277,719,96,0,0
Alboran Sea,2003,Oct,33,0.009433962264150943,133,2.16429,1.8972010055500055,251.7127,133,0,0,0
Alboran Sea,2010,Oct,21,0.006003430531732418,63,2.1259571428571427,1.7835202380952382,113.7818,63,0,0,0
Alboran Sea,2016,Dec,625,0.1786735277301315,5266,1.4523969696969696,1.0839885865148189,5663.4638,5150,11,0,0
Alboran Sea,1988,Nov,55,0.015723270440251572,120,1.58024375,1.3667331674356347,171.1551,120,0,0,0
Alboran Sea,1990,Mar,717,0.20497427101200685,3059,1.3392235294117647,1.1196201929317608,3443.049,3059,0,0,0
Alboran Sea,1992,Aug,101,0.02887364208118925,650,3.9582888888888887,2.926362413802823,1982.7361,614,8,0,0
Alboran Sea,1996,May,60,0.017152658662092625,254,2.1342375,1.7597249875992063,453.48650000000004,254,0,0,0
Alboran Sea,1996,Nov,4,0.0011435105774728416,22,1.8384,1.4723221212121214,32.218199999999996,22,0,0,0
Alboran Sea,2001,Sep,11,0.0031446540880503146,44,2.2943,2.0396128526645767,108.9846,44,0,0,0
Alboran Sea,2005,Apr,76,0.02172670097198399,92,1.51691,1.3676875234765233,123.4468,92,0,0,0
Alboran Sea,1989,Oct,108,0.030874785591766724,527,2.1378266666666668,1.8049313256088844,980.4263,527,0,0,0
Alboran Sea,1989,Nov,408,0.11663807890222984,2469,2.3197466666666666,1.5239145930308573,3821.0678,2442,10,0,0
Alboran Sea,1991,Jul,21,0.006003430531732418,105,3.41376,2.4282116,258.8797,101,4,0,0
Alboran Sea,1995,Oct,57,0.016295025728987993,269,1.99467,1.7225081081560283,459.3175,269,0,0,0
Alboran Sea,2001,Nov,97,0.02773013150371641,377,1.943576923076923,1.5357876085751856,623.8814,377,0,0,0
Alboran Sea,1991,Jun,9,0.0025728987993138934,45,2.50246,2.004306,91.0941,45,0,0,0
Alboran Sea,1996,Jun,64,0.018296169239565466,86,2.091875,1.8748828780284044,154.8486,86,0,0,0
Alboran Sea,2011,Nov,950,0.2715837621497999,8471,2.42546875,1.7312072494518636,15013.3839,8318,83,0,0
Alboran Sea,2011,Dec,998,0.28530588907947396,8575,1.982159375,1.268112823936553,11243.6411,8352,206,0,0
Alboran Sea,1988,Mar,3,8.576329331046312e-4,15,1.14065,0.873885,13.0641,15,0,0,0
Alboran Sea,2012,Jan,174,0.04974271012006861,789,1.11388,0.904558918962994,715.2459,787,0,0,0
Alboran Sea,1990,Nov,6,0.0017152658662092624,30,1.2685,1.1551233333333333,34.6537,30,0,0,0
Alboran Sea,1997,Sep,23,0.0065751858204688395,107,2.7294625,2.2794499222132036,259.5915,101,0,0,0
Alboran Sea,1998,Aug,30,0.008576329331046312,191,3.8703125,3.028682815092893,596.7155,187,4,0,0
Alboran Sea,2000,Mar,526,0.15037164093767869,4197,1.7406266666666668,1.159180443498178,4957.6493,3851,91,0,0
Alboran Sea,2006,Jun,33,0.009433962264150943,197,2.5054625,1.9990345938468226,388.34090000000003,191,3,0,0
Alboran Sea,2015,Jan,304,0.08690680388793597,1643,1.1087433333333334,0.9332134031628231,1494.9405,1633,0,0,0
Alboran Sea,2021,Mar,179,0.051172098341909666,869,1.4251076923076924,1.036298779528107,914.9091,821,0,0,0
Alboran Sea,1993,Jul,4,0.0011435105774728416,25,4.0545,2.7454649122807018,66.3629,25,0,0,0
Alboran Sea,1998,Jul,2,5.717552887364208e-4,10,2.58365,2.3279199999999998,23.2792,10,0,0,0
Alboran Sea,1992,May,12,0.003430531732418525,60,1.78012,1.619752,100.1108,60,0,0,0
Alboran Sea,2006,Sep,15,0.004288164665523156,87,2.9575,2.4442245615280593,212.6769,87,0,0,0
Alboran Sea,2008,Jan,137,0.03916523727844483,722,1.1448736842105263,0.9164553053821974,669.8203,719,3,0,0
Alboran Sea,1982,Jun,16,0.004574042309891366,85,2.71582,2.179933595776772,186.24370000000002,85,0,0,0
Alboran Sea,1984,Jan,9,0.0025728987993138934,27,1.0905666666666667,0.9443555555555556,25.1323,27,0,0,0
Alboran Sea,1984,Aug,7,0.002001143510577473,48,3.78665,2.5544150793650795,122.99190000000002,48,0,0,0
Alboran Sea,1986,May,64,0.018296169239565466,428,3.0454,2.0766929562033822,902.8419,428,0,0,0
Alboran Sea,1986,Dec,443,0.12664379645511722,4715,1.7156703703703704,1.3158691902781656,6236.4821,4704,0,0,0
Alboran Sea,1995,Apr,28,0.008004574042309892,176,1.2623166666666665,1.0274943110878174,181.65380000000002,176,0,0,0
Alboran Sea,2013,Jul,21,0.006003430531732418,136,3.0194888888888887,2.3017139787989787,310.6552,136,0,0,0
Alboran Sea,2015,Apr,79,0.02258433390508862,79,1.3992166666666666,1.3177414583333333,106.0556,79,0,0,0
Alboran Sea,2017,Jan,337,0.0963407661520869,2355,1.2183857142857142,0.9223936737930485,2183.7751,2297,0,0,0
Alboran Sea,1985,Jul,39,0.011149228130360206,215,3.386025,2.4260982293209046,522.9394,215,0,0,0
Alboran Sea,2007,Jul,6,0.0017152658662092624,30,2.8552666666666666,2.638748888888889,79.44980000000001,30,0,0,0
Alboran Sea,2018,Dec,1,2.858776443682104e-4,6,1.1935,1.0538833333333333,6.3233,6,0,0,0
Alboran Sea,2021,Jan,55,0.015723270440251572,324,1.3737285714285714,0.9862104194171735,320.5063,281,43,0,0
Alboran Sea,1992,Jul,57,0.016295025728987993,314,3.38246,2.494809740539031,786.5371,291,0,0,0
Alboran Sea,2000,Feb,165,0.04716981132075472,1114,1.2593466666666666,0.9878732780467022,1111.2857000000001,1114,0,0,0
Alboran Sea,2014,Jan,10,0.002858776443682104,75,0.9228000000000001,0.7787132608695653,58.683,75,0,0,0
Alboran Sea,1982,Mar,21,0.006003430531732418,94,1.1553,1.0024755833333334,96.69200000000001,94,0,0,0
Alboran Sea,2007,Aug,7,0.002001143510577473,35,2.08895,1.7413716666666668,61.2034,35,0,0,0
Alboran Sea,2012,Nov,19,0.005431675242995998,95,1.27104,1.172445,111.3501,95,0,0,0
Alboran Sea,1998,Sep,50,0.014293882218410521,252,2.093642857142857,1.6400154421768707,415.0418,252,0,0,0
Alboran Sea,1999,Jan,2,5.717552887364208e-4,10,0.7438,0.70543,7.0543000000000005,10,0,0,0
Alboran Sea,2007,Dec,84,0.024013722126929676,736,1.5631454545454546,1.259957610433489,945.8756,731,5,0,0
Alboran Sea,2013,Feb,15,0.004288164665523156,75,1.2921666666666667,0.898484,67.449,75,0,0,0
Alboran Sea,2019,Jan,116,0.03316180674671241,798,1.0350733333333333,0.8256644387004621,658.0693,798,0,0,0
Alboran Sea,2022,Feb,28,0.008004574042309892,197,1.4364333333333332,0.9411258700358448,184.0978,191,0,0,0
Alboran Sea,2002,Aug,66,0.018867924528301886,330,1.7710833333333333,1.4073237824074074,466.8058,330,0,0,0
Alboran Sea,2007,May,55,0.015723270440251572,275,2.3082384615384615,1.7740696653346653,522.2651,275,0,0,0
Alboran Sea,1997,Jan,13,0.003716409376786735,65,1.1627,0.944438,61.4295,65,0,0,0
Alboran Sea,2007,Mar,343,0.09805603201829617,2055,1.4323105263157894,1.155033463111963,2400.5287,2055,0,0,0
Alboran Sea,2019,Feb,27,0.007718696397941681,30,0.7662833333333333,0.7435622222222222,22.3334,30,0,0,0
Alboran Sea,1982,Feb,6,0.0017152658662092624,34,1.1202,0.9377316102198455,31.6065,34,0,0,0
Alboran Sea,1985,Dec,3,8.576329331046312e-4,15,1.4229500000000002,1.25438,18.805500000000002,15,0,0,0
Alboran Sea,2007,Feb,45,0.012864493996569469,192,1.10121,0.9210018279569893,179.308,183,0,0,0
Alboran Sea,2012,Feb,65,0.018582046883933678,130,0.8889363636363636,0.8361900974025974,108.6444,130,0,0,0
Northwestern Mediterranean,1982,Jan,193,0.009387616129189163,1253,1.269172,0.9949825205886464,1366.5928,1198,55,0,0
Northwestern Mediterranean,1982,Feb,184,0.00894985164648086,1018,1.0305235294117647,0.8735358210311619,906.1274999999999,1018,0,0,0
Northwestern Mediterranean,1982,Jul,1323,0.06435137895812053,9125,3.0499814285714284,2.510554284234481,23187.3239,9125,0,0,0
Northwestern Mediterranean,1985,Oct,8729,0.42458290772897517,85346,2.582812844036697,1.7819696907963256,151236.694,83864,15,0,0
Northwestern Mediterranean,1985,Nov,862,0.041928109343839684,5967,2.203459090909091,1.81026013644863,11855.5444,5887,69,0,0
Northwestern Mediterranean,1986,May,6348,0.30876988180358966,49337,3.640024770642202,2.4782085536702536,122046.7689,48403,518,0,0
Northwestern Mediterranean,1986,Oct,3458,0.16819884235614574,29694,2.3466704081632654,1.7090656293232478,56210.7985,29488,9,0,0
Northwestern Mediterranean,1986,Dec,234,0.011381876550415877,1644,1.5719941176470589,1.308316766535668,2081.6633,1598,0,0,0
Northwestern Mediterranean,1987,Sep,18419,0.8959093341115814,169341,3.407773394495413,2.165331137830556,355133.5547,157905,9588,0,0
Northwestern Mediterranean,1987,Oct,12581,0.6119461063281288,66268,2.634762385321101,1.8005678882132379,116221.9617,64110,548,0,0
Northwestern Mediterranean,1987,Dec,185,0.00899849214455956,584,1.3575972222222221,1.2055045679049408,773.9666,584,0,0,0
Northwestern Mediterranean,1988,Jan,2840,0.13813901454350894,16953,1.6052445652173912,1.1070525815518488,17375.7829,15695,720,0,0
Northwestern Mediterranean,1988,Feb,3781,0.18390972323556593,25183,1.6400741573033708,1.0679377151232659,26649.9627,22990,1673,15,0
Northwestern Mediterranean,1988,Nov,1888,0.09183326037258621,12979,2.476075,1.841335864768652,24538.0691,12803,1,0,0
Northwestern Mediterranean,1989,Aug,4156,0.20214991001507857,30492,2.4998755555555556,1.8133738702227196,48730.7123,30097,333,0,0
Northwestern Mediterranean,1989,Sep,155,0.007539277202198551,249,1.3270285714285714,1.2414642155214726,315.3421,249,0,0,0
Northwestern Mediterranean,1989,Nov,1083,0.052677659419232456,6093,2.0962666666666667,1.676727973340262,10166.0659,6075,2,0,0
Northwestern Mediterranean,1989,Dec,3879,0.18867649204727857,36861,2.02475,1.4949490218519332,54043.798800000004,36131,188,0,0
Northwestern Mediterranean,1990,Jan,6364,0.3095481297728489,66448,1.8769869565217392,1.176337628919799,79381.683,62995,1729,0,0
Northwestern Mediterranean,1990,Feb,11842,0.5760007782479692,152964,2.0502669724770644,1.1070502287180037,174229.1905,134284,13270,431,0
Northwestern Mediterranean,1990,Mar,8457,0.4113526922515687,61598,1.6449609523809523,1.057289824284541,67802.9491,58413,2115,0,0
Northwestern Mediterranean,1990,May,11195,0.5445303759910501,142092,3.7269046296296295,2.3573969798124104,352496.7558,128471,12687,0,0
Northwestern Mediterranean,1990,Sep,643,0.03127584026460431,3170,2.2232637931034485,1.814524276140985,5851.1508,3116,0,0,0
Northwestern Mediterranean,1990,Oct,5650,0.27481881414465686,41118,2.399125471698113,1.738003259421769,68563.6414,40811,92,0,0
Northwestern Mediterranean,1990,Nov,762,0.03706405953596965,4397,1.68817625,1.4210490263541227,6503.6352,4397,0,0,0
Northwestern Mediterranean,1991,Aug,805,0.03915560095335376,4009,2.6311462686567166,2.0168184693291815,9065.4749,4009,0,0,0
Northwestern Mediterranean,1991,Sep,14692,0.7146261977722652,173499,3.1072229357798165,2.0442548929339064,347486.2104,168203,550,0,0
Northwestern Mediterranean,1992,Aug,6845,0.3329442093487037,41722,3.469462385321101,2.251153354381435,94195.6023,41343,37,0,0
Northwestern Mediterranean,1993,Dec,143,0.006955591225254147,768,1.7608153846153847,1.373234907616913,1061.3434,768,0,0,0
Northwestern Mediterranean,1994,Mar,4664,0.22685928303905833,35551,1.6707055555555554,1.1203077710110745,41890.3501,34790,457,0,0
Northwestern Mediterranean,1994,Apr,1587,0.07719247045089742,2547,1.4293607142857143,1.112911656098221,2979.4145,2476,71,0,0
Northwestern Mediterranean,1994,Aug,9328,0.4537185660781166,73282,3.627767676767677,2.428488722636285,179668.1655,72109,519,0,0
Northwestern Mediterranean,1994,Sep,1870,0.0909577314071696,8493,2.147790666666667,1.6916354062339518,13177.2145,8350,8,0,0
Northwestern Mediterranean,1994,Oct,101,0.0049126903059487324,182,1.5586722222222222,1.407258813131313,275.1625,182,0,0,0
Northwestern Mediterranean,1994,Dec,1711,0.08322389221265626,12040,1.8796943181818182,1.4563841551403809,17568.4498,11913,1,0,0
Northwestern Mediterranean,1995,Feb,32,0.0015564959385184105,181,1.27037,1.0495703793650795,197.7341,181,0,0,0
Northwestern Mediterranean,1995,Jul,193,0.009387616129189163,861,2.678218181818182,2.216120933042531,1916.837,861,0,0,0
Northwestern Mediterranean,1995,Aug,1403,0.06824261880441655,8022,3.0628512195121953,2.294646598502946,18952.1286,8022,0,0,0
Northwestern Mediterranean,1995,Dec,488,0.02373656306240576,2457,1.5580521739130435,1.2763326035882019,3264.1721000000002,2456,0,0,0
Northwestern Mediterranean,1996,Jan,4155,0.20210126951699986,36902,1.6416058823529411,1.1529548538891283,44151.2323,34844,1067,0,0
Northwestern Mediterranean,1996,Feb,3072,0.1494236100977674,12356,1.5094467391304347,1.0649408816400217,13422.9752,11475,365,0,0
Northwestern Mediterranean,1996,Jun,1007,0.04898098156525123,6091,3.0734670588235296,2.4380662508846136,15563.5147,6086,5,0,0
Northwestern Mediterranean,1997,Feb,329,0.016002723867892407,1518,1.3007459459459458,0.9991640611634889,1598.5345,1497,0,0,0
Northwestern Mediterranean,1997,Mar,4260,0.2072085218152634,35486,1.6206135416666667,1.088964821696369,41607.013699999996,34762,49,0,0
Northwestern Mediterranean,1997,Apr,1195,0.05812539520404689,6971,1.9943324324324325,1.4875738162178946,10233.0332,6874,34,0,0
Northwestern Mediterranean,1997,Jun,1030,0.05009971302106134,5405,2.792207462686567,2.3253790184217227,13369.0384,5405,0,0,0
Northwestern Mediterranean,1997,Sep,2397,0.11659127389464469,9792,2.457543373493976,2.0475798865066763,21754.8348,9715,0,0,0
Northwestern Mediterranean,1997,Oct,11312,0.5502213142662581,105694,3.068626605504587,2.0359066143083107,220891.7568,104329,432,0,0
Northwestern Mediterranean,1998,Jan,1219,0.059292767157935695,9149,1.3997050505050506,1.0618991350925386,9577.2692,8934,37,0,0
Northwestern Mediterranean,1998,Feb,2270,0.11041393063864974,16107,1.2596333333333334,0.9118826219893815,16750.7404,15439,104,0,0
Northwestern Mediterranean,1998,Mar,2211,0.10754414125200643,14959,1.275070652173913,0.9519357887296548,17765.3119,14565,97,0,0
Northwestern Mediterranean,1998,Apr,173,0.008414806167615156,574,1.481861111111111,1.249720155786185,727.0608,574,0,0,0
Northwestern Mediterranean,1999,Apr,208,0.010117223600369667,1156,1.7554190476190477,1.3880072478779828,1562.6485,1156,0,0,0
Northwestern Mediterranean,1999,Aug,874,0.042511795320784085,3498,2.0221025,1.658993522116063,5968.7166,3498,0,0,0
Northwestern Mediterranean,1999,Sep,9985,0.4856753733158228,102217,2.91088,2.0012638427386253,211280.4625,100748,8,0,0
Northwestern Mediterranean,1999,Oct,3873,0.18838464905880636,15151,2.5075245283018868,1.7371811630315557,29003.6758,14914,173,0,0
Northwestern Mediterranean,1999,Nov,1641,0.07981905734714724,11618,2.2166979591836733,1.6021281643520018,18626.597999999998,11479,29,0,0
Northwestern Mediterranean,2000,Feb,26,0.0012646529500462084,72,1.1577375,1.0083264360967978,72.2876,67,0,0,0
Northwestern Mediterranean,2000,Mar,631,0.030692154287659906,8594,1.7975777777777777,1.3085676874387286,11510.2535,7941,363,0,0
Northwestern Mediterranean,2000,May,7964,0.3873729266987694,45802,3.4367229357798164,2.2362500931137834,99612.2664,43900,1866,0,0
Northwestern Mediterranean,2000,Jun,5187,0.2522982635342186,26596,3.178010714285714,2.2472116051568074,59369.9713,26574,7,0,0
Northwestern Mediterranean,2000,Dec,245,0.01191692202928158,1525,1.377578125,1.1621185844200226,1820.2485,1523,0,0,0
Northwestern Mediterranean,2001,Jan,145,0.007052872221411547,741,1.1668083333333334,0.9027805329032039,703.9437,728,13,0,0
Northwestern Mediterranean,2001,Mar,1439,0.06999367673524977,10769,1.9528692307692308,1.1786690145009568,13098.2166,10113,607,47,0
Northwestern Mediterranean,2001,May,2131,0.1036529014057104,8437,3.138969811320755,2.366644597907467,19372.5178,8235,202,0,0
Northwestern Mediterranean,2001,Jun,2131,0.1036529014057104,3457,2.6013509433962265,2.166536073056287,7419.8689,3457,0,0,0
Northwestern Mediterranean,2001,Oct,9464,0.4603336738168199,94031,2.543596551724138,1.685028532528411,154875.1226,91511,266,0,0
Northwestern Mediterranean,2001,Nov,6081,0.29578286881657667,39874,2.4814978260869567,1.7665748390066232,69831.0545,39050,83,0,0
Northwestern Mediterranean,2002,Mar,1333,0.06483778393890753,8470,1.842420634920635,1.216284076985645,10718.8283,8260,210,0,0
Northwestern Mediterranean,2002,Jun,6099,0.29665839778199327,33516,3.9651055555555557,2.9036642241240367,95679.1646,33501,15,0,0
Northwestern Mediterranean,2003,Jan,239,0.011625079040809378,1093,1.3731972222222222,1.0848095864289302,1174.7664,1092,0,0,0
Northwestern Mediterranean,2003,Apr,396,0.019261637239165328,615,2.0718120689655173,1.8144990596855253,1175.0648,615,0,0,0
Northwestern Mediterranean,2003,May,5592,0.2719976652560922,56201,3.43278488372093,2.332466672351565,138410.4739,50098,5998,0,0
Northwestern Mediterranean,2003,Jun,20547,0.9994163140230556,442227,5.453647706422019,3.313917655248509,1402897.2507,399222,34654,2,0
Northwestern Mediterranean,2003,Jul,18859,0.9173111532662095,182943,4.127904587155963,2.7293765607714557,439634.9777,172712,1294,0,0
Northwestern Mediterranean,2003,Aug,20500,0.9971302106133567,492424,4.375725688073395,2.689524693031758,1290501.8919,373683,112858,231,0
Northwestern Mediterranean,2003,Sep,12304,0.5984726883603289,45041,2.870535164835165,1.9165373201094995,87825.4986,43728,1294,0,0
Northwestern Mediterranean,2004,Jun,14,6.809669731018045e-4,42,1.8366,1.7194933333333333,72.3655,42,0,0,0
Northwestern Mediterranean,2004,Jul,16,7.782479692592053e-4,38,1.8998,1.7312855555555555,67.0108,38,0,0,0
Northwestern Mediterranean,2004,Oct,937,0.04557614669974221,3115,1.9551606060606062,1.5922954046907325,5050.8382,3049,0,0,0
Northwestern Mediterranean,2004,Nov,3010,0.146407899216888,19037,2.1211382716049383,1.5650269543688289,29977.2351,18987,35,0,0
Northwestern Mediterranean,2005,May,1510,0.0734471520988375,3913,2.541108988764045,2.1395650747332455,8708.0379,3913,0,0,0
Northwestern Mediterranean,2005,Jun,12810,0.6230847803881512,87860,4.278923148148148,2.8612090989416927,252502.4033,87329,245,0,0
Northwestern Mediterranean,2005,Jul,1919,0.09334111581302593,3117,2.580922891566265,2.1492815679762267,6325.0776,3117,0,0,0
Northwestern Mediterranean,2005,Nov,6095,0.2964638357896785,57874,2.600649019607843,1.715364738087721,102218.9486,55761,757,0,0
Northwestern Mediterranean,2006,Apr,412,0.020039885208424535,2325,1.961968,1.5474412776741517,3714.6668,2314,0,0,0
Northwestern Mediterranean,2006,May,409,0.019893963714188435,2853,2.7776622222222223,2.0186616035569953,6182.601,2735,12,0,0
Northwestern Mediterranean,2006,Jun,242,0.011771000535045479,430,2.5482731707317074,2.2730220678713247,1103.7861,430,0,0,0
Northwestern Mediterranean,2006,Jul,17578,0.8550026752273944,268043,4.997415596330275,3.103118253199836,821572.6416,250411,15723,0,0
Northwestern Mediterranean,2006,Aug,14378,0.6993530813755533,27609,3.6669064220183487,2.5730914106428724,65755.971,27310,256,0,0
Northwestern Mediterranean,2006,Oct,3449,0.16776107787343741,16880,2.4289598130841124,1.7295705753864925,30168.9495,16773,13,0,0
Northwestern Mediterranean,2006,Nov,11341,0.5516318887105404,107927,2.6422724770642203,1.7104536921604416,190631.7032,104800,52,0,0
Northwestern Mediterranean,2006,Dec,14409,0.700860936815993,199400,2.821378899082569,1.626709235502268,333495.0924,189145,1913,0,0
Northwestern Mediterranean,2007,Jan,15007,0.7299479546670558,211646,2.158051376146789,1.2251331906972571,261302.8742,195082,10917,159,0
Northwestern Mediterranean,2007,Feb,13446,0.6540201371662046,178993,2.1843284403669725,1.061348349964175,195945.3685,158181,13975,452,67
Northwestern Mediterranean,2007,Mar,15315,0.7449292280752955,199920,1.9269605504587155,1.0939699315834062,228783.0197,176326,16216,474,59
Northwestern Mediterranean,2007,Apr,18660,0.907631694148548,222063,4.142707339449541,2.3956262525867347,526598.7412,153700,66655,1195,0
Northwestern Mediterranean,2007,May,15608,0.7591808940123547,132846,4.044962385321101,2.1977770112654946,287125.6213,123964,6178,0,0
Northwestern Mediterranean,2007,Jun,386,0.018775232258378325,2149,3.5881925925925926,2.632859382662287,5681.177,2143,6,0,0
Northwestern Mediterranean,2008,Jan,854,0.04153898535921008,5424,1.3394574468085105,1.025491236593828,5711.5434,5423,0,0,0
Northwestern Mediterranean,2008,Feb,1486,0.07227978014494868,7171,1.2913793103448277,0.9661768990093643,7173.4586,6861,15,0,0
Northwestern Mediterranean,2008,Mar,594,0.028892455858747994,2591,1.5499829787234043,1.0929496618249952,3109.1447,2457,134,0,0
Northwestern Mediterranean,2008,May,1207,0.058709081180991295,6327,2.1691654545454546,1.764800416301395,10982.3852,6327,0,0,0
Northwestern Mediterranean,2008,Jun,8269,0.402208278612773,32850,4.118574311926605,2.890344595781839,95912.817,32760,90,0,0
Northwestern Mediterranean,2008,Jul,8245,0.4010409066588842,27464,4.006009174311926,3.114737663539113,85461.8837,27424,0,0,0
Northwestern Mediterranean,2008,Sep,973,0.047327204630575416,6868,2.2004531914893617,1.6578742154377382,11740.085500000001,6864,0,0,0
Northwestern Mediterranean,2008,Nov,684,0.03327010068583102,4897,1.7740035714285713,1.3816796006352363,6784.5828,4882,0,0,0
Northwestern Mediterranean,2009,May,10127,0.4925823240429982,97299,4.440630275229358,2.770391778915032,269872.9939,84617,12495,34,0
Northwestern Mediterranean,2009,Jun,1057,0.05141300646918624,4715,3.087204938271605,2.3142219691017036,11017.6112,4715,0,0,0
Northwestern Mediterranean,2009,Jul,2555,0.12427647259107934,15393,3.1026912280701753,2.443398579513348,36056.5253,15336,57,0,0
Northwestern Mediterranean,2009,Aug,16870,0.8205652025876745,166602,3.3541798165137613,2.0999173323050244,329307.2397,160295,2439,0,0
Northwestern Mediterranean,2009,Sep,14029,0.6823775475460869,98500,3.0741564814814817,2.0734570062980917,200872.6324,90255,7843,0,0
Northwestern Mediterranean,2009,Nov,774,0.037647745512914055,4004,1.881822641509434,1.5692252824996022,5895.9241,4004,0,0,0
Northwestern Mediterranean,2009,Dec,67,0.0032589133712729217,233,1.5832904761904762,1.4339493857913241,364.80899999999997,233,0,0,0
Northwestern Mediterranean,2010,Apr,4649,0.2261296755678778,17267,2.605284375,1.934266877319293,33615.2535,17237,30,0,0
Northwestern Mediterranean,2010,May,4270,0.2076949267960504,9703,2.463790625,1.8906910418091236,18301.2283,9703,0,0,0
Northwestern Mediterranean,2010,Jul,15215,0.7400651782674255,170876,4.416888990825688,2.969080929771196,501626.3126,168525,1789,0,0
Northwestern Mediterranean,2011,Apr,11277,0.5485188968335035,99040,2.6999688073394497,1.605837038499683,157958.7113,94424,3413,0,0
Northwestern Mediterranean,2011,May,11388,0.5539179921202393,102222,3.8548284403669726,2.3274565958051316,235575.0359,96460,4446,0,0
Northwestern Mediterranean,2011,Aug,2585,0.12573568753344033,13681,2.7064432989690723,2.099338861450353,31968.0052,13678,3,0,0
Northwestern Mediterranean,2011,Sep,12056,0.5864098448368111,84897,2.8549146788990827,1.8813330826164314,153939.1137,83831,289,0,0
Northwestern Mediterranean,2011,Oct,10306,0.5012889731990856,95458,2.8469085714285716,1.9736486404721498,181351.3675,93816,180,0,0
Northwestern Mediterranean,2011,Nov,9771,0.4752663067269809,89145,2.6717743119266055,1.8037560127331804,171967.609,86398,368,0,0
Northwestern Mediterranean,2011,Dec,14875,0.7235274089206674,181973,2.7705577981651377,1.6701356570807881,312416.6031,173080,4215,0,0
Northwestern Mediterranean,2012,Jan,4027,0.1958752857629262,39807,1.5546764705882352,1.0916943849766354,45761.9013,38118,1127,0,0
Northwestern Mediterranean,2012,Mar,10206,0.4964249233912155,56691,1.8139564356435645,1.1761588275607775,66828.8924,54783,1783,0,0
Northwestern Mediterranean,2012,Apr,9690,0.47132642638260613,29192,2.134971875,1.3405318561139743,38899.6968,27472,1248,0,0
Northwestern Mediterranean,2012,May,4030,0.19602120725716232,12926,2.976651388888889,2.278397397158946,27640.5537,12926,0,0,0
Northwestern Mediterranean,2012,Jun,7115,0.3460771438299528,32594,3.2311689655172415,2.4305302333263916,77709.0253,32219,233,0,0
Northwestern Mediterranean,2012,Jul,4190,0.20380368694975437,42185,3.28294578313253,2.512234981413815,111289.0855,41193,187,0,0
Northwestern Mediterranean,2012,Aug,17991,0.8750912009338976,162858,3.4912165137614677,2.234654257479595,346586.4702,160547,1745,0,0
Northwestern Mediterranean,2012,Sep,937,0.04557614669974221,1133,1.6796533333333334,1.5168879255675622,1679.9621,1133,0,0,0
Northwestern Mediterranean,2012,Oct,2687,0.13069701833746777,22728,2.2053921348314605,1.6231375397746086,34649.2342,22549,0,0,0
Northwestern Mediterranean,2012,Nov,1089,0.052969502407704656,7406,1.9177144927536232,1.4314242243987536,10223.7023,7318,32,0,0
Northwestern Mediterranean,2013,Apr,5759,0.28012062843523516,31268,2.514956626506024,1.7029344223070417,55528.6398,29836,1432,0,0
Northwestern Mediterranean,2013,May,1002,0.048737779074857726,7241,2.7622115942028986,2.055735953179411,15155.5293,6996,107,0,0
Northwestern Mediterranean,2013,Jul,8649,0.42069166788267914,66774,3.7758880434782607,2.689903449266133,185903.1315,66472,0,0,0
Northwestern Mediterranean,2013,Aug,810,0.039398803443747264,4726,3.052417808219178,2.293462931067115,11802.8401,4582,72,0,0
Northwestern Mediterranean,2013,Sep,379,0.018434748771827422,1517,2.054679591836735,1.801549689932756,2734.2712,1507,0,0,0
Northwestern Mediterranean,2013,Oct,15449,0.7514470548178414,116523,2.9322049504950494,1.8353295101103475,214332.7416,113240,563,0,0
Northwestern Mediterranean,2013,Nov,15372,0.7477017364657814,136999,2.6083960396039605,1.7497937619665278,242399.5085,134302,947,0,0
Northwestern Mediterranean,2014,Jan,5842,0.2841577897757673,62525,1.5675605504587156,0.9879799465138565,62620.8482,60575,940,0,0
Northwestern Mediterranean,2014,Feb,5022,0.24427258135123303,60683,1.673699074074074,0.9360420351255071,58317.1668,55673,2971,139,0
Northwestern Mediterranean,2014,Mar,5113,0.24869886667639476,52181,1.5752577981651377,1.0148229024299456,50332.2684,49340,1651,0,0
Northwestern Mediterranean,2014,Apr,4549,0.22126562576000777,30940,2.395775229357798,1.6266194930495397,50278.8712,30175,552,0,0
Northwestern Mediterranean,2014,May,179,0.008706649156087359,813,2.1071733333333333,1.7629673366596974,1422.5206,813,0,0,0
Northwestern Mediterranean,2014,Jun,5957,0.28975144705481787,33304,3.994783486238532,2.8555092741138575,95356.8666,33212,92,0,0
Northwestern Mediterranean,2014,Sep,8786,0.42735541611946104,84096,2.6948780952380953,1.9543342470033405,161570.1547,82290,310,0,0
Northwestern Mediterranean,2014,Oct,19063,0.9272338148742643,366282,3.5736990825688073,2.1481353306929916,792761.6493,316006,42223,0,0
Northwestern Mediterranean,2014,Nov,18970,0.9227102485529451,276600,3.0795082568807337,1.8425151580063293,516219.0111,262082,7228,0,0
Northwestern Mediterranean,2014,Dec,17191,0.8361788024709373,335326,2.9260229357798164,1.7323865291239637,570398.9231,313226,15269,0,0
Northwestern Mediterranean,2015,Jan,9962,0.4845566418600126,137894,1.8354669724770643,1.1201705144720233,156627.6842,130360,3606,60,0
Northwestern Mediterranean,2015,Apr,1413,0.06872902378520356,8849,1.9602289473684211,1.5710220674238817,14204.0687,8849,0,0,0
Northwestern Mediterranean,2015,May,5586,0.27170582226762,43956,3.0526977011494254,1.9911426477509466,86241.1156,42501,1418,0,0
Northwestern Mediterranean,2015,Jun,15677,0.762537088379785,132237,4.359458715596331,2.89804399836292,377588.4638,129725,2472,0,0
Northwestern Mediterranean,2015,Jul,20082,0.97679848241646,356712,4.79734128440367,3.0573517908032106,1031760.2479,336543,16297,0,0
Northwestern Mediterranean,2015,Aug,7482,0.3639282066248358,76162,3.1004253164556963,2.0800184039839897,157648.2862,75326,470,0,0
Northwestern Mediterranean,2015,Sep,1720,0.08366165669536456,10427,2.1058628571428573,1.7466170482822776,16844.9951,10395,0,0,0
Northwestern Mediterranean,2015,Nov,3350,0.1629456685636461,22013,2.347737142857143,1.775413454388825,40416.2412,21830,97,0,0
Northwestern Mediterranean,2015,Dec,10506,0.5110170728148257,92349,2.3055174311926607,1.4938296651811847,139965.2634,84736,5325,95,0
Northwestern Mediterranean,2016,Jan,16892,0.8216352935454059,267804,2.2989018348623853,1.313287738583338,361382.7351,232723,28825,483,66
Northwestern Mediterranean,2016,Feb,15266,0.7425458436694392,222202,1.7790456310679612,1.0033723670708778,250146.6385,197591,18536,27,0
Northwestern Mediterranean,2016,Mar,6357,0.309207646286298,23592,1.274736,0.9013112879770855,21943.14,23381,16,0,0
Northwestern Mediterranean,2016,Apr,1921,0.09343839680918332,11675,1.900231182795699,1.4251366305719457,17582.4333,11651,24,0,0
Northwestern Mediterranean,2016,Jun,1014,0.04932146505180213,6321,2.5191425,2.061778751608356,12961.5359,6321,0,0,0
Northwestern Mediterranean,2016,Sep,6595,0.32078408482902865,60947,2.8739064220183486,1.9692614744520938,126491.0016,60205,212,0,0
Northwestern Mediterranean,2016,Oct,8125,0.39520404688944016,69087,2.6508962962962963,1.8765472499244211,121036.1769,67227,3,0,0
Northwestern Mediterranean,2016,Nov,7236,0.3519626440974756,63836,2.619648148148148,1.8095723069893734,116625.2846,62959,63,0,0
Northwestern Mediterranean,2016,Dec,13699,0.6663261831801157,244008,2.543414953271028,1.6676706879818186,398622.2559,229514,7495,0,0
Northwestern Mediterranean,2017,Jan,11727,0.5704071209689188,115637,2.230591588785047,1.3632548792627615,157414.8071,109628,4417,0,0
Northwestern Mediterranean,2017,Feb,4635,0.225448708594776,36360,1.37412,0.8973225161870767,33117.7061,34980,833,0,0
Northwestern Mediterranean,2017,Mar,17202,0.836713847949803,201760,2.204875229357798,1.1156237617203142,234048.105,181634,15583,147,0
Northwestern Mediterranean,2017,Apr,19630,0.9548129772848873,242120,2.955908256880734,1.7167118885210686,415416.1136,213552,25585,0,0
Northwestern Mediterranean,2017,May,15896,0.7731893574590204,96608,3.5850752293577983,2.441133640874956,217687.4913,93794,499,0,0
Northwestern Mediterranean,2017,Jun,19233,0.9355026995476434,352765,4.895915596330275,2.947236831649634,1023572.5776,324640,23291,0,0
Northwestern Mediterranean,2017,Jul,979,0.04761904761904762,6320,2.621472222222222,2.0822596877956725,13843.061599999999,6250,0,0,0
Northwestern Mediterranean,2017,Aug,7719,0.3754560046694878,48647,2.9679825242718447,2.066124521324671,100292.4596,45809,2791,0,0
Northwestern Mediterranean,2017,Sep,120,0.005836859769444039,643,2.3166318181818184,1.8981560611971,1399.7524,635,0,0,0
Northwestern Mediterranean,2017,Oct,1839,0.0894498759667299,17129,2.5437612903225806,1.9240167340858703,36161.2791,16419,368,0,0
Northwestern Mediterranean,2017,Nov,2053,0.09985894255557178,24734,2.9490966666666667,1.9927749565090176,51796.3343,22742,1498,0,0
Northwestern Mediterranean,2017,Dec,966,0.04698672114402452,14939,2.212546,1.5567632714719184,28405.4318,11542,3103,0,0
Northwestern Mediterranean,2018,Jan,1585,0.07709518945474002,21486,1.9085155172413792,1.2344327982022947,32577.2264,15585,5414,130,0
Northwestern Mediterranean,2018,Apr,16738,0.814144656841286,157462,4.0210165137614675,2.355859084819157,367507.2757,117587,39698,55,0
Northwestern Mediterranean,2018,May,8918,0.4337759618658495,38724,3.253930275229358,2.0756978886463573,81314.6562,38143,127,0,0
Northwestern Mediterranean,2018,Jun,6918,0.33649496570844883,47562,3.733261,2.539977603257528,121252.8909,46375,812,0,0
Northwestern Mediterranean,2018,Jul,14701,0.7150639622549735,63447,3.749864220183486,2.49378653727299,154170.4588,62533,733,0,0
Northwestern Mediterranean,2018,Aug,20195,0.9822948586993531,336670,4.905046788990826,2.6670378262144685,885346.6036,301250,31206,0,0
Northwestern Mediterranean,2018,Sep,17807,0.8661413492874167,210951,3.4225449541284405,2.094764202703286,420857.4606,205280,3300,0,0
Northwestern Mediterranean,2018,Oct,6251,0.3040517534899557,47691,2.438056880733945,1.7202763894253765,84828.8258,47215,41,0,0
Northwestern Mediterranean,2018,Dec,4078,0.19835595116493993,38298,1.9728357798165137,1.3526596199233307,55171.5557,37596,88,6,0
Northwestern Mediterranean,2019,Jan,1509,0.07339851160075879,11280,1.515036559139785,1.1564716734738711,13423.9571,11023,76,8,0
Northwestern Mediterranean,2019,Mar,1024,0.04980787003258914,8418,1.4000539682539683,1.0066810597527822,9210.5315,8241,0,0,0
Northwestern Mediterranean,2019,Jun,15688,0.7630721338586507,61351,4.797833944954128,3.11110094001811,182762.1211,59322,1514,17,0
Northwestern Mediterranean,2019,Jul,18615,0.9054428717350066,200719,5.3373165137614675,3.3667698111306525,661954.507,185810,14568,24,3
Northwestern Mediterranean,2019,Aug,11366,0.5528479011625079,72204,3.333321100917431,2.037811655674996,146517.1133,72044,49,0,0
Northwestern Mediterranean,2019,Sep,11376,0.5533343061432949,73225,2.9573036697247708,2.0558844142112527,137204.7788,71762,271,0,0
Northwestern Mediterranean,2019,Oct,8652,0.42083758937691523,62031,2.418513829787234,1.6138380788382123,99176.8493,61485,0,0,0
Northwestern Mediterranean,2019,Nov,7057,0.3432559949413882,36588,2.4374925531914893,1.6152142827360216,59131.7439,36053,352,0,0
Northwestern Mediterranean,2020,Jan,7627,0.37098107884624737,55360,1.5257820754716982,1.0008308834468975,56319.0556,50618,3497,260,0
Northwestern Mediterranean,2020,Feb,18167,0.8836519285957488,316725,1.7464,0.9719478186018065,321495.7675,296095,9641,58,0
Northwestern Mediterranean,2020,Mar,13301,0.6469672649447931,98622,1.781461,1.0493020949972998,102963.2877,94410,3275,0,0
Northwestern Mediterranean,2020,Apr,11837,0.5757575757575758,129513,2.7543696078431372,1.6368442879502825,216280.0744,119584,8292,13,0
Northwestern Mediterranean,2020,May,10521,0.5117466802860061,140829,3.7651707070707072,2.249738277937382,313349.0855,130670,8400,4,0
Northwestern Mediterranean,2020,Jun,5282,0.2569191108516951,23119,3.384302105263158,2.423199546037604,54370.6365,23066,45,0,0
Northwestern Mediterranean,2020,Jul,6187,0.30093876161291894,20043,3.2808561904761904,2.3215883008558222,45931.671,19995,25,0,0
Northwestern Mediterranean,2020,Aug,9172,0.4461306483778394,69048,3.339284761904762,2.174412901738122,128091.6158,67263,726,0,0
Northwestern Mediterranean,2020,Sep,11015,0.5357750863368841,105852,3.1655650485436895,2.1050381358018044,224054.4581,104165,522,0,0
Northwestern Mediterranean,2020,Nov,2378,0.11566710443114937,15130,2.160476923076923,1.6446639882114724,23746.2778,14856,0,0,0
Northwestern Mediterranean,2020,Dec,2516,0.12237949316601002,11567,1.9039467391304348,1.4036968985828249,16236.0801,11556,0,0,0
Northwestern Mediterranean,2021,Feb,1885,0.09168733887835011,12277,1.2338355555555556,0.8461702062137328,10568.9777,12003,181,0,0
Northwestern Mediterranean,2021,Mar,7895,0.3840167323313391,49006,1.803032110091743,1.1115042211458552,52211.9661,46377,2458,0,0
Northwestern Mediterranean,2021,Apr,6739,0.3277883165523615,20163,2.0172091743119265,1.442130066507635,29583.5143,17018,3114,31,0
Northwestern Mediterranean,2021,Jun,8026,0.3903886375796488,60219,3.8041798165137615,2.6060864552924445,159703.2887,59163,889,0,0
Northwestern Mediterranean,2021,Jul,1559,0.0758305365046938,10395,3.09075873015873,2.3077375959648743,24088.5386,10198,140,0,0
Northwestern Mediterranean,2021,Aug,873,0.042463154822705386,6245,2.410935294117647,1.8579734965721593,12005.5468,6051,177,0,0
Northwestern Mediterranean,2021,Sep,12783,0.6217714869400263,61827,2.6957923076923076,1.8768100799795557,107905.487,60925,82,0,0
Northwestern Mediterranean,2021,Oct,11604,0.5644243397052385,71551,2.5349682692307693,1.8202444455643023,124615.0793,71356,46,0,0
Northwestern Mediterranean,2021,Nov,888,0.04319276229388589,4864,2.0631068493150684,1.667331394956571,8169.6818,4794,0,0,0
Northwestern Mediterranean,2022,Feb,1534,0.0746145240527263,19710,1.3122185185185185,0.8830141481775852,19754.4984,18611,90,0,0
Northwestern Mediterranean,2022,Mar,1083,0.05267765941923245,7360,1.0876015384615385,0.909971137626468,7587.5798,7247,0,0,0
Northwestern Mediterranean,2022,May,20512,0.9977138965903011,301133,4.7934339449541286,2.734265968188316,827443.7687,235714,61592,409,0
Northwestern Mediterranean,2022,Jun,20471,0.9957196361690743,352073,4.830102752293578,2.9051317985998693,993912.9221,324652,21248,0,0
Northwestern Mediterranean,2022,Jul,20557,0.9999027190038426,408518,5.406049541284403,3.188504839400238,1251504.8112,352636,53714,7,0
Northwestern Mediterranean,2022,Aug,20493,0.9967897271268058,502907,4.519209174311927,2.6473577460891597,1303028.2603,395520,100313,1714,0
Northwestern Mediterranean,2022,Sep,20530,0.9985894255557177,434246,4.194055963302752,2.514117142305005,1043897.2501,324915,104061,1464,0
Northwestern Mediterranean,2022,Oct,19396,0.9434311007344716,249373,3.701747663551402,2.155894031782414,541549.7779,213947,30846,531,0
Northwestern Mediterranean,2022,Nov,19893,0.9676054282795856,375410,3.9382,2.167124663122081,806302.25490000006,317807,52254,892,0
Northwestern Mediterranean,2022,Dec,16015,0.7789775767303857,197982,2.4608055555555555,1.5873692702963695,314615.3016,180545,12358,0,0
Northwestern Mediterranean,2023,Jan,19203,0.9340434846052823,322067,2.6018981651376145,1.4657999788951106,485393.1201,224940,88041,486,0
Northwestern Mediterranean,2023,Feb,5345,0.2599834622306532,43124,1.3429157894736843,0.8916556190782727,39326.4253,41451,672,0,0
Northwestern Mediterranean,2023,Mar,11241,0.5467678389026703,87080,1.7874059405940594,1.1124749809589076,99859.9746,83093,3213,0,0
Northwestern Mediterranean,2023,Apr,6121,0.2977284887397247,51093,2.608728125,1.8165176860263934,89311.9356,49971,429,0,0
Northwestern Mediterranean,2023,May,11432,0.5560581740357021,98514,3.66360099009901,2.276473169000312,221721.89429999999,89960,7670,0,0
Northwestern Mediterranean,2023,Jun,14800,0.7198793715647648,220504,0.5738688073394496,0.43779660410094506,12224.212,209491,2990,0,0
Northwestern Mediterranean,2023,Jul,16381,0.79677999902719,245713,0.39964036697247707,0.28065575646476065,10472.7781,204347,30310,928,0
Northwestern Mediterranean,2023,Aug,17515,0.8519383238484363,165864,4.521122018348624,2.7079445017959354,419258.8316,115907,46436,2902,0
Northwestern Mediterranean,2023,Sep,10085,0.4905394231236928,82116,2.7418598130841123,1.916222407304778,146567.1769,80054,22,0,0
Northwestern Mediterranean,2023,Oct,20505,0.9973734131037502,532470,3.6493862385321103,2.2348879096287253,1214625.2178,433446,96108,77,0
Northwestern Mediterranean,2023,Nov,12106,0.5888418697407461,96401,2.524145263157895,1.650426643944225,159508.767,92945,1102,0,0
Northwestern Mediterranean,2023,Dec,2327,0.11318643902913565,18807,1.8345433333333334,1.2731978484700708,23065.0022,18200,46,0,0
Northwestern Mediterranean,1991,Oct,1729,0.08409942117807287,4819,1.938603488372093,1.5031703077805925,7592.4708,4570,0,0,0
Northwestern Mediterranean,2000,Apr,4,1.9456199231480132e-4,8,1.4275666666666667,1.2178583333333333,9.7471,8,0,0,0
Northwestern Mediterranean,2008,Aug,6,2.91842988472202e-4,6,1.4273,1.407975,8.4622,6,0,0,0
Northwestern Mediterranean,2009,Oct,6455,0.3139744150980106,67606,2.691488888888889,1.8910627623500043,144010.9805,66704,69,0,0
Northwestern Mediterranean,1986,Sep,88,0.004280363830925628,528,1.5859454545454545,1.4194166578394898,758.3831,528,0,0,0
Northwestern Mediterranean,2018,Feb,1816,0.08833114451091979,14377,1.1621211111111112,0.833734253985589,14101.6053,13324,796,0,0
Northwestern Mediterranean,1990,Jun,38,0.0018483389269906122,74,2.3951454545454545,2.2883411255411255,180.0055,74,0,0,0
Northwestern Mediterranean,2016,Jul,729,0.035458923099372534,3847,2.93836,2.3911180609855935,9333.53,3847,0,0,0
Northwestern Mediterranean,1987,Nov,1985,0.09655138868622015,13412,2.299289108910891,1.6258492144491612,24075.2038,13175,177,0,0
Northwestern Mediterranean,2005,Oct,1302,0.06332992849846783,5947,2.1505885714285715,1.7665055998351697,12014.7264,5683,253,0,0
Northwestern Mediterranean,2021,Jan,785,0.03818279099177976,5019,1.1125576271186441,0.871414544295517,4543.9209,4898,1,0,0
Northwestern Mediterranean,1986,Nov,65,0.0031616323751155213,236,1.862021052631579,1.618652974711656,430.7047,236,0,0,0
Northwestern Mediterranean,1997,Jan,37,0.0017996984289119122,124,1.0993555555555556,0.9541590787771899,117.4815,124,0,0,0
Northwestern Mediterranean,2002,Jan,4,1.9456199231480132e-4,4,0.7843,0.779825,3.1193,4,0,0,0
Northwestern Mediterranean,2002,Feb,4,1.9456199231480132e-4,20,0.85265,0.77685,15.537,20,0,0,0
Northwestern Mediterranean,2012,Dec,23,0.0011187314558101075,62,1.19574,1.104738,68.7997,62,0,0,0
Northwestern Mediterranean,2022,Jan,443,0.021547740648864243,997,1.1769565217391305,1.0049542793347328,1013.412,996,0,0,0
Northwestern Mediterranean,1982,Mar,22,0.001070090957731407,43,1.0265499999999999,0.9548821271929825,40.9206,43,0,0,0
Northwestern Mediterranean,1983,Oct,152,0.00739335570796245,896,1.9799,1.7467777985626187,1521.5987,896,0,0,0
Northwestern Mediterranean,2005,Apr,82,0.003988520842453427,123,1.967723076923077,1.8212178097719274,219.3218,123,0,0,0
Northwestern Mediterranean,2002,Dec,384,0.018677951262220924,1988,1.7554282608695653,1.3746476546425297,2754.7977,1784,204,0,0
Northwestern Mediterranean,2010,Aug,100,0.004864049807870033,506,1.6853,1.446305564952516,737.3951,506,0,0,0
Northwestern Mediterranean,2012,Feb,213,0.01036042609076317,640,1.028053488372093,0.917864514201462,602.6163,640,0,0,0
Northwestern Mediterranean,1994,Jul,1074,0.05223989493652415,4624,3.0412525641025643,2.272260646721748,10479.7413,4588,0,0,0
Northwestern Mediterranean,2015,Feb,2208,0.10739821975777032,12991,1.1358702380952381,0.8043938712331292,10954.1849,12721,35,0,0
Northwestern Mediterranean,2019,Dec,1705,0.08293204922418405,9802,1.578804109589041,1.2035979253852085,12235.077800000001,9648,11,0,0
Northwestern Mediterranean,1999,May,264,0.012841091492776886,813,2.311675925925926,2.047003745223034,1727.2458,775,38,0,0
Northwestern Mediterranean,1999,Jun,538,0.026168587966340775,2723,2.8066415384615384,2.275059211192768,6121.6726,2723,0,0,0
Northwestern Mediterranean,2011,Jul,49,0.002383384405856316,245,2.8078066666666666,2.2471861777777775,536.7537,245,0,0,0
Northwestern Mediterranean,2001,Feb,751,0.036529014057103945,5588,1.1961333333333333,0.8659496458681163,4940.3259,5532,20,0,0
Northwestern Mediterranean,1992,Jul,1909,0.09285471083223892,4930,3.197741891891892,2.4640075352520423,13140.6677,4930,0,0,0
Northwestern Mediterranean,1993,May,27,0.0013132934481249088,120,2.3339,1.9886493154761904,238.9147,120,0,0,0
Northwestern Mediterranean,1993,Jun,5,2.4320249039350164e-4,15,2.1262,2.0378944444444445,30.596799999999998,15,0,0,0
Northwestern Mediterranean,1993,Nov,2,9.728099615740066e-5,10,1.5281500000000001,1.33511,13.351099999999999,10,0,0,0
Northwestern Mediterranean,1995,May,1639,0.07972177635098983,9767,2.7486813333333333,2.0132601647484125,19464.877,9714,53,0,0
Northwestern Mediterranean,1997,May,32,0.0015564959385184105,131,1.8183454545454545,1.624798292929293,209.805,131,0,0,0
Northwestern Mediterranean,1999,Jan,985,0.047910890607519824,14375,2.2966216216216218,1.4663395998054907,22740.6581,10590,3256,267,0
Northwestern Mediterranean,2000,Nov,2,9.728099615740066e-5,8,1.53125,1.32735,10.6188,8,0,0,0
Northwestern Mediterranean,2018,Nov,3176,0.15448222189795224,27937,2.2950115384615386,1.593628617470398,47889.705,27501,27,0,0
Northwestern Mediterranean,2019,Feb,299,0.014543508925531396,1122,1.2383731707317074,1.0031562619907306,1231.54,1112,0,0,0
Northwestern Mediterranean,1997,Aug,2427,0.1180504888370057,21101,2.9497493150684932,2.250339844949565,57023.6227,20860,149,0,0
Northwestern Mediterranean,2003,Dec,199,0.009679459117661365,1217,1.6801357142857143,1.3965109322185576,1842.18,1207,0,0,0
Northwestern Mediterranean,2004,Sep,43,0.002091541417384114,223,2.027,1.8280237784313726,390.2817,223,0,0,0
Northwestern Mediterranean,1983,Jul,939,0.045673427695899604,7437,3.9156717391304348,2.8720049886999446,22394.4206,7289,41,0,0
Northwestern Mediterranean,1995,Nov,175,0.008512087163772558,810,1.894751724137931,1.6905575220169906,1357.7082,810,0,0,0
Northwestern Mediterranean,2007,Dec,34,0.0016537769346758112,216,1.4569777777777777,1.2655886168170973,275.2383,216,0,0,0
Northwestern Mediterranean,2021,Dec,158,0.007685198696434652,929,1.537775,1.1691388307623272,1134.1908,927,2,0,0
Northwestern Mediterranean,1984,Nov,237,0.011527798044651977,1365,2.0530666666666666,1.6204424993075728,2386.6656,1333,0,0,0
Northwestern Mediterranean,1984,Dec,501,0.024368889537428863,3813,1.8422347826086956,1.3443557147128713,5681.0761999999995,3555,143,0,0
Northwestern Mediterranean,1992,May,339,0.01648912884867941,1930,2.414121052631579,1.953022104436772,3806.5819,1930,0,0,0
Northwestern Mediterranean,1985,Sep,646,0.031421761758840414,1576,2.142057142857143,1.766680625358409,2771.5694,1570,0,0,0
Northwestern Mediterranean,1992,Sep,6,2.9184298847220193e-4,6,1.3292000000000002,1.3228166666666668,7.9369,6,0,0,0
Northwestern Mediterranean,1993,Oct,70,0.0034048348655090228,370,1.3597272727272727,1.2289387417860762,458.8865,370,0,0,0
Northwestern Mediterranean,1998,Dec,453,0.02203414562965125,4820,2.3751344827586207,1.649699160032694,8101.6759,4332,309,0,0
Northwestern Mediterranean,2001,Aug,1060,0.051558927963422346,6042,2.859694366197183,2.2379639190884313,13425.6514,6042,0,0,0
Northwestern Mediterranean,2018,Mar,69,0.0033561943674303226,304,0.9808749999999999,0.8585367536165973,264.3202,296,0,0,0
Northwestern Mediterranean,1994,Nov,315,0.015321756894790603,1768,2.1117930232558138,1.7195882375972391,3147.2795,1767,0,0,0
Northwestern Mediterranean,1988,Oct,79,0.0038425993482173256,220,1.9922894736842105,1.8574273610139689,438.0626,220,0,0,0
Northwestern Mediterranean,1998,Nov,443,0.021547740648864243,4657,2.6265439024390242,1.9573766467695948,9036.4432,4411,141,0,0
Northwestern Mediterranean,1986,Jan,2,9.728099615740066e-5,10,1.1206,0.9358500000000001,9.3585,10,0,0,0
Northwestern Mediterranean,2001,Dec,482,0.023444720073933556,3195,2.49055,1.8488152951690147,6103.2743,3157,11,0,0
Northwestern Mediterranean,1982,Oct,6,2.91842988472202e-4,30,1.45735,1.2617475,37.893299999999996,30,0,0,0
Northwestern Mediterranean,2000,Aug,40,0.001945619923148013,210,2.2828666666666666,1.9200398399209486,389.1754,210,0,0,0
Northwestern Mediterranean,1983,Nov,43,0.002091541417384114,264,1.980875,1.7262161866850907,469.46999999999997,264,0,0,0
Northwestern Mediterranean,1983,Dec,5,2.432024903935016e-4,5,1.2893,1.2741500000000001,6.4397,5,0,0,0
Northwestern Mediterranean,1999,Feb,429,0.02086677367576244,4083,1.9804,1.2481168273678822,5432.5444,2698,1212,133,0
Northwestern Mediterranean,2003,Mar,111,0.005399095286735736,593,1.0698695652173913,0.8974576039895616,508.4904,593,0,0,0
Northwestern Mediterranean,2006,Sep,8,3.891239846296026e-4,40,1.624325,1.4781366666666667,58.8512,40,0,0,0
Northwestern Mediterranean,2011,Jan,64,0.0031129918770368206,285,1.1905846153846154,1.0223295170967794,299.2011,285,0,0,0
Northwestern Mediterranean,2013,Dec,78,0.0037939588501386253,389,1.476694117647059,1.1717135615868537,455.6034,389,0,0,0
Northwestern Mediterranean,2015,Oct,14,6.809669731018045e-4,50,1.7224199999999998,1.573120606060606,78.02289999999999,50,0,0,0
Northwestern Mediterranean,1995,Oct,107,0.005204533294420935,502,1.9650105263157895,1.7199983663889453,917.4343,502,0,0,0
Northwestern Mediterranean,2010,Jun,239,0.011625079040809378,338,2.971947619047619,2.74792982946761,951.066,338,0,0,0
Northwestern Mediterranean,2011,Jun,1,4.864049807870033e-5,1,1.6656,1.6656,1.6656,1,0,0,0
Northwestern Mediterranean,1998,May,459,0.02232598861812345,2919,2.959893181818182,2.1805595422378627,6566.3407,2890,5,0,0
Northwestern Mediterranean,2007,Nov,24,0.001167371953888808,131,1.87076,1.6095048632411066,211.8763,131,0,0,0
Northwestern Mediterranean,1999,Mar,90,0.00437764482708303,339,1.1332454545454544,0.9306566632493257,330.5714,316,23,0,0
Northwestern Mediterranean,1990,Dec,61,0.0029670703828007195,86,1.4840444444444445,1.4003152479038754,122.3099,86,0,0,0
Northwestern Mediterranean,1998,Sep,258,0.012549248504304684,2613,2.7306,2.0044896143774884,5549.6895,2528,8,0,0
Northwestern Mediterranean,1989,Oct,173,0.008414806167615156,578,2.742384615384615,2.2371199591664612,1311.6627,578,0,0,0
Northwestern Mediterranean,1990,Aug,696,0.03385378666277543,4166,3.2042304347826085,2.527597680341858,11872.1057,4166,0,0,0
Northwestern Mediterranean,2010,Oct,31,0.00150785544043971,110,2.7539625,2.345555819422878,269.16519999999997,110,0,0,0
Northwestern Mediterranean,2004,Dec,37,0.001799698428911912,207,1.83225,1.441741455128205,300.9506,207,0,0,0
Northwestern Mediterranean,2011,Feb,50,0.0024320249039350163,238,1.01381,0.8882181497890284,214.93789999999998,238,0,0,0
Northwestern Mediterranean,2010,Sep,152,0.00739335570796245,1127,2.3460285714285716,1.8341375917199205,1967.7608,1084,0,0,0
Northwestern Mediterranean,1998,Aug,145,0.007052872221411547,1066,2.4636833333333334,1.9417587199490958,2189.6438,1062,0,0,0
Northwestern Mediterranean,1990,Jul,113,0.005496376282893137,130,2.5840071428571427,2.33969029247799,320.2607,130,0,0,0
Northwestern Mediterranean,2003,Oct,36,0.0017510579308332118,100,2.06335,1.9086665169340462,186.5801,100,0,0,0
Northwestern Mediterranean,2004,Jan,122,0.005934140765601439,761,1.0996066666666666,0.8565951139250121,667.6527,761,0,0,0
Northwestern Mediterranean,2008,Oct,101,0.0049126903059487324,566,2.371385714285714,2.016811286242929,1206.8688,566,0,0,0
Northwestern Mediterranean,1997,Nov,230,0.011187314558101074,1183,2.078603125,1.8265325536177357,2264.4324,1183,0,0,0
Northwestern Mediterranean,1997,Dec,114,0.005545016780971837,911,1.63881875,1.2751187149120622,1189.4363,894,0,0,0
Northwestern Mediterranean,1998,Oct,105,0.005107252298263534,652,2.6260846153846154,2.0370322733306825,1396.9613,624,0,0,0
Northwestern Mediterranean,2009,Jan,51,0.0024806654020137165,278,1.01925,0.8436902441388433,237.1857,278,0,0,0
Northwestern Mediterranean,2005,Aug,36,0.0017510579308332118,63,2.2782333333333336,1.9475468783068783,132.9908,63,0,0,0
Northwestern Mediterranean,2005,Sep,34,0.0016537769346758112,151,2.4482500000000003,2.0964355921781754,321.2789,151,0,0,0
Northwestern Mediterranean,1988,Aug,360,0.01751057930833212,1954,3.226824,2.383672483790918,5007.6809,1954,0,0,0
Northwestern Mediterranean,1992,Nov,18,8.755289654166058e-4,90,2.1247000000000003,1.9023991666666666,174.5092,90,0,0,0
Northwestern Mediterranean,1989,Jan,2,9.728099615740066e-5,9,0.83335,0.6298375,5.738099999999999,9,0,0,0
Northwestern Mediterranean,1989,Feb,1,4.864049807870033e-5,1,0.8183,0.8183,0.8183,1,0,0,0
Northwestern Mediterranean,2009,Feb,34,0.0016537769346758112,183,0.9840454545454546,0.7845224726960682,146.3704,183,0,0,0
Northwestern Mediterranean,2003,Nov,10,4.864049807870033e-4,55,2.0426,1.7945973023715416,100.9161,55,0,0,0
Northwestern Mediterranean,2013,Jun,3,1.45921494236101e-4,15,2.7443,2.458145,36.9518,15,0,0,0
Northwestern Mediterranean,2015,Mar,651,0.031664964249233915,2002,0.984492,0.8114467083322698,1614.0882,2002,0,0,0
Northwestern Mediterranean,2010,Mar,26,0.0012646529500462084,144,0.71428,0.6196075756302521,89.5564,144,0,0,0
Northwestern Mediterranean,1982,Nov,20,9.728099615740064e-4,127,2.07772,1.6942282003825921,211.5704,127,0,0,0
Northwestern Mediterranean,2011,Mar,152,0.00739335570796245,332,1.112570588235294,0.9593555797504294,348.5238,332,0,0,0
Northwestern Mediterranean,1983,Aug,68,0.0033075538693516223,246,3.02073,2.6543764316100567,637.9939,246,0,0,0
Northwestern Mediterranean,1983,Sep,68,0.0033075538693516223,130,2.59017,2.393069070746247,311.58889999999997,130,0,0,0
Northwestern Mediterranean,2013,Feb,14,6.809669731018046e-4,70,0.5899800000000001,0.535112,37.6853,70,0,0,0
Northwestern Mediterranean,1987,Jul,4,1.9456199231480132e-4,20,2.90855,2.515065,50.3013,20,0,0,0
Northwestern Mediterranean,1991,Jan,18,8.755289654166058e-4,96,1.1305285714285715,0.936826742175131,89.2545,96,0,0,0
Northwestern Mediterranean,2009,Mar,13,6.323264750231043e-4,16,0.776875,0.7475590476190477,11.3824,16,0,0,0
Northwestern Mediterranean,2009,Apr,8,3.8912398462960263e-4,42,2.2304,1.7611748863636363,76.4988,42,0,0,0
Southwestern Mediterranean,1989,Aug,5690,0.47106548555343986,48741,2.339268253968254,1.7720733800859791,78918.7571,48216,495,0,0
Southwestern Mediterranean,1989,Sep,1232,0.10199519827800314,2677,1.8138920634920634,1.5547925522871615,4099.9041,2677,0,0,0
Southwestern Mediterranean,1990,Sep,3866,0.32005960758340923,27188,2.19161746031746,1.6806783428060108,44518.6658,26705,0,0,0
Southwestern Mediterranean,1990,Oct,5821,0.48191075420150675,38891,2.335153968253968,1.6131537962653384,60754.6997,38223,168,0,0
Southwestern Mediterranean,1991,Aug,1067,0.0883351270800563,3702,2.1378254901960783,1.6861385233040898,6438.0634,3568,134,0,0
Southwestern Mediterranean,1991,Sep,8136,0.6735656925242156,84953,2.6325650793650794,1.6866124304074095,135490.2347,80571,785,0,0
Southwestern Mediterranean,1994,Aug,8793,0.7279576123851312,63393,2.9708301587301587,1.9110500981748249,114893.0781,57399,2801,0,0
Southwestern Mediterranean,1996,Jan,7707,0.6380495074095538,86247,1.8868825396825397,1.0661274048437803,92623.5658,80249,3531,0,0
Southwestern Mediterranean,1996,Feb,4935,0.4085603112840467,28576,1.533674193548387,1.0273088832213988,29174.5325,27564,836,0,0
Southwestern Mediterranean,1997,Mar,6593,0.5458233297458399,73365,1.7757333333333334,1.2058154726450758,90091.0317,70834,699,0,0
Southwestern Mediterranean,1997,Jun,760,0.0629191158208461,5006,2.3777333333333335,1.7976171956067566,9043.2474,4940,66,0,0
Southwestern Mediterranean,1997,Dec,634,0.05248778872423214,2857,1.31,1.0337844408536925,2877.5766,2824,0,0,0
Southwestern Mediterranean,1998,Jan,3073,0.25440847752297374,32481,1.6788222222222222,1.074878907205272,35495.5068,30893,820,0,0
Southwestern Mediterranean,1998,Feb,6040,0.5000413941551453,58970,1.7498920634920636,1.1178622556967912,66921.7397,55531,972,0,0
Southwestern Mediterranean,1998,Mar,6017,0.4981372630184618,52391,1.8791365079365079,1.2058603369032344,62984.2544,50569,831,0,0
Southwestern Mediterranean,1998,Apr,3300,0.273201423958937,17979,1.7648178571428572,1.221754199895463,21856.6215,17570,249,0,0
Southwestern Mediterranean,1999,Aug,717,0.05935921847835086,3659,2.101807317073171,1.4931771753241043,5810.7978,3531,92,0,0
Southwestern Mediterranean,2001,Apr,75,0.006209123271794023,402,1.4302625,1.087847339228535,428.5667,402,0,0,0
Southwestern Mediterranean,2001,Jun,739,0.06118056130474377,3308,2.242908695652174,1.8239389386633533,6295.5701,3264,44,0,0
Southwestern Mediterranean,2001,Oct,8190,0.6780362612799072,73549,2.275553968253968,1.6054785791717352,119988.2547,71013,114,0,0
Southwestern Mediterranean,2002,Mar,956,0.07914562463780114,5534,1.9218363636363636,1.2237550570687932,6793.3532,5135,399,0,0
Southwestern Mediterranean,2003,Jul,11241,0.9306233959764881,193960,3.451208333333333,2.204513767485779,431190.7537,177669,4907,0,0
Southwestern Mediterranean,2003,Aug,11993,0.9928802053150095,243257,3.6999492063492063,2.156016553333658,521991.22109999997,184206,51038,150,0
Southwestern Mediterranean,2004,Jun,34,0.002814802549879957,150,1.900575,1.6915369791666666,256.81850000000003,150,0,0,0
Southwestern Mediterranean,2004,Jul,12,9.934597234870436e-4,82,2.2923999999999998,1.8595026190476192,157.0599,82,0,0,0
Southwestern Mediterranean,2004,Aug,8,6.623064823246958e-4,32,1.760825,1.635875,52.7471,32,0,0,0
Southwestern Mediterranean,2004,Sep,464,0.03841377597483235,2374,1.9801720930232558,1.5853381439434442,3546.6421,2356,0,0,0
Southwestern Mediterranean,2005,May,447,0.037006374699892375,2565,1.863851923076923,1.4498927458367867,3649.5803,2565,0,0,0
Southwestern Mediterranean,2006,Jul,9420,0.7798658829373293,94776,3.4304763636363638,2.1689229547831395,211284.7187,90217,2812,0,0
Southwestern Mediterranean,2006,Aug,8441,0.6988161271628446,33374,2.943788888888889,2.1508316755301893,69410.7108,33151,192,0,0
Southwestern Mediterranean,2009,Jun,6119,0.5065816706681017,23517,2.8912746031746033,2.072312012060779,47036.2097,23268,151,0,0
Southwestern Mediterranean,2009,Jul,8005,0.6627204238761487,66591,3.5930809523809524,2.346136067965008,158550.0768,57816,8524,0,0
Southwestern Mediterranean,2010,Feb,113,0.009355079062836327,382,1.1040833333333333,0.936996837454583,374.7345,382,0,0,0
Southwestern Mediterranean,2010,Mar,534,0.04420895769517344,3245,1.2054911764705882,0.97521691877653,3097.8516,2892,0,0,0
Southwestern Mediterranean,2010,May,2676,0.22154151833761074,6693,2.171988888888889,1.580991941783134,10677.0949,5831,862,0,0
Southwestern Mediterranean,2010,Jun,1393,0.11532411623478765,8780,2.5203344827586207,1.8504735658292668,16110.844,8724,56,0,0
Southwestern Mediterranean,2013,May,607,0.05025250434638629,3544,2.65648679245283,1.798194702445463,6327.1474,2881,649,14,0
Southwestern Mediterranean,2013,Oct,11536,0.9550459475122113,122003,2.8945857142857143,1.8770781626130773,222804.6729,117944,1850,0,0
Southwestern Mediterranean,2013,Nov,10682,0.88434473052405,88539,2.687211111111111,1.7476004267836025,153407.8359,85736,918,0,0
Southwestern Mediterranean,2014,Apr,3550,0.29389850153158376,20821,2.121698039215686,1.4748660045125617,32843.3695,19179,1620,0,0
Southwestern Mediterranean,2014,May,1488,0.12318900571239341,7049,1.9339037735849056,1.4024904990752969,9966.053,7049,0,0,0
Southwestern Mediterranean,2014,Sep,8930,0.7392996108949417,101856,2.4887532258064518,1.640522148412638,163699.4874,99004,1017,0,0
Southwestern Mediterranean,2015,Jul,11884,0.9838562794933355,197850,3.917842857142857,2.3961695324109558,461072.8917,178650,15797,0,0
Southwestern Mediterranean,2015,Aug,9888,0.818610812153324,111685,3.3972015873015873,1.97357455736734,217480.3631,105682,3866,0,0
Southwestern Mediterranean,2015,Nov,2795,0.23139332726219058,19931,1.9524222222222223,1.4744785647942817,30178.3617,19833,0,0,0
Southwestern Mediterranean,2015,Dec,7620,0.6308469244142727,99907,2.1326079365079367,1.2673410589840015,130271.2622,88063,8355,0,0
Southwestern Mediterranean,2016,Jan,11804,0.9772332146700886,274358,2.192138095238095,1.2480901040101646,359518.5342,214761,52273,149,0
Southwestern Mediterranean,2016,Feb,11620,0.9620001655766206,210171,1.8779968253968253,1.1572424418909362,253436.0026,177957,25616,43,0
Southwestern Mediterranean,2016,Apr,2074,0.17170295554267737,8231,1.8517685185185184,1.2441285335333871,10717.2951,8093,138,0,0
Southwestern Mediterranean,2016,Sep,2008,0.16623892706349863,21316,2.2471301587301586,1.5656686049389106,34579.5778,20632,193,0,0
Southwestern Mediterranean,2016,Oct,7598,0.6290255815878798,81927,2.68845873015873,1.76661031375849,141236.1058,78489,125,0,0
Southwestern Mediterranean,2017,Apr,11565,0.9574468085106383,139921,2.492831746031746,1.4310466094681846,218033.3525,125042,13338,4,0
Southwestern Mediterranean,2017,Jun,11559,0.9569500786488948,191229,3.803360317460317,2.2921233918474933,442745.5589,179352,8327,0,0
Southwestern Mediterranean,2017,Aug,8552,0.7080056296050997,64344,3.316198387096774,2.0623597475367994,132295.5704,56873,6148,1,0
Southwestern Mediterranean,2018,Sep,9715,0.8042884344730524,99280,2.5999396825396826,1.658166403914139,160051.9078,96837,952,0,0
Southwestern Mediterranean,2018,Oct,1746,0.14454838976736484,12989,2.5526555555555555,1.883811410252139,25017.629,12794,2,0,0
Southwestern Mediterranean,2019,Sep,5004,0.41427270469409716,25927,2.1983507936507936,1.5862952459557045,39815.5846,25716,1,0,0
Southwestern Mediterranean,2019,Oct,6081,0.5034357148770594,48116,2.277911111111111,1.6641219306128816,78199.3902,47202,9,0,0
Southwestern Mediterranean,2020,Feb,8667,0.7175262852885173,99408,1.5695761904761905,1.0283620485423424,105873.0278,95664,716,0,0
Southwestern Mediterranean,2020,Mar,8086,0.6694262770096863,63054,1.7372904761904762,1.1032794394919507,68463.8368,60920,333,0,0
Southwestern Mediterranean,2020,May,7095,0.5873830615117146,57619,3.116446031746032,1.8137126320600223,99631.7615,54149,3338,46,0
Southwestern Mediterranean,2020,Jul,2039,0.16880536468250684,5644,2.8175507936507938,2.1351450430255405,11694.4954,5276,368,0,0
Southwestern Mediterranean,2020,Aug,5193,0.42991969533901814,42769,3.2122507936507936,1.86275157174038,75744.9195,40952,1607,0,0
Southwestern Mediterranean,2022,May,11360,0.940475204901068,129675,3.5044920634920635,1.8968285890491776,262243.3982,111135,15006,26,0
Southwestern Mediterranean,2022,Jun,12079,1,284468,3.915450793650794,2.2613868933501005,672197.1571,247699,28457,8,0
Southwestern Mediterranean,2022,Jul,12078,0.9999172116897094,313895,4.3753190476190476,2.5449327494344822,803542.8233,245226,61777,87,0
Southwestern Mediterranean,2022,Aug,11553,0.9564533487871513,267970,3.6363968253968255,2.2194539172115735,635681.4456,175204,88345,983,0
Southwestern Mediterranean,2022,Sep,11981,0.9918867455915225,275540,3.170869841269841,1.9236679845669327,542722.2639,209405,60498,1336,0
Southwestern Mediterranean,2022,Nov,11455,0.9483400943786737,189281,3.040173015873016,1.8435770400998952,358826.2943,171879,14343,0,0
Southwestern Mediterranean,2022,Dec,10013,0.8289593509396473,95304,1.8216714285714286,1.178439965423161,120040.7975,90154,3373,0,0
Southwestern Mediterranean,2023,Jan,11449,0.9478433645169302,186440,2.082969841269841,1.2494193707783188,247794.0948,144105,37545,339,0
Southwestern Mediterranean,2023,Mar,10831,0.8966801887573475,98156,2.2642285714285713,1.2906495832021243,128118.0531,87049,10099,107,0
Southwestern Mediterranean,2023,Apr,9345,0.7736567596655353,184315,2.8902111111111113,1.5842313894353128,285235.8783,153918,24488,197,0
Southwestern Mediterranean,2023,May,10042,0.8313602119380743,126563,3.498168253968254,2.001620717234164,249789.9348,89260,33765,1022,0
Southwestern Mediterranean,2023,Jun,8638,0.7151254242900903,89286,0.8579126984126985,0.5797424977143757,11067.6746,83491,3916,0,0
Southwestern Mediterranean,2023,Jul,12079,1,293848,0,0,0,153817,117233,9083,25
Southwestern Mediterranean,2023,Aug,11301,0.9355906945939233,144658,1.6148666666666667,1.044653904554112,42485.1714,105380,36128,1224,0
Southwestern Mediterranean,2023,Oct,11438,0.9469326931037337,266508,3.0438539682539685,1.9580071999647248,525784.2515,233802,30509,0,0
Southwestern Mediterranean,1987,Sep,8547,0.7075916880536468,76024,2.5570301886792453,1.6577253556413944,135083.5643,68084,6932,8,0
Southwestern Mediterranean,1987,Oct,6511,0.5390346883020117,35723,2.422733962264151,1.6537294527094746,58048.9565,34171,862,0,0
Southwestern Mediterranean,1990,Feb,8417,0.6968292077158705,77495,1.8034745454545456,1.0674972214928642,85537.001,70089,5136,40,0
Southwestern Mediterranean,1990,Mar,7306,0.6048513949830284,52176,1.7189611111111112,1.178186286811779,61908.4061,48496,2914,0,0
Southwestern Mediterranean,2000,Jun,6657,0.5511217816044375,24688,2.883872131147541,1.8761136270155245,49100.5565,23330,1352,0,0
Southwestern Mediterranean,2003,Jun,11994,0.9929629936253,210643,4.098449180327869,2.4431850406759206,534316.6082,180132,23194,8,0
Southwestern Mediterranean,2010,Aug,330,0.0273201423958937,1809,1.9454805555555557,1.5541610794960075,2944.7469,1809,0,0,0
Southwestern Mediterranean,1995,Nov,136,0.011259210199519828,778,1.6511083333333334,1.3695069977590895,1039.6823,778,0,0,0
Southwestern Mediterranean,2000,May,7055,0.5840715291000911,25585,2.706828333333333,1.7710067239080958,44488.8243,25221,283,0,0
Southwestern Mediterranean,2011,Jun,1023,0.08469244142727046,6040,2.9143065217391304,1.9674256131541024,12089.0947,5549,491,0,0
Southwestern Mediterranean,2012,Jun,5001,0.41402433976322545,26405,3.026683333333333,2.0237550598515304,55785.3315,26092,171,0,0
Southwestern Mediterranean,2022,Oct,10448,0.8649722659160527,119160,2.8244483333333332,1.80571450717827,214822.4501,112176,2804,0,0
Southwestern Mediterranean,2007,Jan,7941,0.6574219720175511,121460,1.8383796610169492,1.10401515995851,141143.7441,106282,10970,0,0
Southwestern Mediterranean,2007,May,5605,0.46402847917873996,37974,3.0141589285714288,1.75693133596884,68692.4526,34692,3202,0,0
Southwestern Mediterranean,2016,Nov,9654,0.7992383475453266,133629,2.8520372881355933,1.7296606876200584,231664.6651,128686,1591,0,0
Southwestern Mediterranean,2017,Jul,5054,0.41841212020862656,34528,2.8525898305084745,1.882779030893406,67427.9481,33310,245,0,0
Southwestern Mediterranean,2001,Mar,1662,0.13759417170295554,9921,2.8760037735849058,1.3603249905782058,14049.7713,7479,1684,610,148
Southwestern Mediterranean,2011,Jan,55,0.004553357065982283,372,0.9476,0.7984328869486369,298.85609999999997,372,0,0,0
Southwestern Mediterranean,2012,Aug,9626,0.7969202748571902,101385,2.909860344827586,1.892065628690681,185531.6593,99873,868,0,0
Southwestern Mediterranean,2019,Jul,5880,0.4867952645086514,50898,3.782766666666667,2.4029112806347617,131801.9095,48288,1918,0,0
Southwestern Mediterranean,1997,Feb,1550,0.1283218809504098,7905,1.395963157894737,1.0223271227292325,8197.6185,7765,4,0,0
Southwestern Mediterranean,2017,Oct,2699,0.22344564947429424,26245,2.1463145454545454,1.6525372946193428,44204.5014,25531,0,0,0
Southwestern Mediterranean,2020,Nov,2721,0.22526699230068714,22292,1.8148415094339623,1.3758464036664269,31964.0847,21675,0,0,0
Southwestern Mediterranean,1989,Nov,588,0.04867952645086514,3696,1.6168975609756098,1.3709632023789506,5387.9938,3696,0,0,0
Southwestern Mediterranean,1994,Sep,5905,0.488864972265916,38253,2.9914267857142858,1.76336394412122,64663.8566,32882,3414,0,0
Southwestern Mediterranean,1995,Dec,2307,0.19099263184038415,12530,1.5546303571428572,1.121782697709751,14001.0911,12201,276,0,0
Southwestern Mediterranean,2002,Apr,335,0.027734083947346635,1719,1.7716333333333334,1.254624904485857,2173.4948,1683,36,0,0
Southwestern Mediterranean,2002,May,191,0.01581256726550211,207,1.258564705882353,1.110544281998195,231.2506,207,0,0,0
Southwestern Mediterranean,2010,Apr,3306,0.2736981538206805,19284,2.0129214285714285,1.4027374955891376,26682.382,19000,207,0,0
Southwestern Mediterranean,2011,May,3456,0.28611640036426855,22508,2.533080357142857,1.7408461780939615,39096.2489,21366,1142,0,0
Southwestern Mediterranean,2011,Aug,151,0.012501034853878632,773,1.843292857142857,1.5832135057209793,1237.6069,773,0,0,0
Southwestern Mediterranean,2012,Jul,4617,0.38223362861164,40374,3.3646339285714286,2.2315647658379674,97692.8099,38932,475,0,0
Southwestern Mediterranean,2020,Sep,4387,0.36319231724480505,35523,2.2455944444444444,1.603629405432695,61417.6734,34278,764,0,0
Southwestern Mediterranean,2020,Oct,17,0.0014074012749399785,29,1.5108,1.426267380952381,40.547599999999996,29,0,0,0
Southwestern Mediterranean,2021,May,147,0.012169881612716284,945,2.4421875,1.6953295389329661,1563.3208,884,61,0,0
Southwestern Mediterranean,2001,May,416,0.03443993708088418,1634,2.038753125,1.5288688769655148,2662.0456,1600,34,0,0
Southwestern Mediterranean,2005,Jul,1805,0.1494329000745095,6183,2.397004,1.8409378501682525,11440.2066,6137,0,0,0
Southwestern Mediterranean,2011,Feb,51,0.004222203824819935,274,1.0820444444444444,0.8778213079654997,250.7344,274,0,0,0
Southwestern Mediterranean,2017,Nov,2922,0.2419074426690951,37220,2.3702563636363636,1.630273502547712,61016.539,36622,7,0,0
Southwestern Mediterranean,2009,Aug,6386,0.5286861495156884,48064,2.4574326530612245,1.6417637126061355,81062.2337,45127,823,0,0
Southwestern Mediterranean,2015,May,8587,0.7109032204652703,72915,2.8574924528301886,1.6454484471247406,123614.2933,70658,1958,0,0
Southwestern Mediterranean,2016,Dec,9936,0.8225846510472721,189521,2.242309259259259,1.351860640503307,276957.2454,174266,8560,0,0
Southwestern Mediterranean,2017,Mar,7164,0.5930954549217651,76066,1.851368,1.0900905384002966,87281.6299,72678,1816,0,0
Southwestern Mediterranean,1994,Mar,2054,0.17004718933686563,11784,1.41180625,1.070886231975467,13830.5882,11623,111,0,0
Southwestern Mediterranean,1994,Apr,974,0.0806358142230317,2237,1.3586952380952382,1.0938570931185319,2603.0694,2237,0,0,0
Southwestern Mediterranean,1994,Dec,3325,0.27527113171620166,25767,1.8199018867924528,1.1578812204433986,30406.9993,25449,41,0,0
Southwestern Mediterranean,1997,Oct,4970,0.41145790214421724,41940,2.460911320754717,1.6413163728254285,67217.2484,41598,0,0,0
Southwestern Mediterranean,2012,Sep,1202,0.09951154896928553,1263,1.822645283018868,1.5369126656726944,1904.9369,1263,0,0,0
Southwestern Mediterranean,2012,Oct,1682,0.13924993790876727,15309,1.9854588235294117,1.498973064807199,22125.9024,15120,0,0,0
Southwestern Mediterranean,1985,Nov,1057,0.08750724397715043,7340,2.1161634615384615,1.6344139563841482,11949.7283,7272,0,0,0
Southwestern Mediterranean,1988,Aug,144,0.011921516681844524,898,2.046876470588235,1.543650070731971,1399.8364,896,2,0,0
Southwestern Mediterranean,1989,Dec,6696,0.5543505257057704,61419,1.654476,1.156542923129547,74055.8608,59940,238,0,0
Southwestern Mediterranean,1997,May,761,0.06300190413113668,3009,1.7832851063829787,1.3922882600061137,4198.9769,3002,0,0,0
Southwestern Mediterranean,2005,Jun,2780,0.23015150260783176,13699,2.91665,1.9616412089895459,27500.0531,13331,71,0,0
Southwestern Mediterranean,2011,Jul,294,0.02433976322543257,1664,2.38269375,1.7715200319854585,2875.163,1614,35,0,0
Southwestern Mediterranean,2019,Mar,1042,0.08626541932279162,6600,1.4562787234042553,1.0778556238504653,7344.2252,6552,6,0,0
Southwestern Mediterranean,2019,Aug,4431,0.36683500289759086,27836,2.8610153846153845,1.8508359905050384,50825.74,27513,297,0,0
Southwestern Mediterranean,1999,Apr,374,0.030962828048679527,2524,1.648228,1.2106310230694863,3230.9219,2507,17,0,0
Southwestern Mediterranean,2001,Nov,6874,0.5690868449374948,44620,2.6695980392156864,1.6687562866938954,75029.0237,42970,367,0,0
Southwestern Mediterranean,2006,Nov,5596,0.4632833843861247,44475,2.285662745098039,1.546176096648732,69293.6883,43269,68,0,0
Southwestern Mediterranean,2006,Dec,7767,0.643016806026989,110372,2.383343137254902,1.4695364628078897,162959.7452,104231,3588,25,0
Southwestern Mediterranean,2015,Jan,1776,0.14703203907608245,18517,1.393862857142857,0.9520118344876342,18462.2628,17795,404,0,0
Southwestern Mediterranean,1985,Oct,1810,0.14984684162596243,20057,2.4244826086956524,1.7675198219061772,35350.2654,19475,0,0,0
Southwestern Mediterranean,1994,Nov,513,0.042470403179071116,1655,1.5840095238095238,1.2886510017782218,2211.085,1655,0,0,0
Southwestern Mediterranean,2002,Dec,169,0.013991224439109199,911,1.1618,1.003048606004794,907.9916,911,0,0,0
Southwestern Mediterranean,2008,Aug,143,0.011838728371553937,802,2.20118,1.633339143754214,1379.729,787,0,0,0
Southwestern Mediterranean,2010,Oct,156,0.012914976405331567,540,1.70026,1.5167682300150545,842.5579,540,0,0,0
Southwestern Mediterranean,2016,Jun,3715,0.3075585727295306,25172,2.6838367346938776,1.852683257005035,47681.9381,25048,124,0,0
Southwestern Mediterranean,2023,Sep,7018,0.5810083616193393,46282,2.224826,1.4701942624409938,68822.787,44868,175,0,0
Southwestern Mediterranean,1998,Sep,188,0.01556420233463035,1038,1.8884533333333333,1.5591607812956294,1592.1117,1038,0,0,0
Southwestern Mediterranean,2003,Sep,8529,0.7061014984684163,43228,2.9529428571428573,1.8567084672827028,80951.8048,35396,7240,0,0
Southwestern Mediterranean,2010,Jul,3828,0.3169136517923669,25809,3.124581632653061,2.022470060927114,54491.2598,25589,102,0,0
Southwestern Mediterranean,2010,Sep,155,0.01283218809504098,610,1.486721052631579,1.3810517287465462,923.4478,610,0,0,0
Southwestern Mediterranean,2011,Oct,3396,0.28114910174683333,44347,2.366665306122449,1.7253068941800316,75849.682,42949,0,0,0
Southwestern Mediterranean,2018,Aug,10793,0.8935342329663052,155082,3.56008125,1.9499483127181436,305289.8222,143043,7809,30,0
Southwestern Mediterranean,2019,Jun,3766,0.31178077655435055,15228,2.97721875,2.1932206185478313,36832.8891,15017,13,0,0
Southwestern Mediterranean,1990,May,582,0.04818279658912161,3144,1.72778,1.4307781855503214,4592.6245,3144,0,0,0
Southwestern Mediterranean,1995,Aug,931,0.07707591688053647,5284,2.5097731707317075,1.9290370858892114,10553.0466,5284,0,0,0
Southwestern Mediterranean,1999,Jun,19,0.0015729778955211524,95,1.99159,1.6777566666666668,159.1812,95,0,0,0
Southwestern Mediterranean,2004,May,4,3.311532411623479e-4,8,1.3036999999999999,1.2645666666666666,10.1126,8,0,0,0
Southwestern Mediterranean,2009,Nov,259,0.021442172365262024,1546,1.6399541666666666,1.272402194524568,2032.3957,1546,0,0,0
Southwestern Mediterranean,2011,Apr,8360,0.692110274029307,79593,2.5214416666666666,1.4213697498032,114649.7121,75312,3956,17,0
Southwestern Mediterranean,2013,Sep,342,0.02831360211938074,1163,1.5910551724137931,1.4404172100735169,1822.7151,1154,0,0,0
Southwestern Mediterranean,2017,Sep,249,0.020614289262356155,546,1.6638185185185186,1.4785102090498308,815.6355,543,0,0,0
Southwestern Mediterranean,2018,Jul,6618,0.5478930375031046,27177,2.9682,2.0419908828320277,54352.4962,27137,26,0,0
Southwestern Mediterranean,2021,Sep,8783,0.7271297292822253,52438,2.3056916666666667,1.5195198167653379,79104.5508,50871,185,0,0
Southwestern Mediterranean,2023,Nov,7204,0.5964069873333885,89193,2.5210208333333335,1.6096898389217236,145506.617,86239,762,0,0
Southwestern Mediterranean,2023,Dec,4284,0.3546651212848746,61397,2.23135,1.3324936943622376,83587.4556,57724,2058,0,0
Southwestern Mediterranean,1983,Nov,703,0.05820018213428264,4238,1.9471805555555555,1.4395594460347387,5933.4325,4080,42,0,0
Southwestern Mediterranean,1983,Dec,657,0.054391919860915634,2403,1.7510861111111111,1.3251036414353023,3157.6447,2381,20,0,0
Southwestern Mediterranean,1995,Feb,722,0.05977316002980379,4934,1.2496586956521738,0.9962052498997142,4988.7118,4907,0,0,0
Southwestern Mediterranean,1997,Apr,3878,0.32105306730689626,24727,1.9167106382978725,1.230132940898898,30533.0666,24331,24,0,0
Southwestern Mediterranean,1999,Sep,4046,0.3349615034357149,27681,2.0259106382978724,1.4240939165595572,39783.1248,27568,0,0,0
Southwestern Mediterranean,2005,Nov,4536,0.3755277754781025,44591,2.4917872340425533,1.5778313742832233,71127.6906,43856,86,0,0
Southwestern Mediterranean,2006,May,1391,0.11515853961420647,8058,3.286374468085106,1.963773109447234,15745.8382,7356,622,4,0
Southwestern Mediterranean,2007,Feb,3909,0.32361950492590447,42221,1.6248468085106382,1.0587474913699153,45760.5191,39707,1229,0,0
Southwestern Mediterranean,2008,Feb,840,0.06954218064409305,4366,1.3726928571428572,0.964278053036438,4235.9626,4295,32,0,0
Southwestern Mediterranean,2008,Mar,676,0.05596489775643679,3572,1.8559521739130436,1.2047983672625788,4286.1695,3416,156,0,0
Southwestern Mediterranean,2009,May,3703,0.30656511300604355,27521,3.610385106382979,2.2761650363781127,70491.3202,22667,4852,0,0
Southwestern Mediterranean,2011,Sep,3462,0.2866131302260121,27794,2.1721851063829787,1.4890278237883594,44336.3759,27449,117,0,0
Southwestern Mediterranean,2014,Oct,9093,0.7527941054723073,112113,2.5025297872340424,1.6017646933233947,188626.7052,106454,2900,0,0
Southwestern Mediterranean,2015,Sep,2250,0.18627369815382067,12548,2.0389531914893615,1.459975109336369,18365.8842,12547,0,0,0
Southwestern Mediterranean,2015,Oct,29,0.0024008609984270224,172,1.7926636363636363,1.5029660818593171,247.2662,172,0,0,0
Southwestern Mediterranean,2016,Mar,5630,0.46609818693600463,34506,1.707336170212766,1.0822019041764004,37764.8234,32997,407,0,0
Southwestern Mediterranean,2018,Jun,1518,0.12567265502111102,9156,2.676030769230769,2.021128678347598,19815.866,9150,6,0,0
Southwestern Mediterranean,2020,Apr,1270,0.10514115406904545,6417,1.8425244444444444,1.297188464803981,8327.6817,6370,45,0,0
Southwestern Mediterranean,2020,Jun,489,0.04048348373209703,1731,2.3005105263157897,1.8245209014846862,3164.872,1719,0,0,0
Southwestern Mediterranean,2020,Dec,2279,0.1886745591522477,14070,1.6895953488372093,1.2667819770592859,18507.8545,14004,0,0,0
Southwestern Mediterranean,2021,Mar,1333,0.11035681761735243,7855,1.504423404255319,1.0542236985109252,8275.6489,7495,111,0,0
Southwestern Mediterranean,2021,Apr,835,0.06912823909264013,2788,1.5391212765957447,1.1822890788933005,3381.4274,2775,13,0,0
Southwestern Mediterranean,2021,Aug,2003,0.1658249855120457,14201,2.9846191489361704,1.9215832818801706,27673.0911,12958,1234,0,0
Southwestern Mediterranean,2021,Oct,7538,0.6240582829704445,47542,2.2571127659574466,1.5228390510441765,74302.0863,47355,79,0,0
Southwestern Mediterranean,1988,Feb,1711,0.14165079890719431,7780,1.6141581395348836,0.9910395479175048,7624.8144,7284,384,4,0
Southwestern Mediterranean,1990,Jan,5798,0.4800066230648232,56446,1.6849,1.0313546308665207,58667.6711,52712,1580,0,0
Southwestern Mediterranean,1990,Nov,997,0.0825399453597152,6783,1.8543386363636363,1.4505555918260273,9805.3164,6764,0,0,0
Southwestern Mediterranean,1992,Aug,385,0.03187349946187598,2572,2.5337176470588236,1.8324749687115767,5280.6645,2570,0,0,0
Southwestern Mediterranean,1996,Apr,24,0.0019869194469740873,145,1.3067333333333333,1.065535347646181,156.5335,145,0,0,0
Southwestern Mediterranean,1999,Oct,1350,0.1117642188922924,7230,1.8742695652173913,1.3537245471838608,9832.0146,7198,29,0,0
Southwestern Mediterranean,2002,Aug,33,0.00273201423958937,165,1.6539666666666668,1.3570962222222223,222.4753,165,0,0,0
Southwestern Mediterranean,2007,Mar,4615,0.38206805199105887,43157,1.7336152173913044,1.1381051188457327,46897.3059,41352,946,0,0
Southwestern Mediterranean,2009,Sep,7179,0.5943372795761238,49685,2.644269565217391,1.6524179135893249,85739.8735,45325,3460,0,0
Southwestern Mediterranean,2010,Jan,365,0.030217733256064243,2182,1.376875,0.9793026391488577,2145.3614,2118,52,0,0
Southwestern Mediterranean,2011,Nov,1598,0.13229571984435798,6782,2.111721739130435,1.5307491048609416,10355.4825,6782,0,0,0
Southwestern Mediterranean,2011,Dec,4420,0.3659243314843944,43675,1.854113043478261,1.3031665478973484,59264.9865,42734,0,0,0
Southwestern Mediterranean,2012,May,3743,0.309876645417667,18338,2.6217021739130435,1.667672374378758,31568.9378,17776,562,0,0
Southwestern Mediterranean,2012,Nov,2118,0.1753456411954632,15210,1.9391318181818182,1.3933222159259566,22243.5128,15031,69,0,0
Southwestern Mediterranean,2013,Apr,2039,0.16880536468250684,11275,2.363423913043478,1.558155355083446,18256.0273,10602,672,0,0
Southwestern Mediterranean,2014,Nov,7105,0.5882109446146204,41055,2.116967391304348,1.4181640691018327,61556.9502,39510,0,0,0
Southwestern Mediterranean,2014,Dec,5570,0.4611308883185694,64754,2.322676086956522,1.4611277029710257,93107.0816,62462,838,0,0
Southwestern Mediterranean,2017,May,6164,0.5103071446311781,39128,2.6020021739130437,1.6808690601424399,67188.3346,38533,217,0,0
Southwestern Mediterranean,2018,Dec,89,0.0073681596158622405,485,1.5365846153846154,1.1883607846266226,612.3364,485,0,0,0
Southwestern Mediterranean,2021,Jun,933,0.07724149350111764,5332,2.6588422222222223,1.8731753345172986,10322.0505,5285,47,0,0
Southwestern Mediterranean,2021,Jul,383,0.03170792284129481,2160,2.80240243902439,2.0992241999188774,4575.7476,2124,21,0,0
Southwestern Mediterranean,1983,Oct,618,0.05116317575958275,4030,2.063417777777778,1.7045082020780649,6886.4591,3994,0,0,0
Southwestern Mediterranean,2005,Oct,905,0.0749234208129812,3273,1.8315228571428572,1.5126115029922076,5013.4272,3238,0,0,0
Southwestern Mediterranean,2017,Dec,526,0.043546651212848744,1011,1.3334413793103448,1.1527777417447964,1170.0494,983,0,0,0
Southwestern Mediterranean,1982,Jun,2,1.6557662058117395e-4,10,1.9331999999999998,1.82211,18.2211,10,0,0,0
Southwestern Mediterranean,1983,Jul,7,5.795181720341088e-4,31,2.3636666666666666,2.130131111111111,75.27170000000001,31,0,0,0
Southwestern Mediterranean,2008,Apr,36,0.002980379170461131,198,1.26015,1.084218208045977,207.8477,198,0,0,0
Southwestern Mediterranean,2003,Apr,628,0.051991058862488615,1148,2.5173,1.9358301560660784,2287.3888,935,213,0,0
Southwestern Mediterranean,2009,Dec,305,0.025250434638629023,696,1.3775190476190475,1.1323365961919225,766.8269,696,0,0,0
Southwestern Mediterranean,2012,Mar,1641,0.1358556171868532,8356,1.3958232558139534,1.131704304573393,9558.3809,8241,0,0,0
Southwestern Mediterranean,2012,Apr,1705,0.14115406904545078,7338,2.121820930232558,1.3141102289427626,10043.59,6843,493,0,0
Southwestern Mediterranean,2017,Jan,6466,0.5353092143389353,56000,1.7302,1.1488216117436978,69858.8847,52745,2407,0,0
Southwestern Mediterranean,1990,Dec,29,0.002400860998427022,29,1.2142199999999999,1.1253435714285713,32.8985,29,0,0,0
Southwestern Mediterranean,1991,Oct,597,0.04942462124348042,959,1.4418108108108108,1.2688707400377797,1226.2931,941,0,0,0
Southwestern Mediterranean,2008,Sep,1384,0.11457902144217237,9789,2.242366666666667,1.566134053065362,15667.1159,9757,27,0,0
Southwestern Mediterranean,2013,Aug,227,0.018792946435963243,1316,2.2802347826086957,1.790692184189149,2369.4811,1316,0,0,0
Southwestern Mediterranean,2014,Jun,1216,0.10067058531335375,6979,3.170390476190476,2.0900698336712247,14287.4621,6600,379,0,0
Southwestern Mediterranean,2015,Jun,2907,0.24066561801473632,18001,3.2951809523809525,2.178848375309056,41937.2386,17280,719,0,0
Southwestern Mediterranean,2018,Apr,2936,0.24306647901316333,25382,2.613588095238095,1.6980331547868883,50624.1999,22014,3366,0,0
Southwestern Mediterranean,1982,Jul,103,0.008527195959930458,605,2.0166227272727273,1.7318632597194048,1088.3215,605,0,0,0
Southwestern Mediterranean,1988,Nov,671,0.055550956204983855,3719,1.768851219512195,1.441727020947447,5396.0639,3719,0,0,0
Southwestern Mediterranean,2003,May,1484,0.12285785247123106,16890,2.6526128205128203,1.8801882079051488,39216.3929,16095,649,0,0
Southwestern Mediterranean,2008,Jan,175,0.01448795430085272,877,1.133125,0.9127288053193202,786.9852,877,0,0,0
Southwestern Mediterranean,1988,Jan,1250,0.1034853878632337,6779,1.478845,0.9502470489381422,6477.4176,6482,158,13,0
Southwestern Mediterranean,1990,Apr,2,1.6557662058117395e-4,11,1.2838,0.96279,10.580200000000001,11,0,0,0
Southwestern Mediterranean,1998,Jun,31,0.0025664376190081962,68,2.3512833333333334,2.094706339285714,134.07739999999998,66,2,0,0
Southwestern Mediterranean,1998,Jul,31,0.0025664376190081962,87,2.77485,2.0960336721611723,183.36579999999998,87,0,0,0
Southwestern Mediterranean,2002,Jun,908,0.07517178574385297,5125,3.1319307692307694,2.3520575872666343,12603.1692,5125,0,0,0
Southwestern Mediterranean,2004,Oct,1242,0.10282308138090901,7319,2.2999871794871796,1.6467875002439234,12359.3389,7063,0,0,0
Southwestern Mediterranean,2007,Apr,2616,0.21657421972017551,23006,2.7057805555555556,1.804239367650408,46175.8502,19865,2949,0,0
Southwestern Mediterranean,2013,Jul,478,0.03957281231890057,3010,2.4069153846153846,1.981067762856651,6570.3966,2857,0,0,0
Southwestern Mediterranean,1986,Nov,277,0.02293236195049259,1841,1.9358416666666667,1.609878154054259,2962.2637,1837,0,0,0
Southwestern Mediterranean,1997,Sep,71,0.005877970030631675,182,1.3978727272727274,1.3339204625199361,265.1077,182,0,0,0
Southwestern Mediterranean,2008,Jun,1816,0.15034357148770594,5220,2.7371433333333335,2.020378769698719,11585.2675,5220,0,0,0
Southwestern Mediterranean,2008,Jul,1780,0.14736319231724482,5330,2.87616,2.1775357629930845,12860.3436,5330,0,0,0
Southwestern Mediterranean,2012,Dec,117,0.009686232303998675,201,1.2089,1.1256470974994255,237.8989,201,0,0,0
Southwestern Mediterranean,2013,Jan,176,0.014570742611143307,1111,1.11008,0.922698781832304,1025.1618,1111,0,0,0
Southwestern Mediterranean,2019,Nov,1292,0.10696249689543837,5635,1.7899794871794872,1.4574737073001571,8342.3349,5633,0,0,0
Southwestern Mediterranean,2023,Feb,2402,0.1988575213179899,20515,1.5081941176470588,0.986897491423463,20474.3737,19590,517,0,0
Southwestern Mediterranean,1999,Nov,826,0.06838314430002483,8126,2.24904,1.5577061652305333,12378.0031,7696,67,0,0
Southwestern Mediterranean,2006,Oct,917,0.07591688053646825,5185,2.1032805555555556,1.6010791547685221,8586.0656,5069,46,0,0
Southwestern Mediterranean,2009,Oct,158,0.01308055302591274,854,2.09064,1.7107348157441666,1436.2242,854,0,0,0
Southwestern Mediterranean,1986,Aug,46,0.0038082622733670007,232,1.6848750000000001,1.4428450222069598,332.5452,232,0,0,0
Southwestern Mediterranean,2001,Jan,208,0.01721996854044209,1086,1.26311,1.0178451801527968,1100.6161,1055,31,0,0
Southwestern Mediterranean,2014,Jan,405,0.03352926566768772,2984,1.367224,1.0021743364100126,2924.6284,2940,21,0,0
Southwestern Mediterranean,1992,Dec,7,5.795181720341088e-4,38,1.0861,0.9502446022727273,36.0826,38,0,0,0
Southwestern Mediterranean,2004,Nov,294,0.02433976322543257,1138,1.7674708333333333,1.4559129854650792,1659.1255,1138,0,0,0
Southwestern Mediterranean,2012,Jan,591,0.0489278913817369,6900,1.3780121212121212,1.019127375829497,7459.2973999999995,6766,5,0,0
Southwestern Mediterranean,2015,Apr,675,0.0558821094461462,711,1.8827694444444445,1.652248458760346,1145.2867,709,2,0,0
Southwestern Mediterranean,2000,Mar,734,0.06076661975329083,5195,1.7937235294117646,1.295704532700527,6785.2144,5037,92,0,0
Southwestern Mediterranean,2011,Mar,21,0.0017385545161023265,52,1.2301,1.0632886666666665,55.7516,52,0,0,0
Southwestern Mediterranean,2022,Feb,57,0.004718933686563457,351,1.1619176470588235,0.944014627300854,340.4783,351,0,0,0
Southwestern Mediterranean,1986,Dec,580,0.04801721996854044,4936,1.5185290322580645,1.1974926152750036,6037.2218,4886,0,0,0
Southwestern Mediterranean,1993,Jan,14,0.0011590363440682175,86,1.2036857142857142,0.937929649122807,81.6195,86,0,0,0
Southwestern Mediterranean,2003,Oct,34,0.002814802549879957,166,1.4826222222222223,1.3573082222222224,226.7207,166,0,0,0
Southwestern Mediterranean,2001,Sep,8,6.623064823246958e-4,40,1.4584,1.2734166666666666,50.9475,40,0,0,0
Southwestern Mediterranean,2008,May,483,0.039986753870353504,2464,1.8540607142857142,1.5151991282080788,3957.5853,2464,0,0,0
Southwestern Mediterranean,2017,Feb,1365,0.11300604354665121,4077,1.2895333333333334,0.9648857560040369,3949.6818,4077,0,0,0
Southwestern Mediterranean,2018,Jan,497,0.041145790214421725,3382,1.1966066666666666,0.9384297794245836,3279.2754999999997,3335,8,0,0
Southwestern Mediterranean,1982,Jan,262,0.021690537296133787,1914,1.220476923076923,0.9397628215216098,1894.4977,1909,0,0,0
Southwestern Mediterranean,2018,Feb,250,0.020697077572646744,1098,1.2137391304347827,0.9407228498471728,1039.2868,1098,0,0,0
Southwestern Mediterranean,2014,Aug,15,0.0012418246543588047,21,1.2383857142857142,1.2105214285714285,25.2115,21,0,0,0
Southwestern Mediterranean,1986,Sep,11,9.106714131964567e-4,63,1.8337666666666668,1.662448167092924,105.0864,63,0,0,0
Southwestern Mediterranean,2019,May,11,9.106714131964567e-4,91,2.55104,1.9995032243589745,191.2801,91,0,0,0
Southwestern Mediterranean,2020,Jan,1050,0.08692772580511632,4558,1.4010625,0.9464170002409094,4508.1669,4382,132,0,0
Southwestern Mediterranean,1995,Oct,8,6.623064823246958e-4,24,1.69254,1.5661488888888888,38.016,24,0,0,0
Southwestern Mediterranean,1996,Jun,268,0.02218726715787731,1379,2.1439375,1.8364958913414196,2654.694,1379,0,0,0
Southwestern Mediterranean,2000,Nov,4,3.311532411623479e-4,24,1.4117000000000002,1.3052833333333334,31.631,24,0,0,0
Southwestern Mediterranean,2008,Nov,672,0.05563374451527444,4961,1.9531208333333334,1.492734466948394,7336.270100000001,4940,0,0,0
Southwestern Mediterranean,2021,Feb,497,0.041145790214421725,3501,1.3405208333333334,0.9435078184249364,3338.9268,3487,14,0,0
Southwestern Mediterranean,1984,Dec,23,0.0019041311366835003,115,1.11776,1.0503478666666666,121.6255,115,0,0,0
Southwestern Mediterranean,2008,Oct,32,0.0026492259292987827,153,1.581488888888889,1.4268302699692172,221.7754,153,0,0,0
Southwestern Mediterranean,2019,Jan,480,0.03973838893948174,3449,1.3084652173913043,1.019116865376154,3634.6573,3378,0,0,0
Southwestern Mediterranean,1988,Oct,67,0.005546816789469327,127,1.5516411764705882,1.47258149477973,187.39170000000001,127,0,0,0
Southwestern Mediterranean,1988,Dec,14,0.0011590363440682177,54,1.4044,1.3145091517857144,70.9202,54,0,0,0
Southwestern Mediterranean,2018,May,1135,0.09396473217981621,2330,2.639709090909091,1.9221784259173438,4590.0919,2327,2,0,0
Southwestern Mediterranean,1986,Oct,358,0.029638215084030136,2294,1.7978142857142858,1.403238638368967,3254.794,2294,0,0,0
Southwestern Mediterranean,1992,Sep,27,0.002235284377845848,136,2.031557142857143,1.5742659464761515,219.67110000000002,135,0,0,0
Southwestern Mediterranean,1992,Oct,13,0.0010762480337776306,33,1.63916,1.5196188290598291,50.494099999999996,33,0,0,0
Southwestern Mediterranean,2003,Jan,177,0.014653530921433892,984,1.567004761904762,1.1157927458038828,1105.738,969,13,0,0
Southwestern Mediterranean,1986,May,1376,0.11391671495984768,11158,3.64756,2.473980030256772,27811.6109,11092,29,0,0
Southwestern Mediterranean,1987,Nov,10,8.278831029058698e-4,41,1.6453666666666666,1.4363263071895425,58.7821,41,0,0,0
Southwestern Mediterranean,2014,Mar,455,0.03766868118221707,2396,1.47886,1.129577693455504,2701.8334,2396,0,0,0
Southwestern Mediterranean,1991,Mar,4,3.311532411623479e-4,24,1.2072,0.9009125,21.6219,24,0,0,0
Southwestern Mediterranean,1995,Mar,7,5.795181720341088e-4,37,1.09415,0.9269206060606061,34.6211,37,0,0,0
Southwestern Mediterranean,2000,Dec,236,0.019538041228578523,1912,1.44108125,1.1830418211830158,2283.2375,1793,0,0,0
Southwestern Mediterranean,2014,Feb,101,0.008361619339349284,530,0.8813894736842105,0.7684150329848615,410.7229,530,0,0,0
Southwestern Mediterranean,2018,Nov,11,9.106714131964567e-4,62,1.7602666666666666,1.5060191123188407,94.0465,62,0,0,0
Southwestern Mediterranean,1994,Oct,185,0.01531583740375859,527,1.5277277777777778,1.2781679502692507,654.7697,527,0,0,0
Southwestern Mediterranean,2012,Feb,71,0.005877970030631675,142,0.9641818181818181,0.894754616620753,128.0317,142,0,0,0
Southwestern Mediterranean,1997,Nov,9,7.450947926152827e-4,9,1.5323499999999999,1.5166833333333334,13.6272,9,0,0,0
Southwestern Mediterranean,2006,Jun,62,0.0051328752380163925,73,2.061971428571429,1.9373970691609976,144.3921,73,0,0,0
Southwestern Mediterranean,2007,Jun,154,0.012749399784750393,849,3.27536,2.5782819579906655,2282.4987,849,0,0,0
Southwestern Mediterranean,2016,Jul,114,0.009437867373126914,599,2.6858333333333335,2.1029688124904964,1260.8569,597,2,0,0
Southwestern Mediterranean,2019,Feb,37,0.003063167480751718,94,0.9104545454545454,0.8341998892284187,79.2687,94,0,0,0
Southwestern Mediterranean,1993,May,31,0.0025664376190081962,74,2.4944625,2.1106270833333336,157.3493,74,0,0,0
Southwestern Mediterranean,1995,Jul,58,0.004801721996854044,273,2.37549,1.8939723496344278,533.5982,273,0,0,0
Southwestern Mediterranean,1992,Jul,30,0.0024836493087176093,30,1.9794399999999999,1.9661883333333332,61.7196,30,0,0,0
Southwestern Mediterranean,1999,Jan,4,3.311532411623479e-4,20,0.8507,0.8205466666666666,16.479,20,0,0,0
Southwestern Mediterranean,2006,Apr,217,0.017965063333057373,1177,1.529442857142857,1.2469423556060328,1487.0924,1176,0,0,0
Southwestern Mediterranean,2013,Dec,33,0.00273201423958937,213,1.282175,1.124911315579418,243.5234,211,0,0,0
Southwestern Mediterranean,1985,Sep,11,9.106714131964567e-4,14,1.30935,1.2841583333333333,17.934,14,0,0,0
Southwestern Mediterranean,1994,Jul,80,0.006623064823246957,434,2.3050727272727274,2.0523598707707014,902.5384,434,0,0,0
Southwestern Mediterranean,2021,Jan,22,0.0018213428263929134,39,0.8328428571428571,0.8027507653061224,31.6392,39,0,0,0
Southwestern Mediterranean,1993,Jun,28,0.002318072688136435,84,2.25175,2.043956203703704,172.934,84,0,0,0
Southwestern Mediterranean,1993,Dec,54,0.004470568755691696,270,1.394511111111111,1.1978573823953824,329.8181,270,0,0,0
Southwestern Mediterranean,2021,Nov,89,0.00736815961586224,824,1.9428555555555556,1.5252777843076475,1274.3669,818,0,0,0
Southwestern Mediterranean,1982,Feb,61,0.0050500869277258055,263,1.0593857142857144,0.8850593015873016,236.1027,263,0,0,0
Southwestern Mediterranean,1993,Feb,2,1.6557662058117395e-4,10,0.9465,0.8849899999999999,8.8499,10,0,0,0
Southwestern Mediterranean,2000,Feb,5,4.139415514529349e-4,5,1.0504666666666667,1.03975,5.2848999999999995,5,0,0,0
Southwestern Mediterranean,2002,Jan,2,1.6557662058117395e-4,6,1.3992499999999999,1.00035,6.0021,6,0,0,0
Southwestern Mediterranean,2002,Feb,4,3.311532411623479e-4,6,0.9458,0.8833125,5.5165999999999995,6,0,0,0
Southwestern Mediterranean,1983,Aug,1,8.278831029058697e-5,4,1.6259,1.532575,6.1303,4,0,0,0
Southwestern Mediterranean,2022,Mar,33,0.0027320142395893697,186,1.22396,1.076459235042735,200.3923,186,0,0,0
Southwestern Mediterranean,1987,Dec,15,0.0012418246543588044,73,1.3536333333333332,1.0890073333333334,80.0453,73,0,0,0
