region,year,month,pixels,surface,duration,max_int,mean_int,cum_int,I Moderate,II Strong,III Severe,IV Extreme
Adriatic Sea,1982,janv,120,0.019540791402051783,605,1.5019809523809524,1.1420746238706827,674.5018,604,1,0,0
Adriatic Sea,1982,févr,552,0.0898876404494382,4790,1.7035571428571428,1.146580969659223,5653.8425,4553,188,0,0
Adriatic Sea,1982,mars,224,0.03647614395049666,1279,1.32134375,1.0250623415547335,1369.815,1279,0,0,0
Adriatic Sea,1982,sept,3177,0.517342452369321,19096,2.470042857142857,1.8414068963153465,36244.3158,18909,2,0,0
Adriatic Sea,1986,mai,4496,0.7321283178635402,35579,4.210667857142857,2.9941738280548513,104259.6487,35472,101,0,0
Adriatic Sea,1986,juin,82,0.013352874124735386,82,2.11149375,2.0712330853174605,170.4632,82,0,0,0
Adriatic Sea,1987,sept,6103,0.9938120827226836,72504,3.5977446428571427,2.4396895563734153,181132.8643,58870,13152,0,0
Adriatic Sea,1987,oct,4588,0.7471095912717799,34030,2.378024107142857,1.6866424190761813,57795.3334,33295,83,0,0
Adriatic Sea,1990,mars,44,0.0071649568474189875,248,1.4313,1.1826614395247155,293.9032,248,0,0,0
Adriatic Sea,1992,août,5863,0.95473049991858006,93058,3.3328571428571427,2.1729805440963004,204075.0387,90735,1314,0,0
Adriatic Sea,1992,sept,4196,0.6832763393584107,10120,2.5438953271028035,1.9955137257412507,20584.0945,10116,0,0,0
Adriatic Sea,1994,août,5587,0.909786679693861,69909,3.4422232142857143,2.233063672193353,152987.328,67295,809,0,0
Adriatic Sea,1994,sept,2978,0.4849373066275851,37647,3.340191262135922,2.0946339094623947,82265.9283,36422,893,0,0
Adriatic Sea,1994,oct,2223,0.3619931607230093,12364,2.5340145631067963,1.9565119165267346,25031.204700000002,12261,78,0,0
Adriatic Sea,1998,août,5375,0.8752646148835694,91721,3.2712603603603605,2.1273303660291902,194140.807,87998,1712,0,0
Adriatic Sea,1999,janv,388,0.06318189219996743,2359,1.4863509803921569,1.0871815160380054,2650.4416,2273,78,0,0
Adriatic Sea,1999,sept,4955,0.8068718449763882,19798,2.313508035714286,1.823794812979952,36824.6227,19690,0,0,0
Adriatic Sea,1999,oct,4946,0.8054062856212343,40706,2.5441241071428573,1.8476355787913794,76892.3699,40207,0,0,0
Adriatic Sea,2000,avril,472,0.07686044618140368,2139,3.0083805555555556,2.150390449891627,4497.6952,1955,169,0,0
Adriatic Sea,2000,mai,6046,0.984530206806709,94755,3.9967339285714285,2.656567648620671,249057.8647,92185,72,0,0
Adriatic Sea,2000,juin,4409,0.7179612440970526,32169,3.7897238532110094,2.8802545121288756,93302.7437,31619,0,0,0
Adriatic Sea,2000,nov,4922,0.8014981273408239,69471,2.619269523809524,1.6112950563570525,115056.5493,65898,1262,0,0
Adriatic Sea,2000,déc,5998,0.9767138902458883,119731,3.0975375,1.837451770305652,220420.8724,109799,7713,69,0
Adriatic Sea,2001,févr,5684,0.9255821527438528,82471,2.1998375,1.3812742295283305,115122.8475,73093,7228,0,0
Adriatic Sea,2001,mars,5894,0.9597785376974434,112270,2.9403625,1.4477191195517576,153991.7172,105031,3804,52,0
Adriatic Sea,2001,avril,4012,0.6533137925419312,26010,2.5257169642857145,1.524096294706571,38654.8765,25327,339,0,0
Adriatic Sea,2001,oct,3708,0.6038104543234001,46363,2.393825,1.6562527625617816,78325.2331,44967,391,0,0
Adriatic Sea,2002,févr,2770,0.45106660153069533,41929,1.9724328358208956,1.145097264137297,47663.2536,37666,2717,7,0
Adriatic Sea,2002,mars,3664,0.5966454974759811,49858,2.484118556701031,1.371995115244686,60895.825600000004,42491,4731,74,0
Adriatic Sea,2002,déc,3798,0.618466047874939,17978,2.106711607142857,1.5013405105500603,26622.148400000002,17864,70,0,0
Adriatic Sea,2003,janv,4774,0.7773978179449601,83923,2.0214455357142858,1.3084118657330754,104916.6656,77740,2862,0,0
Adriatic Sea,2003,mai,4851,0.7899364924279433,42869,4.493778571428572,2.9483535175827735,127670.1768,36107,6719,0,0
Adriatic Sea,2003,juin,6139,0.9996743201432992,147061,6.046101785714286,3.8237426291630934,558580.4425,128947,17008,65,0
Adriatic Sea,2003,juil,5975,0.9729685718938283,62931,4.145080357142857,2.518816161119739,162928.4619,61158,925,0,0
Adriatic Sea,2003,août,6138,0.9995114802149487,126602,3.8077285714285716,2.5643462505943067,327356.6771,114654,11240,22,0
Adriatic Sea,2003,sept,4878,0.794333170493405,13726,2.8759582524271843,2.1430825748747626,30502.5841,13294,430,0,0
Adriatic Sea,2004,févr,931,0.15160397329425174,8918,1.7254764705882353,1.12079801743749,9756.756300000001,8272,466,0,0
Adriatic Sea,2004,oct,3044,0.4956847418987136,15883,1.93035,1.4956427276547555,25312.1831,15664,29,0,0
Adriatic Sea,2004,nov,5463,0.8895945285784075,61330,2.64765625,1.708118070649217,106157.2326,58966,1412,0,0
Adriatic Sea,2004,déc,4354,0.7090050480377789,57213,2.303745,1.5266394975686712,88260.1239,55261,211,0,0
Adriatic Sea,2005,janv,4760,0.7751180589480541,67784,1.940861,1.245000156196285,84586.0156,65161,940,0,0
Adriatic Sea,2005,mars,756,0.12310698583292623,3826,1.7143171875,1.3148181669953316,4481.3539,3823,0,0,0
Adriatic Sea,2005,avril,472,0.07686044618140368,2649,1.47750350877193,1.2116102884699897,3105.8073,2643,0,0,0
Adriatic Sea,2005,juil,3694,0.6015306953264941,13289,3.35305,2.3290963808971257,30535.8878,12776,502,11,0
Adriatic Sea,2005,août,3679,0.5990880964012376,11389,3.1912580357142857,2.1624711142416824,25285.7723,10577,812,0,0
Adriatic Sea,2006,juin,2602,0.42370949356782284,13842,4.077122222222222,3.098585057549042,43167.1865,13771,64,0,0
Adriatic Sea,2006,juil,3327,0.5417684416218856,13631,3.207288392857143,2.394672742569441,31918.1516,13574,46,0,0
Adriatic Sea,2007,avril,6141,1,142297,4.630352678571429,2.6227496717519245,368258.9467,80568,60081,1372,0
Adriatic Sea,2007,mai,6141,1,101477,5.1840375,3.035304075648159,308256.5378,80900,17670,316,0
Adriatic Sea,2007,juin,5383,0.8765673343103729,65390,4.501674107142857,3.079916840650166,202310.0858,64193,222,0,0
Adriatic Sea,2007,juil,5080,0.8272268360201922,47766,3.9782723214285713,2.5428525835865226,122005.8967,43980,3694,0,0
Adriatic Sea,2008,juin,5954,0.9695489333984693,39088,4.783982142857143,3.2886655229045902,133116.3755,36477,2576,0,0
Adriatic Sea,2008,juil,5892,0.9594528578407425,73165,3.9384935185185186,2.8354485928493975,212999.0649,72463,151,0,0
Adriatic Sea,2008,sept,2647,0.4310372903435922,18339,2.5869044642857144,1.9647169539436091,36618.458,18336,0,0,0
Adriatic Sea,2009,mai,6094,0.9923465233675297,70444,6.119229464285715,3.5746954976016765,252087.49,54698,15381,17,0
Adriatic Sea,2009,août,5267,0.8576779026217228,45898,3.1458035714285715,2.2236780103323537,101851.2564,43977,473,0,0
Adriatic Sea,2009,sept,4587,0.7469467513434294,30993,3.069032142857143,2.218017015173808,70091.8013,30359,527,0,0
Adriatic Sea,2010,juil,5644,0.9190685556098356,60013,4.299408035714285,2.8409295233835,170622.8891,51134,7841,263,0
Adriatic Sea,2011,avril,3757,0.6117896108125712,33178,3.8890339285714286,1.9920704021856646,66953.7842,28045,4469,180,0
Adriatic Sea,2011,juil,5504,0.8962709656407751,46858,3.6826366071428573,2.490272296691843,116829.2292,46684,157,0,0
Adriatic Sea,2011,août,6137,0.9993486402865983,52338,3.4994330357142855,2.304237263190888,123252.3109,46346,4309,3,0
Adriatic Sea,2011,sept,6141,1,178542,4.158980357142857,2.684972663119068,485538.7418,131742,45277,4,0
Adriatic Sea,2011,oct,5935,0.9664549747598111,51384,3.110946428571429,2.3134103122371386,118855.758,48973,2348,0,0
Adriatic Sea,2011,déc,4363,0.7104706073929328,85737,2.352226168224299,1.5235604991459928,134512.8898,81186,1914,2,0
Adriatic Sea,2012,janv,4101,0.6678065461651197,60813,1.9042252427184465,1.2479444987617294,76392.0636,57939,661,0,0
Adriatic Sea,2012,févr,1299,0.21152906692721055,4421,1.3615040816326531,1.056101373411633,4685.8293,4236,107,0,0
Adriatic Sea,2012,mars,4271,0.695489333984693,46881,2.531799107142857,1.5818270019466365,65802.8214,44855,1299,0,0
Adriatic Sea,2012,avril,3859,0.6283992835043153,13382,2.567861224489796,1.7328499744560646,21208.1374,13271,89,0,0
Adriatic Sea,2012,mai,4174,0.6796938609347012,39405,3.830606603773585,2.4577615671749404,90608.7376,37489,1034,0,0
Adriatic Sea,2012,juin,6007,0.9781794496010422,47403,4.395185714285715,2.9999153707722175,144313.4082,45519,334,0,0
Adriatic Sea,2012,juil,6141,1,101649,4.853655357142857,3.431153233565881,354599.2968,77653,23771,4,0
Adriatic Sea,2012,août,5429,0.8840579710144928,47049,3.194420535714286,2.186763059386422,100786.5896,46591,343,0,0
Adriatic Sea,2012,sept,1515,0.24670249145090375,11909,2.1455973333333334,1.7848868766149102,21662.025700000002,11840,0,0,0
Adriatic Sea,2012,oct,5784,0.9418661455788959,116537,2.5187758928571427,1.7370166582889697,204143.2145,110384,2245,0,0
Adriatic Sea,2012,nov,5981,0.973945611463931,121913,2.7138053571428573,1.6853605128295321,208121.6163,116649,2187,5,0
Adriatic Sea,2012,déc,5358,0.8724963361016121,53121,2.326845535714286,1.580649864535249,85217.0467,52067,194,0,0
Adriatic Sea,2013,janv,4842,0.7884709330727895,74300,2.06639375,1.3137331844891738,100617.2202,71942,487,0,0
Adriatic Sea,2013,avril,6141,1,92707,4.21718125,2.1759889573938627,194812.1324,78295,10682,236,0
Adriatic Sea,2013,mai,6141,1,77869,4.552991964285714,3.050424079579212,233440.9454,64340,12632,56,0
Adriatic Sea,2013,août,3813,0.6209086468001954,26423,3.4511267857142855,2.3229360481674903,61551.5849,22928,3162,0,0
Adriatic Sea,2013,nov,6097,0.992835043152581,126629,2.822048214285714,1.7401229288205542,226439.56040000002,115272,8060,439,0
Adriatic Sea,2013,déc,5014,0.8164794007490637,63301,2.2392320388349516,1.491070042189322,98882.0133,58556,2024,4,0
Adriatic Sea,2014,janv,6141,1,161521,3.0080714285714287,1.8265905142319676,291406.1551,86667,68134,3219,16
Adriatic Sea,2014,févr,6124,0.9972317212180427,147398,2.9920035714285715,1.7594878512127117,251188.5705,84071,58128,1336,14
Adriatic Sea,2014,mars,6121,0.9967432014329913,175187,3.5774875,1.9072912902769856,323893.7482,106695,64758,932,0
Adriatic Sea,2014,avril,6033,0.9824132877381534,107227,3.3359196428571427,2.004190050315847,215576.9484,83515,21329,0,0
Adriatic Sea,2014,oct,5455,0.888291809151604,58981,2.8750214285714284,1.9241556595188472,114730.8771,54296,4581,0,0
Adriatic Sea,2014,nov,3443,0.5606578733105357,32649,2.436692857142857,1.6001383932163882,51232.0312,31854,200,0,0
Adriatic Sea,2014,déc,6123,0.9970688812896923,154650,3.143567857142857,1.9340533865935146,298128.08150000003,134719,17385,1,0
Adriatic Sea,2015,janv,5909,0.9622211366226999,118669,2.262599107142857,1.3585654228013349,161010.2469,113194,1714,0,0
Adriatic Sea,2015,févr,5058,0.8236443575964827,92709,2.0621144144144146,1.2907008459386653,114161.1781,75576,12780,462,0
Adriatic Sea,2015,juin,5710,0.929815990880964,53082,4.738263392857143,3.2627140157068637,175007.3823,50963,2075,0,0
Adriatic Sea,2015,juil,6141,1,108534,5.0124651785714285,3.312876462290195,358546.8081,52819,53991,1511,0
Adriatic Sea,2015,août,5860,0.9542419801335288,120937,3.7937294642857142,2.427933934075642,307738.5418,91375,27934,1,0
Adriatic Sea,2015,sept,5474,0.8913857677902621,73649,3.4388375,2.240494918358142,169003.8584,66693,6232,0,0
Adriatic Sea,2015,nov,4419,0.7195896433805569,52727,2.452372815533981,1.592376912358514,90732.1199,48752,2933,130,0
Adriatic Sea,2015,déc,4598,0.7487379905552841,64051,2.4414073394495412,1.580392480279948,106520.0434,59053,2861,157,0
Adriatic Sea,2016,janv,5935,0.9664549747598111,134457,2.3369633928571427,1.4485034173988642,191968.9311,116625,13731,219,0
Adriatic Sea,2016,févr,5831,0.9495196222113662,136868,2.206585714285714,1.383708495620543,182451.2924,119426,12413,21,0
Adriatic Sea,2016,mars,5722,0.9317700700211692,134379,2.2887633928571427,1.4512876299592248,187772.8843,121724,8931,0,0
Adriatic Sea,2016,avril,6141,1,114824,3.2883,1.928206588932172,210929.9712,93825,17003,54,0
Adriatic Sea,2016,juil,5486,0.8933398469304673,41897,3.9320866071428573,2.772086157994202,118322.4596,38861,2944,0,0
Adriatic Sea,2016,nov,2978,0.4849373066275851,21830,2.202368,1.5485984517063265,34319.4422,21235,196,3,0
Adriatic Sea,2016,déc,4576,0.7451555121315747,68054,2.4099203883495144,1.501872189157144,105693.8979,64497,1675,16,0
Adriatic Sea,2017,janv,3302,0.5376974434131249,15862,1.9347650485436894,1.3029374213069636,20548.3421,15767,11,0,0
Adriatic Sea,2017,févr,2527,0.41149649894154045,29878,1.759451515151515,1.0451659902749917,30738.4465,26560,1682,0,0
Adriatic Sea,2017,mars,5910,0.9623839765510503,109702,3.07279375,1.656677369872435,159141.9324,90212,15702,181,0
Adriatic Sea,2017,avril,6141,1,112051,4.308829464285714,2.2936943560784964,240850.8165,68859,40796,926,0
Adriatic Sea,2017,juin,4998,0.8138739618954568,60569,4.109548214285715,2.8965599804987847,179555.2801,60052,107,0,0
Adriatic Sea,2017,août,6141,1,65159,4.499501785714286,2.807992549078839,182121.1762,42185,22648,264,0
Adriatic Sea,2018,avril,6141,1,92329,5.5758125,3.16233059824072,282005.1497,38198,42214,10973,16
Adriatic Sea,2018,mai,6141,1,176041,5.600840178571429,3.2854739666635604,582075.2203,134001,36071,2330,0
Adriatic Sea,2018,juin,6141,1,102984,5.637435714285714,3.870164604734691,398831.8586,75269,26751,0,0
Adriatic Sea,2018,août,6134,0.9988601205015469,150459,4.020866964285714,2.5657984837375785,384934.7617,121201,27273,9,0
Adriatic Sea,2018,sept,6141,1,108228,3.7238482142857143,2.413648384072392,261551.8493,95183,12066,0,0
Adriatic Sea,2018,oct,2370,0.3859306301905227,21331,2.1195,1.6074864464561678,34537.4409,21139,0,0,0
Adriatic Sea,2018,nov,5650,0.9200455951799381,97154,2.6934339285714284,1.685048886628147,167823.8754,91568,2851,53,0
Adriatic Sea,2018,déc,5175,0.8426966292134831,94172,2.671448979591837,1.5851844746771986,152357.8173,89032,1928,0,0
Adriatic Sea,2019,févr,3068,0.4995929001791239,51777,1.6538068181818182,1.0665305259751352,53687.5913,47065,2447,0,0
Adriatic Sea,2019,mars,3152,0.5132714541605602,59372,1.9976316831683167,1.3472949776997942,68685.5362,55092,2816,0,0
Adriatic Sea,2019,juin,5004,0.8148510014655593,52580,5.105935714285715,3.2622536872742924,172152.317,49551,2340,10,0
Adriatic Sea,2019,juil,5100,0.8304836345872008,52970,4.341548214285714,2.8694849212617246,153061.7112,50109,2736,0,0
Adriatic Sea,2019,août,6098,0.9929978830809314,72821,3.564257142857143,2.1947502318620375,160489.2874,70031,1692,0,0
Adriatic Sea,2019,sept,5944,0.967920534114965,42950,3.319317857142857,2.242595790563822,93153.2327,41636,833,0,0
Adriatic Sea,2019,oct,6063,0.9872984855886664,82455,2.84469009009009,1.906326660953617,163551.0158,68800,12236,0,0
Adriatic Sea,2019,nov,6101,0.9934864028659828,130710,2.9268964285714287,1.8349656105951881,241273.4115,117001,10990,0,0
Adriatic Sea,2019,déc,5763,0.9384465070835368,145941,3.049716216216216,1.795290063774338,259242.3448,133323,8088,2,0
Adriatic Sea,2020,févr,5903,0.9612440970525973,150047,2.5157107142857145,1.5529688115696918,228806.2521,113174,33100,65,0
Adriatic Sea,2020,juin,1971,0.32095749877870056,5300,3.2281357798165136,2.6491000779956786,14741.0735,5300,0,0,0
Adriatic Sea,2020,juil,3140,0.511317375020355,11661,3.9943785714285713,2.7310735254408094,32498.5603,11341,316,1,0
Adriatic Sea,2020,août,4789,0.7798404168702165,46694,3.2074124999999998,2.1407959059550836,95861.1852,45250,384,0,0
Adriatic Sea,2020,sept,5528,0.9001791239211855,71946,2.9216821428571427,2.017369333017658,147093.9071,70250,79,0,0
Adriatic Sea,2020,nov,4490,0.7311512782934375,72940,2.3173154545454544,1.55546926009667,118947.18,69590,1751,0,0
Adriatic Sea,2020,déc,4944,0.8050806057645334,83846,2.67717476635514,1.626405518453703,138395.105,75307,6236,62,0
Adriatic Sea,2021,janv,5020,0.8174564403191663,124918,2.495565765765766,1.5373076332805198,194398.1399,94440,28135,357,0
Adriatic Sea,2021,juil,4942,0.8047549259078326,44181,4.2258875,2.5469019871895355,113481.9244,40775,2540,0,0
Adriatic Sea,2021,août,4751,0.7736524995929002,74836,3.8367063063063065,2.3635697543295846,170679.9441,66178,6100,1,0
Adriatic Sea,2021,oct,2830,0.4608369972317212,17394,2.1045239583333335,1.7363965299190305,31416.3971,17394,0,0,0
Adriatic Sea,2022,janv,3120,0.5080605764533463,51308,1.7694063829787234,1.1784054670375348,58872.0531,48449,1064,0,0
Adriatic Sea,2022,févr,3710,0.6041361341801009,64259,1.7246742574257425,1.1228840476370234,68213.5526,58320,3720,0,0
Adriatic Sea,2022,mars,2220,0.361504640937958,33365,1.49885,0.9936763387461491,32781.0428,31169,519,5,0
Adriatic Sea,2022,avril,411,0.06692721055202736,2905,1.258491304347826,1.0591505796668348,3116.4966,2839,0,0,0
Adriatic Sea,2022,mai,5395,0.8785214134505781,57227,4.430291964285714,2.9042186933886054,165178.7628,53951,1600,0,0
Adriatic Sea,2022,juin,6128,0.9978830809314444,102879,4.88074375,3.261146208112343,339250.7111,98089,3875,0,0
Adriatic Sea,2022,juil,6141,1,101752,4.8208874999999995,2.9402305017593866,300585.7135,91381,10179,0,0
Adriatic Sea,2022,août,4590,0.7474352711284807,41269,3.03093125,2.085797585986506,85245.3155,40051,667,0,0
Adriatic Sea,2022,sept,3876,0.6311675622862726,35773,2.7048554545454544,1.9721654604420928,72106.5309,35503,57,0,0
Adriatic Sea,2022,oct,4978,0.8106171633284481,48482,2.8684482142857144,1.8412727352666582,92039.3065,41594,5328,0,0
Adriatic Sea,2022,nov,5990,0.9754111708190848,119945,3.129394642857143,1.8612445262188448,223399.6353,101887,15477,8,0
Adriatic Sea,2022,déc,5358,0.8724963361016121,87025,2.681142857142857,1.623498311786251,141258.7667,76684,7396,113,0
Adriatic Sea,2023,janv,5776,0.9405634261520925,149455,2.9688714285714286,1.7799815808007742,263821.3032,70170,66383,2715,12
Adriatic Sea,2023,févr,5251,0.855072463768116,106374,2.2733522935779815,1.383505757464442,142049.4347,79707,23389,86,0
Adriatic Sea,2023,mars,6061,0.9869728057319654,152564,2.842342857142857,1.6004315645926142,231320.1113,122309,27184,3,0
Adriatic Sea,2023,avril,3585,0.583781143136297,17562,2.09455625,1.346825015851558,22930.0987,17340,86,0,0
Adriatic Sea,2023,juin,3095,0.5039895782445856,27046,3.850148623853211,2.8663259047144893,75020.3294,26701,0,0,0
Adriatic Sea,2023,juil,6073,0.9889268848721706,96655,0.3477844036697248,0.22729913302244126,4215.7542,53695,37128,2106,0
Adriatic Sea,2023,août,6133,0.9986972805731965,67310,2.59475625,1.564731243128582,94536.5721,58734,8188,102,0
Adriatic Sea,2023,sept,6023,0.9807848884546491,84502,2.7895955357142856,1.9077294645789575,160520.6892,82505,259,0,0
Adriatic Sea,2023,oct,6141,1,186679,3.7706767857142856,2.4775854628628533,464557.6383,109337,76023,60,0
Adriatic Sea,2023,nov,6087,0.9912066438690768,160206,3.4660357142857143,2.0987619912874305,341947.9815,116378,41322,16,0
Adriatic Sea,2023,déc,4722,0.7689301416707377,86110,2.4377294642857144,1.6432573257293055,146527.4061,79396,3616,0,0
Adriatic Sea,1990,nov,1253,0.2040384302230907,7596,1.8035822916666666,1.464433671991959,11369.3416,7581,15,0,0
Adriatic Sea,1990,déc,60,0.009770395701025891,206,1.6067565217391304,1.4503899288302278,303.2511,206,0,0,0
Adriatic Sea,2001,nov,1417,0.23074417847256148,5031,1.9427439024390243,1.5504864508954634,7820.2461,5001,30,0,0
Adriatic Sea,2002,janv,179,0.029148347174727245,844,1.30233,1.0478539687372896,890.2808,833,0,0,0
Adriatic Sea,2004,mars,441,0.0718124084025403,3026,1.6129522727272727,1.2105369376482338,3492.2593,2974,43,0,0
Adriatic Sea,2013,févr,4640,0.7555772675460023,47979,1.7848783783783784,1.1667767345231348,54490.8591,46617,233,0,0
Adriatic Sea,2018,janv,556,0.09053900016283993,4703,1.387684,1.037538037840937,4544.0966,4526,0,0,0
Adriatic Sea,2018,févr,2331,0.3795798729848559,19420,1.4856018348623854,1.0754384415578375,21792.2026,19109,42,0,0
Adriatic Sea,2019,janv,3422,0.5572382348151766,27854,1.8667408602150537,1.20197272668707,29884.4489,27098,117,0,0
Adriatic Sea,2019,avril,1364,0.2221136622699886,8343,2.1397593406593405,1.5266029637261789,11122.7192,8249,21,0,0
Adriatic Sea,2020,janv,5067,0.8251099169516365,114319,2.400472072072072,1.455631556565073,166649.8478,101412,7914,9,0
Adriatic Sea,2020,mars,5950,0.9688975736850676,123317,2.648301801801802,1.488435052141251,176212.0049,116249,4024,5,0
Adriatic Sea,2021,févr,4789,0.7798404168702165,80999,2.1222063636363635,1.3091651915300302,100212.2053,70265,7817,0,0
Adriatic Sea,2021,mars,5203,0.8472561472072953,67992,2.95803963963964,1.4499520363625265,87258.5626,63938,2741,39,0
Adriatic Sea,1987,déc,321,0.05227161700048852,1060,1.6180958333333333,1.352966049260703,1502.3992,1046,8,0,0
Adriatic Sea,1998,sept,184,0.0299625468164794,1055,1.9620289473684212,1.7279384729885057,1892.262,1055,0,0,0
Adriatic Sea,1999,févr,155,0.025240188894316888,497,1.3508862068965517,1.0710734654585128,570.5491,495,2,0,0
Adriatic Sea,1999,juin,4356,0.7093307278944797,32790,4.264709090909091,3.0352139019916757,101177.4546,32086,99,0,0
Adriatic Sea,2000,janv,128,0.020843510828855237,584,2.0907619047619046,1.4296140654933114,857.1116,516,68,0,0
Adriatic Sea,2003,févr,2259,0.36785539814362483,8976,1.4026180555555556,1.0419360737217962,9129.27,8960,16,0,0
Adriatic Sea,2003,mars,298,0.0485262986484286,1713,1.2669463414634146,0.9646794598797502,1635.1449,1691,3,0,0
Adriatic Sea,2011,févr,1362,0.22178798241328773,12146,1.6919349206349206,1.0758052321607627,12846.225699999999,10876,943,1,0
Adriatic Sea,2011,mars,1741,0.28350431525810127,8966,2.1181407407407407,1.547703237293812,11898.5229,8751,91,0,0
Adriatic Sea,2013,mars,2950,0.480377788633773,26356,1.56143125,1.1272551083107267,27821.2434,25949,55,0,0
Adriatic Sea,2015,mars,4056,0.6604787493893503,57916,1.8405183673469387,1.2118414610584685,66308.079,53112,3290,47,0
Adriatic Sea,2017,juil,4305,0.7010258915486077,29674,3.7148545454545454,2.5228282089042917,74773.0465,29365,286,0,0
Adriatic Sea,2018,mars,1152,0.1875915974596971,9691,1.4224209677419355,0.9507468153315027,8980.415,9377,40,0,0
Adriatic Sea,2018,juil,2482,0.40416870216577105,10003,2.671406796116505,2.028879577238371,22517.7504,9310,587,0,0
Adriatic Sea,2020,avril,2227,0.362644520436411,10707,2.673330392156863,1.9141165833498823,19528.6892,10549,144,1,0
Adriatic Sea,2021,avril,4193,0.6827878195733594,14692,3.069996363636364,1.9495619850220531,25800.0584,11693,2969,30,0
Adriatic Sea,2021,sept,2268,0.3693209574987787,5376,2.0888662921348313,1.7320991967019095,9645.8522,5375,0,0,0
Adriatic Sea,1982,nov,1706,0.27780491776583616,13440,2.4708355555555555,1.6568606714745437,22754.8621,12983,243,0,0
Adriatic Sea,1986,janv,291,0.04738641914997557,2531,1.870918,1.4503972576959507,3835.1899,2501,0,0,0
Adriatic Sea,1986,nov,78,0.012701514411333659,238,1.591595652173913,1.4422048481711525,345.0546,238,0,0,0
Adriatic Sea,1986,déc,542,0.0882592411659339,5197,1.926519298245614,1.5111687853875932,7883.8377,4965,0,0,0
Adriatic Sea,1988,janv,4192,0.682624979645009,38533,1.9426816513761467,1.2850798736888922,50550.8166,37020,506,0,0
Adriatic Sea,1997,déc,20,0.0032567985670086306,93,1.50584,1.3112162424242424,123.2678,93,0,0,0
Adriatic Sea,1998,juin,4347,0.7078651685393258,29352,3.747627551020408,2.8054484554446386,84345.4552,29340,12,0,0
Adriatic Sea,1999,nov,1546,0.25175052922976715,13633,2.1750146666666668,1.615880779687238,22688.6882,13393,8,0,0
Adriatic Sea,1999,déc,893,0.14541605601693536,4535,2.09892,1.5716947047957064,7175.4189,4341,22,0,0
Adriatic Sea,2002,juil,572,0.09314443901644684,5424,2.90123,2.288139538668234,12734.8504,5424,0,0,0
Adriatic Sea,2003,nov,10,0.0016283992835043153,50,1.5625499999999999,1.36291,68.4607,50,0,0,0
Adriatic Sea,2004,janv,888,0.1446018563751832,6329,1.6826454545454546,1.1334859657779515,7297.2139,6219,82,0,0
Adriatic Sea,2004,juil,2680,0.4364110079791565,21091,3.615308333333333,2.5467737827023735,55240.4836,21068,12,0,0
Adriatic Sea,2013,oct,2720,0.4429246051131738,8537,2.032452427184466,1.6083355794288527,13415.8332,8409,0,0,0
Adriatic Sea,2015,oct,883,0.14378765673343102,5100,1.9448792452830188,1.5124100463109544,8010.3512,4971,9,0,0
Adriatic Sea,2016,oct,1211,0.19719915323237258,8169,2.112985436893204,1.6487001610915142,13446.719,8145,18,0,0
Adriatic Sea,2020,oct,951,0.15486077186126038,4805,1.8728837837837837,1.4823911306871247,7011.214,4715,0,0,0
Adriatic Sea,1982,oct,2950,0.480377788633773,10094,2.587241666666667,1.8626830365928955,19123.5705,9930,103,0,0
Adriatic Sea,1985,déc,28,0.004559517993812083,159,1.8820727272727273,1.4270328122835019,221.7209,149,10,0,0
Adriatic Sea,2001,janv,3622,0.589806220485263,64081,2.6197274509803923,1.56899181956325,105845.0926,58304,4523,0,0
Adriatic Sea,2002,nov,1247,0.20306139065298812,5921,1.9347923076923077,1.5304262035077694,9080.7632,5829,1,0,0
Adriatic Sea,2009,juin,111,0.0180752320468979,119,2.268174074074074,2.200878708112875,265.8244,119,0,0,0
Adriatic Sea,2015,mai,1053,0.1714704445530044,7730,3.357108695652174,2.6092221588944704,19346.8125,7566,20,0,0
Adriatic Sea,2016,sept,1202,0.1957335938772187,8768,2.285696907216495,1.8386493900545906,16339.1644,8627,1,0,0
Adriatic Sea,1985,janv,113,0.018400911903598764,648,1.6710833333333333,1.3877828003318715,946.3015,648,0,0,0
Adriatic Sea,1985,févr,22,0.0035824784237094938,22,1.136375,1.1094925,24.3899,22,0,0,0
Adriatic Sea,1986,oct,70,0.011398794984530208,400,1.573453846153846,1.3523545884577133,545.958,400,0,0,0
Adriatic Sea,1992,déc,1661,0.27047712099006677,11720,2.326880612244898,1.6882054891565264,20403.6818,11584,99,0,0
Adriatic Sea,1998,juil,4433,0.721869402377463,33044,3.8181629999999998,2.373777155374171,79105.4825,29271,1451,0,0
Adriatic Sea,1999,mai,2541,0.4137762579384465,8036,4.0003153846153845,3.0823016949562922,25178.7651,7970,66,0,0
Adriatic Sea,2006,déc,1360,0.2214623025565869,23596,2.5919589743589744,1.7833929622615612,46126.026,22118,958,0,0
Adriatic Sea,2007,mars,4105,0.6684579058785214,63599,2.620849523809524,1.5632207049513909,109552.6912,59245,3250,0,0
Adriatic Sea,2009,oct,3418,0.556586875101775,26046,2.4426448598130843,1.7927234166002348,46505.6722,25568,26,0,0
Adriatic Sea,2011,janv,322,0.052434456928838954,1261,1.3056605263157894,1.0097397402119432,1296.4141,1197,56,0,0
Adriatic Sea,2013,juin,5666,0.922651034033545,39865,5.187928037383178,3.62930412458965,144647.9878,37476,2389,0,0
Adriatic Sea,2015,avril,208,0.03387070509688976,915,1.5361894736842105,1.2833933280721868,1159.3231,915,0,0,0
Adriatic Sea,2020,mai,1669,0.2717798404168702,3436,2.3350714285714287,1.9215365805763231,6784.7178,3429,0,0,0
Adriatic Sea,2021,juin,2009,0.32714541605601694,14603,3.981436448598131,2.9992055968539533,47083.9863,14396,86,0,0
Adriatic Sea,1988,févr,4290,0.6985832926233513,68036,2.2645823529411766,1.3540768404091963,93635.8795,63431,2826,0,0
Adriatic Sea,1990,mai,2462,0.40091190359876244,17410,3.7003686046511626,2.8275605263716543,50151.1429,17401,0,0,0
Adriatic Sea,1998,janv,876,0.142647777234978,5338,1.6373256756756758,1.1464068123793114,6266.1621000000005,5176,108,0,0
Adriatic Sea,1998,févr,1263,0.205666829506595,5820,1.5621592592592592,1.152751715449319,6266.43,5757,23,0,0
Adriatic Sea,1998,mars,1501,0.24442273245399773,8992,1.7045729411764705,1.165181915051825,9683.4166,8752,149,0,0
Adriatic Sea,2003,déc,826,0.13450578081745643,8596,2.2982347826086955,1.5659165801587167,13883.2605,8121,286,0,0
Adriatic Sea,2006,févr,12,0.0019540791402051783,49,1.1447500000000002,1.011331820436508,50.3965,49,0,0,0
Adriatic Sea,2006,mars,12,0.0019540791402051783,29,1.22285,1.1427795833333332,33.5166,29,0,0,0
Adriatic Sea,2007,janv,751,0.12229278619117408,7825,1.8703581395348836,1.3716011908679797,11959.939699999999,7691,0,0,0
Adriatic Sea,2008,mai,321,0.05227161700048852,1222,3.11302962962963,2.701883725686314,3437.5628,1222,0,0,0
Adriatic Sea,2008,nov,313,0.05096889757368507,1908,1.8447634615384616,1.524244578382051,2905.0014,1906,0,0,0
Adriatic Sea,2009,juil,403,0.06562449112522391,1787,2.7034474576271186,2.2971984975488953,4541.9208,1787,0,0,0
Adriatic Sea,2010,avril,1091,0.1776583618303208,4462,2.558058064516129,2.0105647106488904,8580.2524,4459,0,0,0
Adriatic Sea,2010,mai,1121,0.18254355968083374,3730,2.6250988636363637,2.194810523485986,8150.2780999999995,3697,0,0,0
Adriatic Sea,2011,mai,471,0.07669760625305325,2673,4.187131428571429,3.1014610942960563,8606.7364,2666,7,0,0
Adriatic Sea,2014,août,1215,0.1978505129457743,14638,2.688977380952381,2.019074463337965,30054.8881,14590,0,0,0
Adriatic Sea,2021,nov,2749,0.44764696303533624,24593,2.374061333333333,1.5467370500620674,39078.6366,23099,906,0,0
Adriatic Sea,2023,mai,1517,0.24702817130760463,2882,3.15630875,2.706383663130009,7823.1576,2877,0,0,0
Adriatic Sea,1987,nov,1959,0.3190034196384954,4929,2.063490476190476,1.5944999583330857,7903.7193,4919,10,0,0
Adriatic Sea,1992,nov,2729,0.44439016446832763,32723,2.33698431372549,1.5990966111718543,56764.9538,31219,742,0,0
Adriatic Sea,2002,août,17,0.002768278781957336,107,2.2242363636363636,1.9065481204906205,207.0807,107,0,0,0
Adriatic Sea,2005,févr,441,0.0718124084025403,2995,1.1870560975609756,0.931900682525051,2993.5506,2976,0,0,0
Adriatic Sea,2010,juin,1825,0.2971828692395375,11277,3.9466272727272727,3.0531747874354322,34256.2375,11225,52,0,0
Adriatic Sea,2021,déc,2018,0.3286109754111708,14561,1.9091369863013699,1.3668577049907915,22107.4567,14114,225,0,0
Adriatic Sea,1988,nov,24,0.0039081582804103565,57,2.0322,1.7347508143939394,102.0871,57,0,0,0
Adriatic Sea,2002,juin,3005,0.48933398469304673,24399,5.113654639175258,3.5652969665410765,92516.1313,21225,3174,0,0
Adriatic Sea,2005,nov,120,0.019540791402051783,627,1.6824483870967741,1.394334211311345,870.4849,625,0,0,0
Adriatic Sea,2011,nov,1396,0.2273245399772024,6099,1.8764578947368422,1.4424552202251122,9347.0076,5979,0,0,0
Adriatic Sea,1994,nov,43,0.007002116919068556,233,2.0516785714285715,1.642745260614127,392.6575,233,0,0,0
Adriatic Sea,2002,avril,725,0.11805894805406286,2300,1.547,1.2208016971419666,2660.9507,2293,7,0,0
Adriatic Sea,2008,août,2309,0.3759973945611464,12170,2.580890909090909,1.9882424317952765,24083.0847,12168,2,0,0
Adriatic Sea,2016,mai,2,3.256798567008631e-4,4,1.72825,1.559575,6.2383,4,0,0,0
Adriatic Sea,1997,mai,15,0.002442598925256473,79,2.4170375,2.1777097916666666,174.2457,79,0,0,0
Adriatic Sea,1999,août,569,0.09265591923139554,3877,2.6490916666666666,2.011611033389815,8060.7593,3875,2,0,0
Adriatic Sea,1982,déc,454,0.07392932747109592,2536,2.227343137254902,1.7189291331232268,4562.1424,2473,49,0,0
Adriatic Sea,1994,mars,2754,0.4484611626770884,29586,2.830711881188119,1.680265683863714,52195.6228,26829,2001,0,0
Adriatic Sea,1995,août,409,0.0666015306953265,1556,2.074746511627907,1.772117940871279,2739.8484,1556,0,0,0
Adriatic Sea,2008,mars,108,0.017586712261846604,549,1.5695700000000001,1.2165110450983567,671.3433,545,4,0,0
Adriatic Sea,2009,avril,1235,0.20110731151278294,9282,3.2285835616438354,2.0216723577285887,22351.3874,8602,615,2,0
Adriatic Sea,2014,sept,627,0.10210063507572056,3274,2.2881755102040815,1.9429601251309687,6221.4634,3254,0,0,0
Adriatic Sea,1996,juin,3186,0.5188080117244749,19689,4.603276,3.3744176919511837,68478.5525,19141,548,0,0
Adriatic Sea,2011,juin,164,0.026705748249470772,1288,3.1930483870967743,2.6751377394779587,3470.5494,1288,0,0,0
Adriatic Sea,2016,août,544,0.08858492102263475,1677,2.4513893617021276,1.9001147425998626,3100.3001,1677,0,0,0
Adriatic Sea,1984,nov,805,0.1310861423220974,4397,2.0956,1.5513421802456129,6910.4333,4326,7,0,0
Adriatic Sea,1984,déc,1070,0.17423872333496174,8421,2.226320588235294,1.6411322264180608,15014.1845,8006,286,0,0
Adriatic Sea,1985,oct,2578,0.4198013352874125,28654,2.4518545454545455,1.8621750980425258,55677.4989,28289,72,0,0
Adriatic Sea,2001,mai,618,0.10063507572056668,2666,3.5571727272727274,2.573083402808475,6986.227,2519,147,0,0
Adriatic Sea,2013,sept,74,0.012050154697931933,427,1.958904761904762,1.7270574577827915,749.8916,427,0,0,0
Adriatic Sea,1990,oct,467,0.07604624653965153,2470,1.6823085714285715,1.4122309555145542,3634.0858,2420,0,0,0
Adriatic Sea,1991,janv,459,0.07474352711284807,3004,1.8007545454545455,1.4263052087653592,4498.1134,2962,0,0,0
Adriatic Sea,1987,juil,85,0.01384139390978668,434,3.0129529411764704,2.5046175787629292,1083.5511,434,0,0,0
Adriatic Sea,1983,janv,876,0.142647777234978,11054,2.398697435897436,1.6444089032922784,18044.2407,10503,383,1,0
Adriatic Sea,1988,mars,213,0.034684904738641914,1041,1.3471675,1.1042431148565786,1185.2914,1030,0,0,0
Adriatic Sea,1994,avril,1629,0.265266243282853,4775,2.0170242105263156,1.5944193921006662,7350.6834,4769,6,0,0
Adriatic Sea,2004,avril,466,0.0758834066113011,3218,1.7589127659574468,1.198550973733015,3877.9477,3200,12,0,0
Adriatic Sea,1989,mars,301,0.04901481843347989,951,1.6199296296296297,1.3571191406289869,1320.2167,938,13,0,0
Adriatic Sea,1989,avril,353,0.05748249470770233,1108,1.5443846153846155,1.3223333396313317,1519.7764,1108,0,0,0
Adriatic Sea,1997,oct,373,0.06073929327471096,2518,2.141226666666667,1.734206902556721,4563.7432,2502,0,0,0
Adriatic Sea,2013,juil,2160,0.3517342452369321,14663,3.1992159574468086,2.1971985984202176,33867.7449,13561,679,0,0
Adriatic Sea,1991,févr,173,0.028171307604624655,718,1.8339793103448276,1.533178706033986,1207.858,540,178,0,0
Adriatic Sea,2000,oct,1343,0.21869402377462954,5140,1.9678391304347826,1.5018069489704096,8161.0919,5054,36,0,0
Adriatic Sea,2008,févr,9,0.0014655593551538837,17,1.0351,0.9473766666666666,15.9382,17,0,0,0
Adriatic Sea,2010,août,686,0.11170819084839603,3671,2.541988888888889,1.9974318620318332,7070.7077,3670,1,0,0
Adriatic Sea,1985,mai,65,0.01058459534277805,325,2.7218375,2.4503750639880955,813.003,325,0,0,0
Adriatic Sea,1993,oct,448,0.07295228790099333,2492,1.793191304347826,1.4711967644839596,3841.6463,2492,0,0,0
Adriatic Sea,2000,févr,116,0.01888943168865006,579,1.39038,1.07137647034507,558.2497,532,47,0,0
Adriatic Sea,1995,juil,949,0.1545350920045595,6779,2.7221527777777776,2.0608255677540317,14305.398,6770,9,0,0
Adriatic Sea,2006,oct,1559,0.25386744829832275,11196,2.203030487804878,1.5947230261111358,19112.5916,10938,14,0,0
Adriatic Sea,1989,févr,14,0.0022797589969060414,70,1.32706,1.0880028888888889,77.1805,70,0,0,0
Adriatic Sea,2006,nov,1559,0.25386744829832275,15405,2.2882130952380955,1.6557965696364756,27040.5078,14758,198,0,0
Adriatic Sea,2007,févr,2611,0.4251750529229767,37588,2.0121329545454545,1.3797920113683209,57714.7503,36685,286,0,0
Adriatic Sea,1991,sept,1047,0.1704934049829018,5438,2.203064864864865,1.8256413054347556,10083.6213,5368,0,0,0
Adriatic Sea,1993,août,83,0.013515714053085817,420,2.1640944444444443,1.7644486553469678,726.8401,420,0,0,0
Adriatic Sea,1997,janv,1,1.6283992835043154e-4,2,1.0074,0.90495,1.8099,2,0,0,0
Adriatic Sea,1997,févr,8,0.0013027194268034523,41,1.0538333333333334,0.8912537878787878,36.4896,41,0,0,0
Adriatic Sea,1986,avril,37,0.006025077348965967,187,2.3719625,1.8343960740740741,347.1859,151,36,0,0
Adriatic Sea,2006,août,865,0.14085653802312328,2099,2.2517853333333333,1.9123540357118503,3987.9027,2099,0,0,0
Adriatic Sea,1993,sept,20,0.0032567985670086306,90,1.9766166666666667,1.7286105593951209,159.37,90,0,0,0
Adriatic Sea,1993,nov,1013,0.16495684741898714,6007,2.179465625,1.6293600245209838,9913.9161,5954,53,0,0
Adriatic Sea,2000,août,1103,0.17961244097052598,8031,2.87206875,2.111469203425254,17899.7229,7860,163,0,0
Adriatic Sea,2017,oct,190,0.03093958638658199,1056,1.8403620689655174,1.5279957552954164,1643.3504,1056,0,0,0
Adriatic Sea,2014,juin,1912,0.3113499430060251,12081,4.787219047619048,3.6245665546474295,47890.7057,9691,2390,0,0
Adriatic Sea,1990,févr,40,0.006513597134017261,156,1.6562,1.4826959112739113,249.5453,156,0,0,0
Adriatic Sea,1994,juil,617,0.10047223579221626,3223,3.8554853658536583,2.71521940518013,8682.2693,3223,0,0,0
Adriatic Sea,1997,sept,1571,0.25582152743852793,11542,2.6100439024390245,2.0082826518974244,23989.3446,11541,0,0,0
Adriatic Sea,1993,déc,212,0.034522064810291485,1148,1.9257969696969697,1.5615868965240942,1867.4646,1126,18,0,0
Adriatic Sea,1999,mars,4,6.513597134017262e-4,20,1.34985,1.2369249999999998,24.738500000000002,20,0,0,0
Adriatic Sea,2006,mai,13,0.00211691906855561,65,3.1673999999999998,2.7039358333333334,173.86610000000002,65,0,0,0
Adriatic Sea,2010,nov,7,0.0011398794984530207,25,1.44932,1.353058,36.071799999999996,25,0,0,0
Adriatic Sea,2010,déc,60,0.009770395701025891,315,1.637675,1.425710642443341,453.716,315,0,0,0
Adriatic Sea,1991,oct,585,0.09526135808500244,2845,2.119667741935484,1.8181688391090003,5031.6329,2831,0,0,0
Adriatic Sea,2004,juin,190,0.03093958638658199,190,2.494142857142857,2.373496864105722,453.3169,190,0,0,0
Adriatic Sea,1992,févr,1,1.6283992835043154e-4,5,1.8356,1.34226,6.7113,5,0,0,0
Adriatic Sea,2006,avril,393,0.06399609184171959,2065,2.2234422222222223,1.7606429360998725,3400.5073,2065,0,0,0
Adriatic Sea,1983,févr,18,0.0029311187103077674,28,1.27132,1.1384848333333335,32.4593,28,0,0,0
Adriatic Sea,2001,août,801,0.13043478260869565,4883,2.58835,2.0418336733344513,10516.5759,4848,34,0,0
Adriatic Sea,2001,sept,201,0.032730825598436736,201,1.8893514285714286,1.801661242019885,367.1339,201,0,0,0
Adriatic Sea,2004,mai,31,0.0050480377788633774,88,2.3922,2.152179373638344,192.8838,88,0,0,0
Adriatic Sea,1992,avril,28,0.004559517993812083,112,2.5262571428571428,2.1514990476190476,242.499,112,0,0,0
Adriatic Sea,1992,mai,28,0.004559517993812083,28,1.979142857142857,1.888422619047619,53.1297,28,0,0,0
Adriatic Sea,1993,mai,919,0.1496498941540466,5498,3.210859677419355,2.68903715282337,14918.975199999999,5491,0,0,0
Adriatic Sea,1995,oct,15,0.002442598925256473,78,1.7359888888888888,1.5265158006535948,116.7756,78,0,0,0
Adriatic Sea,1990,avril,79,0.012864354339684091,421,2.2713277777777776,1.6331637952451064,699.0855,421,0,0,0
Adriatic Sea,1992,oct,483,0.07865168539325842,2180,2.1251617647058825,1.7008266223863355,3907.9924,2179,0,0,0
Adriatic Sea,1999,avril,231,0.03761602344894968,1355,3.496719512195122,2.554186080872422,3966.1039,1111,244,0,0
Adriatic Sea,2004,sept,26,0.00423383813711122,130,1.8415285714285714,1.677789918367347,215.873,130,0,0,0
Adriatic Sea,1988,oct,34,0.005536557563914672,155,1.9289416666666666,1.5686211108324042,251.8538,155,0,0,0
Adriatic Sea,1985,juil,3,4.885197850512946e-4,9,1.8207,1.7236666666666665,15.6491,9,0,0,0
Adriatic Sea,1985,août,3,4.885197850512946e-4,6,1.72715,1.647475,9.9164,6,0,0,0
Adriatic Sea,1986,févr,155,0.025240188894316888,561,1.8169090909090908,1.4482018087802873,837.697,546,15,0,0
Adriatic Sea,1997,mars,665,0.10828855235303697,4969,2.678935714285714,1.9707628989557444,10027.8032,4889,4,0,0
Adriatic Sea,2017,mai,1084,0.17651848233186776,3450,3.5971637931034484,3.0463460586061233,10974.7759,3450,0,0,0
Adriatic Sea,1994,janv,754,0.12278130597622537,6141,2.384471875,1.6904038076057244,10784.6691,5697,240,0,0
Adriatic Sea,2008,oct,75,0.012212994626282364,278,2.2616736842105265,1.8998874774893255,512.6569,278,0,0,0
Adriatic Sea,1985,sept,599,0.09754111708190849,2597,1.9643745098039216,1.7170064123575253,4502.0399,2596,0,0,0
Adriatic Sea,1988,août,9,0.0014655593551538837,49,2.02118,1.7803402222222222,85.9508,49,0,0,0
Adriatic Sea,1994,févr,668,0.10877707213808827,5164,2.246090625,1.5510170997613504,8004.1779,4873,221,0,0
Adriatic Sea,1997,juin,11,0.0017912392118547469,64,3.47396,2.9344441666666667,188.3225,64,0,0,0
Adriatic Sea,1998,nov,603,0.09819247679531021,3903,2.2236810344827584,1.611745344421408,6494.6798,3767,76,0,0
Adriatic Sea,2016,juin,381,0.06204201270151441,1482,3.141652777777778,2.612105391853291,4018.6544,1481,0,0,0
Adriatic Sea,2009,févr,150,0.024425989252564728,1007,1.5091409090909091,1.2718892287384271,1506.9495,997,0,0,0
Adriatic Sea,2005,juin,90,0.014655593551538837,456,3.547245833333333,2.835586229171104,1286.4958,456,0,0,0
Adriatic Sea,1993,juin,108,0.017586712261846604,554,3.963037037037037,3.1738075276129964,1824.9123,548,6,0,0
Adriatic Sea,2017,nov,54,0.008793356130923302,209,1.6225583333333333,1.4390648565879096,306.9942,209,0,0,0
Adriatic Sea,2002,oct,4,6.513597134017262e-4,10,1.2184,1.1854904761904763,11.9322,10,0,0,0
Adriatic Sea,1994,juin,3,4.885197850512946e-4,9,2.47545,2.3850416666666665,21.3943,9,0,0,0
Adriatic Sea,1988,juil,232,0.03777886337730012,1222,2.405657894736842,1.9296220074223818,2359.9107,1221,1,0,0
Adriatic Sea,1992,juil,286,0.04657221950822341,656,2.332296551724138,1.8835632462437497,1265.2516,618,0,0,0
Adriatic Sea,1991,août,31,0.0050480377788633774,155,2.1963153846153847,1.971226923076923,305.7436,155,0,0,0
Adriatic Sea,2014,juil,3,4.885197850512946e-4,15,1.9464000000000001,1.67244,24.9927,15,0,0,0
Adriatic Sea,1998,oct,29,0.004722357922162515,202,1.6398857142857142,1.4769161760496232,300.3336,202,0,0,0
Adriatic Sea,1991,mars,113,0.018400911903598764,646,2.884888888888889,2.4224123055452482,1586.4985,646,0,0,0
Adriatic Sea,1996,nov,51,0.008304836345872008,327,2.51924375,1.9157329730045016,627.5234,314,9,0,0
Adriatic Sea,1998,mai,72,0.01172447484123107,468,5.925316666666666,4.223964095424436,1970.1297,360,108,0,0
Adriatic Sea,2009,déc,32,0.005210877707213809,160,2.6303666666666667,2.129894851851852,346.3268,160,0,0,0
Adriatic Sea,1996,avril,100,0.016283992835043153,529,3.274016666666667,2.6323852856966523,1420.2062,529,0,0,0
Adriatic Sea,2001,juil,82,0.013352874124735386,144,2.381866666666667,2.0936621041472145,311.1299,143,0,0,0
Adriatic Sea,1986,mars,5,8.141996417521578e-4,25,1.4781,1.2211366666666668,30.9467,25,0,0,0
Adriatic Sea,2014,mai,551,0.08972480052108776,1116,3.331077777777778,2.7915323792899556,3121.7044,1115,0,0,0
Adriatic Sea,2010,janv,131,0.02133203061390653,1061,1.8644214285714287,1.5249002778376306,1639.7583,1056,0,0,0
Adriatic Sea,2017,sept,24,0.0039081582804103565,35,1.8059142857142858,1.7505711054421769,60.6922,35,0,0,0
Adriatic Sea,2002,sept,17,0.002768278781957336,94,2.00432,1.8203686785714286,171.275,94,0,0,0
Adriatic Sea,2005,mai,7,0.0011398794984530207,35,3.4816833333333332,2.7323866666666667,95.90559999999999,35,0,0,0
Adriatic Sea,1988,avril,23,0.003745318352059925,115,3.4578333333333333,2.640308722222222,306.0903,115,0,0,0
Levantine Sea,1989,mai,11324,0.5988365943945003,38927,2.5924544715447153,1.7497257402983677,65118.753899999996,36850,2048,0,0
Levantine Sea,1990,déc,8906,0.4709677419354839,86708,2.2877,1.4858041208690316,128437.7218,84588,410,0,0
Levantine Sea,1991,janv,11240,0.5943945002644103,127970,2.2196861788617888,1.3785931022648084,176168.61980000001,122371,1987,0,0
Levantine Sea,1993,déc,4100,0.2168164992067689,31565,2.277588888888889,1.4666141095706156,45583.8122,28770,2016,426,0
Levantine Sea,1994,janv,5138,0.2717080909571655,44359,2.9147,1.4778676493345622,63006.6625,39464,3185,486,29
Levantine Sea,1994,avril,1841,0.09735589635113696,11092,2.268441176470588,1.610300500948205,18553.9429,9977,1101,0,0
Levantine Sea,1994,sept,13768,0.7280803807509254,72667,2.2895910569105693,1.596498370442581,117366.0043,70730,1428,0,0
Levantine Sea,1994,oct,17715,0.9368059227921735,356818,2.937071544715447,1.7598132112944869,613719.5762,316961,28894,36,0
Levantine Sea,1998,avril,6236,0.32977260708619777,37980,2.9745016260162602,1.6643912216773984,59203.2251,30640,6994,308,0
Levantine Sea,1999,avril,1355,0.07165520888418826,2289,1.7291991150442478,1.4395758472074598,3290.0787,2274,15,0,0
Levantine Sea,1999,mai,12651,0.6690111052353253,112915,3.2558536585365854,1.9078792631873354,217314.6754,93399,17659,274,0
Levantine Sea,1999,oct,9060,0.47911158117398206,89985,2.6606524590163936,1.5257639651773671,136807.0927,85659,1697,310,0
Levantine Sea,1999,nov,6287,0.33246959280803806,64731,2.3204638655462184,1.5851191202149053,103017.8694,63454,257,0,0
Levantine Sea,2000,juin,8087,0.42765732416710733,50196,2.7976628099173553,1.8996000918730562,94984.286,49870,280,0,0
Levantine Sea,2000,déc,1405,0.07429931253305129,12860,2.4447408602150538,1.5392542189275333,20769.3187,12235,403,24,0
Levantine Sea,2001,janv,1941,0.10264410364886303,12057,1.9660927083333333,1.3536634184852638,16450.8297,11475,566,0,0
Levantine Sea,2001,mars,18677,0.9876784769962983,230644,2.9587878048780487,1.5673004227391385,358801.2191,179869,43143,667,6
Levantine Sea,2001,avril,9747,0.5154415653093601,63333,2.1861837398373982,1.4098417687301792,87613.5472,57633,1908,0,0
Levantine Sea,2001,juil,752,0.03976731887890005,2414,2.1761233333333334,1.7397505457375309,4648.6967,2396,10,0,0
Levantine Sea,2001,août,5859,0.30983606557377047,41823,2.2951130081300812,1.5935244267652746,69489.2367,41199,68,0,0
Levantine Sea,2001,sept,4801,0.25388683236382864,30161,2.2076537735849056,1.517861257402781,45930.5736,29259,162,0,0
Levantine Sea,2001,oct,7819,0.4134849286092015,80648,2.2307991869918697,1.513490752948692,124334.3007,78401,168,0,0
Levantine Sea,2002,juin,187,0.009888947646747753,987,2.4516424242424244,1.7988961036940125,1808.68,926,61,0,0
Levantine Sea,2002,juil,10544,0.5575885774722369,67953,2.7605661157024795,1.7530676652049104,118109.9446,62306,4394,0,0
Levantine Sea,2003,mai,16990,0.8984664198836595,217680,3.423319512195122,2.063173949798495,448477.4726,182697,31259,21,0
Levantine Sea,2003,juin,9624,0.508937070333157,78572,2.8953561983471072,1.860565837327757,148174.5639,74711,2560,0,0
Levantine Sea,2004,avril,1362,0.07202538339502909,7047,1.991985,1.4110843023510922,9869.4909,6902,145,0,0
Levantine Sea,2004,nov,12942,0.6843997884717081,169303,2.7569235772357725,1.7570999667178806,295227.5134,164412,2035,0,0
Levantine Sea,2005,juil,793,0.041935483870967745,3146,1.7186571428571429,1.4350075843113463,4497.9506,3134,0,0,0
Levantine Sea,2005,août,1778,0.09402432575356955,7995,1.9862265060240964,1.4597559829939604,10841.61,7933,13,0,0
Levantine Sea,2006,juin,11019,0.5827075621364357,54574,3.6038414634146343,2.117129012485486,110689.0871,46505,7860,100,0
Levantine Sea,2007,mars,1144,0.060497091485986254,7177,1.4378842857142857,1.137406826048448,8725.4613,6995,0,0,0
Levantine Sea,2007,août,11882,0.6283447911158118,73021,2.3045349593495934,1.5448639334054501,111385.0515,70021,835,0,0
Levantine Sea,2007,sept,10916,0.577260708619778,62123,2.454221951219512,1.6083490005493506,100612.2384,60032,1488,0,0
Levantine Sea,2008,mars,5477,0.2896351136964569,41385,2.681625675675676,1.332364122420988,55805.6498,38189,2122,59,0
Levantine Sea,2008,avril,5633,0.2978847170809096,35919,2.628037288135593,1.5577132843796249,54958.0609,34534,1064,22,0
Levantine Sea,2008,mai,8554,0.4523532522474881,45951,2.910630701754386,1.8195910455484283,85678.0411,42007,3890,0,0
Levantine Sea,2008,août,3694,0.19534637757800105,15380,2.167889256198347,1.5504672593330031,23943.0121,15137,56,0,0
Levantine Sea,2008,sept,12719,0.672607086197779,148994,2.5929056910569104,1.64744650518683,244944.6042,143724,3009,0,0
Levantine Sea,2008,déc,7319,0.38704389212057116,85570,2.294230088495575,1.474938954775887,131726.9629,81554,802,0,0
Levantine Sea,2009,juin,16466,0.8707562136435748,213954,3.09549756097561,1.855616787723493,390534.7779,204111,4888,0,0
Levantine Sea,2009,juil,10054,0.5316763617133792,98528,2.316680487804878,1.5989481519092539,155051.1461,94729,462,0,0
Levantine Sea,2010,févr,9197,0.4863564251718667,107466,2.0570887931034485,1.2246526146940475,135766.1455,100861,3555,60,2
Levantine Sea,2010,mars,10624,0.5618191433104178,134426,2.463289256198347,1.3430984124811087,181532.4823,120687,9283,113,0
Levantine Sea,2010,mai,15623,0.8261766261237441,173118,3.1151552845528454,1.8269154852647362,308689.2102,159259,8853,0,0
Levantine Sea,2010,sept,16055,0.8490216816499206,313004,2.723578048780488,1.6850987801059305,530739.4398,289178,16074,0,0
Levantine Sea,2010,oct,12657,0.6693283976731889,160371,2.4341861788617885,1.5886254781491815,255464.2904,154235,1639,0,0
Levantine Sea,2010,nov,16881,0.892702273929138,246896,2.7684577235772356,1.8049687222334936,455313.8597,230808,11199,0,0
Levantine Sea,2010,déc,17938,0.9485986250661026,344402,3.0783943089430896,1.880926915088016,646060.3758,293131,42950,16,0
Levantine Sea,2011,janv,16119,0.8524061343204654,377382,2.4141130081300815,1.4862377142124645,568513.1265,347926,15983,0,0
Levantine Sea,2011,févr,15777,0.8343204653622422,310317,2.1861154471544717,1.3309128099881098,428977.7574,266413,32749,48,0
Levantine Sea,2011,sept,8579,0.45367530407191964,92096,2.234627642276423,1.5218483145636847,145911.3625,89757,25,0,0
Levantine Sea,2011,oct,3640,0.19249074563722898,26344,1.8885495934959349,1.4469932514263804,40769.2261,26018,2,0,0
Levantine Sea,2012,mai,15522,0.8208355367530408,175658,2.7480609756097563,1.8236210791653336,310588.9686,168806,4157,0,0
Levantine Sea,2012,juin,17995,0.9516129032258065,210363,3.339577235772358,1.986566119142106,411816.6249,185118,18320,0,0
Levantine Sea,2012,juil,18898,0.9993654151242729,450315,3.440878861788618,1.9943248486621024,901274.9423,367116,68720,337,0
Levantine Sea,2012,août,18805,0.9944473823373876,455781,2.919851219512195,1.8174981721976824,813896.9212,412294,28507,0,0
Levantine Sea,2012,oct,17817,0.942199894235854,322956,2.643863414634146,1.6589102271542007,543463.3307,299057,12244,0,0
Levantine Sea,2012,nov,17512,0.9260708619777895,345305,2.9616853658536586,1.7530285535062005,596852.3373,319720,13060,0,0
Levantine Sea,2012,déc,12015,0.6353781068217874,101693,2.409429752066116,1.574798217635289,161604.8329,95316,5081,0,0
Levantine Sea,2013,mai,18703,0.989053410893707,260632,4.157547967479675,2.3852385275330454,599863.3824,164536,81099,13778,11
Levantine Sea,2014,févr,14378,0.7603384452670545,243457,1.9757681415929202,1.2226051735410437,302788.4825,222701,8500,0,0
Levantine Sea,2014,mars,17009,0.8994711792702275,289891,2.1649666666666665,1.3251775332604712,385042.359,266018,9973,0,0
Levantine Sea,2014,avril,17342,0.9170809095716552,316395,2.7496375,1.5314241228380912,487541.891,280020,18497,0,0
Levantine Sea,2014,mai,11438,0.604865150713908,71660,2.443984210526316,1.681364944703101,123542.4654,68762,2182,0,0
Levantine Sea,2015,août,18393,0.9726599682707562,414870,3.0515,1.843072291120754,800711.8271,304125,99149,685,0
Levantine Sea,2015,sept,18612,0.9842411422527764,427686,2.884882926829268,1.8267818414249775,788762.242,361848,53708,100,0
Levantine Sea,2015,oct,18497,0.9781597038603913,406509,2.7076853658536586,1.6361084247062794,671113.9052,375653,13397,0,0
Levantine Sea,2015,nov,10357,0.5476996298254891,89768,2.2266341463414636,1.5452052527790747,146575.5156,87184,358,0,0
Levantine Sea,2016,févr,11698,0.6186144896879958,83112,1.7680073170731707,1.1579402132495302,96112.9685,79258,1067,0,0
Levantine Sea,2016,mars,15079,0.7974087784241143,158451,2.0436959349593495,1.2770362330222063,200169.7793,151149,2591,0,0
Levantine Sea,2016,avril,18910,1,416780,3.5200146341463414,1.9152568117086923,790146.5259,281115,120897,5257,0
Levantine Sea,2016,mai,13129,0.6942887361184559,89331,2.669278048780488,1.6969433859099794,149013.165,85167,1814,0,0
Levantine Sea,2016,août,11991,0.6341089370703332,143246,2.544528455284553,1.6464968311583361,239268.4111,137300,2640,0,0
Levantine Sea,2016,sept,9719,0.5139608672659969,101357,2.211587804878049,1.5097775778556433,154595.0324,98149,54,0,0
Levantine Sea,2017,mai,13877,0.7338445267054469,131769,3.0848422764227643,1.802185332276192,231944.42799999999,126291,4215,0,0
Levantine Sea,2017,juin,17287,0.9141723955579059,159259,2.7340081300813006,1.7082018433479536,264289.2252,153304,1906,0,0
Levantine Sea,2017,juil,18781,0.9931782125859334,438905,3.6295341463414634,2.014156814150531,871848.5728,360708,62532,153,0
Levantine Sea,2017,août,16831,0.890058170280275,297166,2.775668292682927,1.6771898683557087,493659.9961,271420,11921,0,0
Levantine Sea,2018,févr,12568,0.6646218931782126,182891,1.9869943089430895,1.2464649093125857,233016.0594,173032,6080,0,0
Levantine Sea,2018,mars,17513,0.9261237440507668,346219,2.6650764227642276,1.5106550546342634,516636.8966,294879,37177,11,0
Levantine Sea,2018,avril,18858,0.9972501322051824,483088,3.5210365853658536,1.917232348334107,907071.1442,345403,115421,6671,0
Levantine Sea,2018,mai,18910,1,495482,4.076417073170732,2.431981302376226,1166528.3864,314960,165548,4379,0
Levantine Sea,2018,juin,18910,1,474495,3.6778926829268292,2.242147418471602,1015576.1357,379654,80348,146,0
Levantine Sea,2018,juil,15280,0.8080380750925437,208016,2.648871544715447,1.6910314183390118,347623.1274,196592,2151,0,0
Levantine Sea,2018,août,10044,0.5311475409836066,151639,2.2791,1.4934546751426079,223712.9035,144301,677,0,0
Levantine Sea,2018,sept,17593,0.9303543098889476,278579,2.5348211382113823,1.5574519153474877,438070.4747,269325,2125,0,0
Levantine Sea,2018,oct,16028,0.8475938656795347,293477,2.752849593495935,1.6752451237886814,495795.7514,266802,16505,0,0
Levantine Sea,2018,nov,11955,0.6322051824431518,180224,2.4434520325203253,1.6337318612975584,297220.9907,175111,196,0,0
Levantine Sea,2018,déc,7579,0.4007932310946589,46247,2.24150162601626,1.545133767291329,74185.931,45259,245,0,0
Levantine Sea,2019,juin,18751,0.9915917503966156,300547,3.6456349593495934,2.0742660207173587,608375.0822,250457,38952,49,0
Levantine Sea,2019,juil,16440,0.8693812797461661,298292,3.0995772357723577,1.8172618519883168,547916.4553,258570,30090,35,0
Levantine Sea,2019,août,14920,0.7890005288207298,180381,2.4675048780487807,1.5763863339365953,279677.1843,174307,1548,0,0
Levantine Sea,2019,sept,12162,0.6431517715494448,141586,2.4029439024390244,1.533129244551183,220252.7338,136889,203,0,0
Levantine Sea,2020,avril,1822,0.09635113696456901,10806,2.3510417475728156,1.6155249015942728,17999.1377,10199,587,0,0
Levantine Sea,2020,mai,16638,0.8798519301956637,140016,5.072083739837399,2.509916212500347,346699.819,87731,43526,8233,299
Levantine Sea,2020,juil,7445,0.393707033315706,63364,2.5580074380165287,1.6818559360512526,107011.1967,61405,602,0,0
Levantine Sea,2020,août,10952,0.5791644632469592,76582,2.5519934959349593,1.6213776499391814,120338.637,74808,583,0,0
Levantine Sea,2020,sept,17952,0.9493389740877842,385151,3.067378861788618,1.9229516019862607,742435.8569,308628,66533,205,0
Levantine Sea,2020,oct,18900,0.9994711792702274,540309,3.264291056910569,2.1210223580253995,1140556.3623,359186,174625,106,0
Levantine Sea,2021,janv,17154,0.9071390798519302,387237,2.740847154471545,1.5981716758440525,624389.0913,334591,41678,686,0
Levantine Sea,2021,févr,15793,0.8351665785298784,322192,2.761521138211382,1.4193050928949626,456092.533,272218,40856,1219,0
Levantine Sea,2021,avril,9960,0.5267054468535167,19965,2.283442276422764,1.5415061382617201,30455.4054,19510,431,4,0
Levantine Sea,2021,mai,18836,0.9960867265996828,377799,3.9650032520325205,2.088551515562099,774013.8343,305045,58972,2246,33
Levantine Sea,2021,juin,14618,0.7730301427815971,79603,3.0157772357723576,1.8887324998166186,149740.5793,76665,2195,16,0
Levantine Sea,2021,juil,18207,0.9628239026969857,300642,3.437862601626016,1.8409175869690482,543120.7469,267036,20645,90,0
Levantine Sea,2021,août,16640,0.8799576943416182,282826,3.443538211382114,1.8865388865554382,531708.6691,230487,41225,1663,0
Levantine Sea,2022,juil,16164,0.8547858276044421,208091,3.0168180327868854,1.6843348607326456,349128.9828,201243,3179,26,0
Levantine Sea,2022,août,16855,0.8913273400317293,214280,2.7884544715447155,1.6015251993264026,336693.8058,201340,3512,0,0
Levantine Sea,2023,janv,17995,0.9516129032258065,415267,2.5289447154471545,1.5445370757240562,642892.9583,335654,53341,248,0
Levantine Sea,2023,févr,16142,0.8536224219989423,258196,2.285748780487805,1.319308051403582,343708.8265,221007,30088,13,0
Levantine Sea,2023,mars,17738,0.9380222104706505,409921,2.6115861788617885,1.487273844840197,600930.1177,327796,67715,355,0
Levantine Sea,2023,avril,12047,0.6370703331570597,138100,2.7730059829059828,1.5030376369597014,204559.9796,125182,9686,4,0
Levantine Sea,2023,juil,18819,0.9951877313590692,332948,0.4120390243902439,0.287993494130787,27534.1869,214526,106526,795,0
Levantine Sea,2023,août,18860,0.997355896351137,426184,0.0473479674796748,0.03234916475744992,1045.5498,346453,60606,216,0
Levantine Sea,2023,sept,18810,0.994711792702274,470815,0,0,0,399332,55509,42,0
Levantine Sea,2023,oct,18840,0.9962982548915917,461880,3.02010081300813,1.8120294901253238,824476.7735,411773,40903,36,0
Levantine Sea,2023,nov,18910,1,521071,3.9530195121951217,2.395059685418974,1221910.9486,302982,210696,1887,0
Levantine Sea,2023,déc,17926,0.9479640401903755,492792,3.0947626016260164,1.9427933771055284,949091.2513,396156,89938,245,0
Levantine Sea,1985,janv,5,2.6441036488630354e-4,25,1.1623666666666665,1.0430777777777778,26.082900000000002,25,0,0,0
Levantine Sea,2009,févr,6202,0.3279746166049709,57420,1.8620398058252428,1.1755367653606386,67892.2246,55561,832,0,0
Levantine Sea,2013,janv,1329,0.07028027498677948,5872,1.6414801801801802,1.3093481338082258,7868.8162999999995,5849,1,0,0
Levantine Sea,2014,déc,9921,0.5246430460074035,111192,2.222088524590164,1.456368527675825,165446.8052,107452,910,0,0
Levantine Sea,2017,sept,7787,0.41179270227392917,115988,2.446100819672131,1.5620178844058816,187475.8755,110047,1926,0,0
Levantine Sea,2017,oct,3367,0.1780539397144368,33036,1.8465661157024793,1.4446931201926518,52473.8691,32114,0,0,0
Levantine Sea,2019,nov,16790,0.8878900052882073,347098,2.662904132231405,1.757442534058987,628856.2561,317958,22595,0,0
Levantine Sea,2020,déc,15091,0.7980433632998414,327574,2.8253,1.7092615920408398,577589.7429,289893,29121,188,0
Levantine Sea,2022,juin,18007,0.9522474881015336,273548,3.506205737704918,1.9088070765416305,505901.2909,254672,11457,108,0
Levantine Sea,2022,déc,17331,0.9164992067689054,323854,2.6226245901639342,1.5973956439550374,521874.1347,302480,12736,30,0
Levantine Sea,1982,oct,67,0.0035430988894764675,304,1.6298,1.3663606161809205,431.6608,304,0,0,0
Levantine Sea,2007,juin,10422,0.5511369645690111,67402,2.688742735042735,1.7854572579482786,121004.3622,66118,1276,0,0
Levantine Sea,2007,nov,4275,0.22607086197778953,36929,2.010147899159664,1.5334016373716215,55253.5783,36139,0,0,0
Levantine Sea,2008,juin,14247,0.7534108937070333,101878,2.840397520661157,1.8163134134792043,184884.0343,98062,2769,0,0
Levantine Sea,2008,juil,14534,0.7685880486515072,154678,2.6121371900826444,1.726752700552813,267566.0274,149927,1491,0,0
Levantine Sea,2009,août,6687,0.3536224219989424,65087,2.2310504273504272,1.556778714251074,103455.3869,62961,102,0,0
Levantine Sea,2010,avril,13425,0.7099418297197251,173528,2.4827586776859505,1.5367146475807372,266744.2998,166863,3203,1,0
Levantine Sea,2010,août,16260,0.8598625066102591,282245,3.1845107438016527,1.9710166563637013,565690.0734,212626,63003,41,0
Levantine Sea,2011,mars,14741,0.7795346377578001,290299,2.3260727272727273,1.3344366113200095,398029.5278,264800,14944,428,0
Levantine Sea,2011,août,6000,0.31729243786356426,46965,2.147794214876033,1.478228099484663,72352.9919,46368,52,0,0
Levantine Sea,2016,juin,13768,0.7280803807509254,113863,3.1306380165289256,1.9248797232836263,208977.3475,104775,5582,0,0
Levantine Sea,2016,nov,8506,0.4498149127445796,98949,2.4131365217391303,1.619088676659979,162219.3667,95992,284,0,0
Levantine Sea,2019,déc,13166,0.6962453728186145,204549,2.407322881355932,1.5981066156449375,342357.1417,189997,10859,0,0
Levantine Sea,2020,nov,16262,0.8599682707562136,369198,3.2606685950413223,2.010294078889024,748017.2792,313122,50336,23,0
Levantine Sea,2022,sept,15278,0.8079323109465891,226977,2.5455768595041324,1.5618184753751498,354772.0722,218391,3148,0,0
Levantine Sea,2023,juin,802,0.04241142252776309,2393,1.921626388888889,1.6052941303982406,4098.6443,2390,0,0,0
Levantine Sea,1982,nov,682,0.036065573770491806,3818,1.9521178571428572,1.4408324369954124,5371.7613,3811,7,0,0
Levantine Sea,1991,avril,69,0.003648863035430989,116,1.2405526315789475,1.1724062781954887,132.3071,116,0,0,0
Levantine Sea,1999,sept,6903,0.36504494976203067,55519,2.143371590909091,1.4607194179418,80759.1391,53878,181,0,0
Levantine Sea,2006,mai,6862,0.362876784769963,20501,2.5799091666666665,1.9254515098713183,38487.544,20296,135,0,0
Levantine Sea,2014,janv,5700,0.30142781597038604,45100,1.8633736842105264,1.2265781716357766,55124.8075,43522,251,0,0
Levantine Sea,2019,mai,3443,0.18207297726070862,15990,2.9801041666666666,1.9881205192464704,33590.143000000004,13909,1864,0,0
Levantine Sea,2021,nov,5931,0.31364357482813326,65079,2.2649254545454545,1.6257108452818143,103840.9549,63937,91,0,0
Levantine Sea,2021,déc,5449,0.28815441565309363,41098,2.0880034188034187,1.4842090172617335,61314.9443,40001,42,0,0
Levantine Sea,1991,févr,973,0.05145425700687467,5151,1.5148817073170733,1.1642410542347086,6532.0723,5018,110,0,0
Levantine Sea,1994,nov,3395,0.1795346377578001,15857,2.236129411764706,1.6128339504973066,25866.3976,14548,321,0,0
Levantine Sea,1995,juin,4579,0.2421470121628768,32596,2.4433581196581198,1.7389203657300187,56031.457,31401,367,0,0
Levantine Sea,2003,janv,2300,0.12162876784769963,16779,1.7593505263157894,1.2790703525654705,21743.6693,16438,96,0,0
Levantine Sea,2003,juil,12930,0.683765203595981,107031,2.8121237288135594,1.788582275114725,194617.3629,99078,5394,0,0
Levantine Sea,2003,août,6100,0.3225806451612903,48899,2.31893025210084,1.5539143233733876,75824.2192,47383,697,0,0
Levantine Sea,2007,juil,10897,0.57625594923321,79911,2.945744537815126,1.7752320919780986,147562.2117,68242,10988,136,0
Levantine Sea,2016,oct,7362,0.3893178212585933,79830,2.1530379310344827,1.4969656302497363,122720.3502,78101,127,0,0
Levantine Sea,2022,oct,9258,0.48958223162347964,87117,2.273032773109244,1.4977601707829626,129030.8396,84873,428,0,0
Levantine Sea,1982,janv,381,0.02014806980433633,2657,1.5201152173913044,1.2510990604074046,3650.4610000000002,2637,0,0,0
Levantine Sea,1989,avril,12217,0.6460602855631941,77828,3.0413398305084747,1.8066744099716867,137960.68230000001,65056,11035,234,0
Levantine Sea,1990,nov,4538,0.2399788471708091,28644,2.021494936708861,1.4788813908654712,42699.1005,28434,0,0,0
Levantine Sea,1993,oct,1377,0.072818614489688,10072,2.2365975308641977,1.500238321522146,15941.1687,9387,282,17,0
Levantine Sea,1993,nov,933,0.04933897408778424,5104,2.350094594594595,1.538238131125033,7920.7806,4945,146,0,0
Levantine Sea,1997,janv,5933,0.3137493389740878,72268,2.2500309734513273,1.4125964652124283,105312.6001,68298,2198,0,0
Levantine Sea,1997,mai,3073,0.16250661025912216,19408,2.550915841584158,1.800887118818296,34952.6685,19318,52,0,0
Levantine Sea,1997,juil,5297,0.28011634056054996,30772,2.3164372881355932,1.7601652876353184,54202.8198,30767,2,0,0
Levantine Sea,1998,août,13538,0.7159175039661555,166604,3.0400296610169493,1.796421532530354,301733.4814,144999,17394,0,0
Levantine Sea,1999,juin,5442,0.28778424114225276,50717,2.832124347826087,1.8869185329748919,98075.7077,47997,1288,0,0
Levantine Sea,1999,août,6921,0.36599682707562137,53543,2.2779466101694914,1.5406944457681828,81466.2851,52824,33,0,0
Levantine Sea,2002,mars,4606,0.24357482813326284,33950,1.962706779661017,1.283014314294624,44367.0309,32144,1164,1,0
Levantine Sea,2002,août,10310,0.5452141723955579,78775,2.5705910714285714,1.6784242319909544,130292.8918,75172,2411,2,0
Levantine Sea,2002,sept,2841,0.15023796932839767,26246,2.013563076923077,1.4343104767883665,37227.9276,25578,61,0,0
Levantine Sea,2002,oct,2633,0.13923849814912745,24168,1.9674659793814433,1.4860733699455206,36631.6248,23497,0,0,0
Levantine Sea,2003,sept,1234,0.06525647805393972,4722,2.396424418604651,1.8134780389455016,9024.0953,4372,312,0,0
Levantine Sea,2004,oct,4679,0.24743521946060285,25938,2.1678830508474576,1.5894823739147572,44961.506,25255,81,0,0
Levantine Sea,2005,févr,133,0.007033315705975674,554,1.935775,1.547987825933777,884.4411,552,0,0,0
Levantine Sea,2005,mars,105,0.005552617662612374,562,2.1992210526315787,1.6672050872163848,879.6131,524,38,0,0
Levantine Sea,2005,déc,344,0.018191433104177684,3093,1.6637964285714286,1.321399335380256,4205.4552,2984,0,0,0
Levantine Sea,2006,juil,1083,0.05727128503437335,1914,2.0562238095238095,1.7451008430330757,3467.7352,1897,17,0,0
Levantine Sea,2009,oct,7059,0.37329455314648335,74187,2.2200205128205126,1.5532264516894845,113951.3988,72472,121,0,0
Levantine Sea,2010,janv,5269,0.2786356425171867,55237,1.9976703389830508,1.3667800027429553,77609.7333,53398,334,0,0
Levantine Sea,2010,juin,5119,0.27070333157059756,31094,2.806654700854701,1.8912192920174853,61194.7474,28702,2381,0,0
Levantine Sea,2010,juil,4445,0.23506081438392384,38449,2.221016216216216,1.597394748657098,58290.6561,38095,122,0,0
Levantine Sea,2011,juil,6077,0.32136435748281333,38415,2.426772033898305,1.632980535679495,64102.3213,37272,309,0,0
Levantine Sea,2012,avril,1243,0.06573241671073506,2874,1.7640579710144928,1.4293087365502952,4019.4987,2873,1,0,0
Levantine Sea,2012,sept,12902,0.6822845055526177,146923,2.5076228813559323,1.6353172012597856,243546.965,138530,5299,0,0
Levantine Sea,2013,févr,1033,0.054627181385510315,6009,1.4158,1.0944437166710335,6516.9173,5943,0,0,0
Levantine Sea,2013,sept,1610,0.08514013749338974,9907,1.7435654761904762,1.3936739324611822,13993.0996,9858,0,0,0
Levantine Sea,2013,nov,2139,0.11311475409836065,17288,1.8960666666666666,1.3929244646344974,24003.1009,16916,44,0,0
Levantine Sea,2013,déc,1446,0.07646747752511898,6532,1.570874647887324,1.2998680504377482,7976.4392,6462,3,0,0
Levantine Sea,2014,sept,8020,0.4241142252776309,79838,2.2319881355932205,1.5559546994570168,122623.3895,78032,15,0,0
Levantine Sea,2015,mars,2723,0.14399788471708092,24445,1.5260144329896908,1.1571254362489294,28891.0136,24139,0,0,0
Levantine Sea,2015,juil,7493,0.3962453728186145,40816,2.2056051724137933,1.6102657753690242,67967.1099,38733,1029,0,0
Levantine Sea,2015,déc,5541,0.2930195663670016,56888,2.104807,1.4263456252640205,83925.6374,55386,160,0,0
Levantine Sea,2016,juil,17055,0.9019037546271814,206489,2.687715254237288,1.7409357537416004,356810.4842,200957,1541,0,0
Levantine Sea,2017,mars,2686,0.14204124801692228,20283,1.6673795454545455,1.1960374290293092,23744.7749,19710,108,0,0
Levantine Sea,2017,avril,3024,0.15991538868323638,11696,1.8453721153846154,1.363909161264055,15655.8104,11581,10,0,0
Levantine Sea,2017,déc,3608,0.19079851930195663,36967,1.8659614678899084,1.3862220429383214,54225.4379,35605,605,0,0
Levantine Sea,2019,oct,14313,0.7569011105235326,256820,2.467270338983051,1.5866307394281172,418493.9904,244617,4438,0,0
Levantine Sea,2020,janv,2283,0.1207297726070862,16158,1.93184,1.3625598349512125,24331.8333,15233,559,10,0
Levantine Sea,2021,mars,9032,0.47763088313061874,57786,1.9016533898305086,1.2973703747173648,74112.239,55478,1406,0,0
Levantine Sea,2021,sept,9314,0.49254362771020627,80265,2.5051228813559323,1.607696052917339,128541.2746,77119,1422,0,0
Levantine Sea,2021,oct,2182,0.11538868323638286,18208,1.775823275862069,1.3747288056257874,26075.5133,17981,43,0,0
Levantine Sea,2022,avril,2044,0.10809095716552089,11226,2.4497489795918366,1.6548754571472433,18826.5748,10783,443,0,0
Levantine Sea,2022,mai,8531,0.4511369645690111,40305,3.1747677966101695,2.0752684064184446,84233.1354,34365,5539,0,0
Levantine Sea,2022,nov,7870,0.4161819143310418,101981,2.325710169491525,1.567006158974828,164607.5634,98612,242,0,0
Levantine Sea,1988,juil,1326,0.0701216287678477,7321,1.9302434782608695,1.5178148701587009,11387.9979,7311,0,0,0
Levantine Sea,1997,févr,3630,0.19196192490745637,36841,1.7726841584158415,1.2018306625084534,46298.3029,35554,699,0,0
Levantine Sea,2001,févr,1258,0.06652564780539397,7919,1.445086170212766,1.0843312724901344,8970.9695,7816,33,0,0
Levantine Sea,2003,nov,2896,0.153146483342147,22318,2.123679411764706,1.4940062575465547,35176.606,21863,225,0,0
Levantine Sea,2003,déc,2519,0.13320994182971974,14872,1.9460893333333333,1.4477729417765524,21254.6014,14570,206,0,0
Levantine Sea,2006,août,3036,0.16054997355896353,21095,2.0541797979797978,1.4577274471957173,29057.7691,21002,49,0,0
Levantine Sea,2013,mars,1028,0.05436277102062401,5617,1.38086,1.1101022124888933,6362.8866,5603,0,0,0
Levantine Sea,2013,avril,14167,0.7491803278688525,55135,2.899765811965812,1.6852690962151382,93662.2847,48605,6392,131,0
Levantine Sea,2014,août,5325,0.2815970386039133,35472,2.1456666666666666,1.496311995564299,55897.7002,34770,54,0,0
Levantine Sea,1990,mai,3000,0.15864621893178213,17008,2.5398424242424245,1.752706897100052,30745.9655,16189,819,0,0
Levantine Sea,1995,mai,1778,0.09402432575356955,11683,2.798680303030303,1.9206024126825243,24373.9192,10499,799,0,0
Levantine Sea,1995,juil,1780,0.09413008989952407,12383,2.06525873015873,1.47844130195541,18390.7664,12345,38,0,0
Levantine Sea,1995,août,432,0.022845055526176626,3029,1.6301576923076924,1.3160332537086459,4267.3857,3029,0,0,0
Levantine Sea,1995,sept,680,0.03595980962453728,5579,1.7939578947368422,1.3607011058613703,7579.1582,5392,12,0,0
Levantine Sea,1997,juin,5439,0.287625594923321,29796,2.5232852173913045,1.7266196497779056,52464.9291,29435,259,0,0
Levantine Sea,1998,sept,6500,0.3437334743521946,55288,2.574211206896552,1.5226501751986574,82879.0616,53004,1228,5,0
Levantine Sea,2002,déc,3216,0.17006874669487043,17774,2.153770476190476,1.5372138213590436,27499.501800000002,17238,138,0,0
Levantine Sea,2003,oct,950,0.05023796932839767,3796,1.867478787878788,1.503965335461259,5784.7,3794,0,0,0
Levantine Sea,2004,mars,8,4.2305658381808567e-4,13,1.8546,1.716257142857143,22.264400000000002,13,0,0,0
Levantine Sea,2009,nov,1664,0.08799576943416182,2668,1.844067032967033,1.5135586293710601,4339.7509,2634,31,0,0
Levantine Sea,2017,févr,1478,0.07815970386039132,9020,1.2966188679245283,1.0421661326617244,9451.9478,8915,0,0,0
Levantine Sea,2020,juin,29,0.0015335801163405605,174,1.8876833333333334,1.5486095238095239,275.4973,174,0,0,0
Levantine Sea,1985,févr,443,0.023426758328926493,2361,1.3285725490196079,1.0907136086173486,2719.5934,2359,2,0,0
Levantine Sea,1986,sept,630,0.033315705975674244,3642,1.7198271428571428,1.4314404910644096,5565.245,3614,0,0,0
Levantine Sea,1994,mai,8367,0.4424643046007404,55035,3.121790434782609,2.0805227178611885,117800.3553,49830,5192,0,0
Levantine Sea,1998,déc,6740,0.35642517186673717,88621,2.3762313043478263,1.5826918567842834,147502.3446,85376,933,0,0
Levantine Sea,1999,mars,2499,0.1321523003701745,15632,1.4050051546391753,1.1110510700630676,17604.2726,15523,2,0,0
Levantine Sea,2004,sept,344,0.018191433104177684,2074,1.9105147058823528,1.5499899893273226,3459.0523,1987,0,0,0
Levantine Sea,2014,juil,809,0.042781597038603916,4653,1.9480022727272728,1.5651999522936302,7323.8744,4653,0,0,0
Levantine Sea,2020,mars,213,0.01126388154415653,1293,1.3657945945945946,1.127267289776619,1427.0002,1233,0,0,0
Levantine Sea,1990,juin,1365,0.07218402961396087,1525,2.1568890243902437,1.8726331765360549,2821.4058,1525,0,0,0
Levantine Sea,1998,juil,1341,0.0709148598625066,3892,2.14859125,1.6833267294652745,6680.9316,3889,0,0,0
Levantine Sea,2011,juin,2504,0.1324167107350608,14604,2.350222549019608,1.7300351243211978,25755.9911,14564,40,0,0
Levantine Sea,2013,août,1571,0.08307773664727658,10813,1.8094078651685392,1.4414016428560454,16369.5668,10613,102,0,0
Levantine Sea,1991,mars,1602,0.08471708090957165,8989,1.6942840579710146,1.209558545792727,11340.1114,8963,23,0,0
Levantine Sea,1995,mars,658,0.034796404019037545,3481,1.5891678571428571,1.1778635915453555,4345.599,3408,4,0,0
Levantine Sea,2000,juil,7407,0.39169751454257007,58167,2.8705357142857144,1.7952167095743665,109425.8345,55844,2289,6,0
Levantine Sea,2000,nov,2004,0.10597567424643047,19056,2.068489247311828,1.5993518557469195,32636.0933,18799,0,0,0
Levantine Sea,2014,oct,2358,0.12469592808038076,23547,1.8275182926829268,1.3841360953008348,32248.8878,23054,0,0,0
Levantine Sea,2015,janv,5845,0.30909571655208884,44603,1.7351274336283187,1.2880687152803656,60377.7043,43950,208,0,0
Levantine Sea,1989,juin,80,0.004230565838180857,445,1.8681666666666668,1.4887101596397714,686.3815,445,0,0,0
Levantine Sea,1998,nov,5991,0.3168164992067689,62286,2.22626,1.5743118514240684,101601.2229,59827,170,0,0
Levantine Sea,2004,juil,3033,0.16039132734003173,19270,2.1809576923076923,1.5997208171072588,31284.6415,18998,8,0,0
Levantine Sea,2016,déc,1159,0.06129032258064516,8062,1.7338253164556963,1.4060128900871747,11844.3919,7889,0,0,0
Levantine Sea,1983,juil,37,0.0019566367001586462,185,1.521488888888889,1.2971771111111112,239.2202,185,0,0,0
Levantine Sea,1986,avril,2559,0.13532522474881015,17276,1.7945009900990099,1.3371234771177736,23831.5727,17056,116,0,0
Levantine Sea,2002,mai,394,0.02083553675304072,1336,1.7028234042553192,1.4107383053218192,1917.5468,1332,4,0,0
Levantine Sea,2003,févr,946,0.05002644103648863,4342,1.4109029411764706,1.1450864341911393,5131.5831,4297,0,0,0
Levantine Sea,2006,sept,1305,0.06901110523532522,7152,1.8653413043478262,1.4330723750422634,11021.7639,7116,0,0,0
Levantine Sea,2008,janv,3105,0.1641988365943945,27060,2.090608163265306,1.3658074515164487,37512.7498,26202,373,0,0
Levantine Sea,2014,juin,254,0.01343204653622422,772,1.8462842105263157,1.5841107812728208,1186.7912000000001,772,0,0,0
Levantine Sea,2016,janv,2391,0.12644103648863037,13906,1.6942644444444444,1.2712776731393451,17358.6983,13453,59,0,0
Levantine Sea,2018,janv,4447,0.23516657852987838,50406,1.8563174311926607,1.300266212702117,71826.751,47214,2231,0,0
Levantine Sea,1986,févr,772,0.040824960338445265,3880,1.4919694915254238,1.1181954307131867,4565.2162,3658,217,0,0
Levantine Sea,1986,mars,1602,0.08471708090957165,6481,1.3963154639175257,1.1624997201203777,7665.8069000000005,6447,0,0,0
Levantine Sea,1990,juil,24,0.001269169751454257,142,2.2938199999999997,1.6939638755723765,244.96189999999999,138,4,0,0
Levantine Sea,2000,août,431,0.022792173453199366,831,1.7723275862068966,1.5605116499902796,1333.4052,831,0,0,0
Levantine Sea,2002,nov,5103,0.2698572184029614,47992,2.412183333333333,1.539505793795481,77659.754,46794,164,0,0
Levantine Sea,2023,mai,206,0.010893707033315707,378,1.51091875,1.2872344822598676,509.4469,376,0,0,0
Levantine Sea,1987,juil,173,0.009148598625066102,879,2.247665,1.6161298401490924,1412.485,877,2,0,0
Levantine Sea,1990,avril,1543,0.08159703860391328,9012,2.04225,1.3256842320052402,11954.1801,8946,66,0,0
Levantine Sea,1993,sept,23,0.0012162876784769963,115,1.9773625,1.6899904583333334,192.48160000000001,115,0,0,0
Levantine Sea,1994,févr,873,0.0461660497091486,4860,1.708772131147541,1.1901738494191134,5918.2463,4639,207,0,0
Levantine Sea,1995,févr,813,0.04299312533051296,5570,1.6998473684210527,1.2169953194850898,7545.7583,5412,66,0,0
Levantine Sea,1998,mars,621,0.0328397673188789,3324,1.432480701754386,1.1275371614432814,3757.3643,3302,0,0,0
Levantine Sea,2001,mai,1029,0.05441565309360127,2709,2.1939714285714285,1.7780879552373476,4773.0524,2699,10,0,0
Levantine Sea,2007,oct,2826,0.14944473823373877,15478,1.8321461538461539,1.3969330070105597,22820.3969,15003,11,0,0
Levantine Sea,2015,mai,4014,0.21226864093072448,28188,2.4739027777777776,1.6724023713641962,47745.9759,27736,196,0,0
Levantine Sea,1994,juin,5896,0.31179270227392913,8991,2.4356981308411214,1.8546894604980202,17177.0947,8906,85,0,0
Levantine Sea,2001,juin,892,0.047170809095716554,3494,2.112810344827586,1.7009573857099993,6091.3365,3494,0,0,0
Levantine Sea,2007,déc,2327,0.12305658381808567,19223,1.889039603960396,1.4411496516674698,28932.6327,18905,3,0,0
Levantine Sea,2008,févr,1262,0.06673717609730301,8439,1.7299854838709678,1.2146988930737053,10434.6274,8207,151,0,0
Levantine Sea,1998,oct,3616,0.19122157588577474,40411,1.9193823529411764,1.4309390354441593,59366.0968,39046,25,0,0
Levantine Sea,1999,déc,3527,0.1865150713907985,36209,2.1027025316455696,1.4147895026081214,54496.564,35173,38,0,0
Levantine Sea,2008,nov,3602,0.19048122686409308,36631,2.1182504672897196,1.545454849028917,60078.464,35754,18,0,0
Levantine Sea,2013,juin,2631,0.13913273400317291,16086,2.0351489583333335,1.5659240076082919,25321.2521,16083,3,0,0
Levantine Sea,1998,févr,1554,0.08217874140666315,9542,1.7466725806451613,1.2276228928091926,11902.838,9415,81,0,0
Levantine Sea,2009,janv,770,0.040719196192490745,4486,1.815516923076923,1.3140551296541265,5910.2702,4459,24,0,0
Levantine Sea,2009,mai,1597,0.08445267054468535,5494,2.1878760416666667,1.7628341295186574,10051.55,5494,0,0,0
Levantine Sea,1988,août,42,0.0022210470650449498,270,1.61932,1.3352965793650793,363.42560000000003,270,0,0,0
Levantine Sea,2000,mai,488,0.025806451612903226,2930,2.2050508771929827,1.6915799003282497,5061.258,2790,140,0,0
Levantine Sea,2005,oct,1018,0.053833950290851404,7425,1.8965317460317461,1.490419563367341,10824.0456,7309,0,0,0
Levantine Sea,2006,janv,495,0.02617662612374405,4647,1.4505222222222223,1.192745971424173,6152.8975,4520,0,0,0
Levantine Sea,2011,avril,5951,0.3147012162876785,40570,1.850960576923077,1.3068483352280653,54902.0111,39200,117,0,0
Levantine Sea,2014,nov,2380,0.12585933368588048,20926,2.04168064516129,1.5685603758389817,32967.5281,20439,0,0,0
Levantine Sea,1994,mars,969,0.05124272871496563,6387,1.4276246376811594,1.1544605270999444,7639.1024,6354,0,0,0
Levantine Sea,1998,janv,815,0.04309888947646748,6360,1.7073260000000001,1.345617481941363,8815.3831,6169,0,0,0
Levantine Sea,1984,déc,6,3.1729243786356425e-4,30,1.292125,1.1830675,35.647800000000004,30,0,0,0
Levantine Sea,2006,oct,2040,0.10787942887361185,18035,1.98404578313253,1.4475894882124594,26818.2323,17775,0,0,0
Levantine Sea,2009,sept,1634,0.086409307244844,11212,1.9789703296703296,1.5050492571834098,17941.684,11046,0,0,0
Levantine Sea,1993,mai,226,0.01195134849286092,574,2.1409541666666665,1.7564776817050407,1009.5622,567,7,0,0
Levantine Sea,1993,juin,256,0.013537810682178741,926,2.095144827586207,1.7285319666580197,1611.5693,908,18,0,0
Levantine Sea,2001,nov,1058,0.05594923320994183,10846,2.581323333333333,1.5506708550967299,20259.4988,9951,502,42,1
Levantine Sea,2002,avril,299,0.01581173982020095,896,1.6092552631578947,1.3419133947035518,1119.9681,896,0,0,0
Levantine Sea,2004,déc,369,0.0195134849286092,3748,1.7545461538461538,1.3387857155574798,6287.0329,3577,19,0,0
Levantine Sea,2019,janv,1018,0.053833950290851404,3806,1.672868888888889,1.330848096794143,5560.0937,3744,2,0,0
Levantine Sea,1996,déc,1618,0.08556319407720783,15241,1.9428063291139241,1.4293432590690356,22904.2528,14713,47,0,0
Levantine Sea,2005,juin,159,0.008408249603384453,808,1.905547619047619,1.6209639769831685,1314.9729,808,0,0,0
Levantine Sea,2007,févr,245,0.012956107879428873,1213,1.5274962962962964,1.22792225685731,1696.3046,1212,1,0,0
Levantine Sea,2020,févr,998,0.052776308831306185,10969,1.542470909090909,1.148714331641781,13301.0076,10399,311,0,0
Levantine Sea,2002,févr,1519,0.08032786885245902,9183,1.4777104651162791,1.1344518307106601,10559.206,8988,27,0,0
Levantine Sea,2005,nov,87,0.004600740349021682,367,1.416057142857143,1.19417168792517,441.2971,367,0,0,0
Levantine Sea,2006,févr,173,0.009148598625066102,1004,1.3073296296296295,1.0857561955783115,1142.3318,1004,0,0,0
Levantine Sea,2013,oct,462,0.024431517715494448,3350,1.7053073170731707,1.4183585223811073,4918.311,3334,0,0,0
Levantine Sea,1988,févr,103,0.005446853516657853,549,1.4920310344827588,1.154433261203812,639.0171,541,8,0,0
Levantine Sea,1989,déc,160,0.008461131676361713,987,1.676648,1.2580737876697157,1276.3586,957,17,0,0
Levantine Sea,1994,août,688,0.03638286620835537,4939,1.85656875,1.4457646306159546,7288.7299,4858,1,0,0
Levantine Sea,1992,nov,223,0.011792702273929138,1026,1.8145875,1.5652840630546965,1638.7746,1021,0,0,0
Levantine Sea,2005,sept,646,0.034161819143310415,2635,1.7436472727272727,1.4205056246947274,3789.444,2635,0,0,0
Levantine Sea,1999,juil,2351,0.12432575356953993,21424,2.255878313253012,1.6439928792602083,38750.6827,20986,217,0,0
Levantine Sea,1987,oct,109,0.005764145954521417,330,1.610342105263158,1.4014627493734335,446.9321,330,0,0,0
Levantine Sea,1999,janv,4508,0.2383923849814913,46909,2.1410351648351647,1.402799219406085,69786.3114,45086,748,0,0
Levantine Sea,1999,févr,3436,0.1817028027498678,23883,1.7872164835164834,1.2026379080352838,29515.2185,23449,190,0,0
Levantine Sea,2009,mars,497,0.026282390269698572,2243,1.2539425,1.0782772393062454,2436.8079,2243,0,0,0
Levantine Sea,1986,janv,41,0.002168164992067689,129,1.2461777777777778,1.091518273208273,140.7805,129,0,0,0
Levantine Sea,2004,janv,1,5.288207297726071e-5,5,1.1908,1.0534999999999999,5.2675,5,0,0,0
Levantine Sea,1995,oct,9,4.759386567953464e-4,17,1.54405,1.4625416666666666,25.7996,17,0,0,0
Levantine Sea,2017,nov,728,0.0384981491274458,7606,1.9305755102040816,1.575394116169009,13002.5373,7089,0,0,0
Levantine Sea,1996,nov,230,0.012162876784769964,881,1.779275,1.552363842755596,1373.9674,845,0,0,0
Levantine Sea,1997,mars,1030,0.05446853516657853,7613,1.4457339285714286,1.1641810765723688,8774.6768,7592,0,0,0
Levantine Sea,2015,févr,5172,0.2735060814383924,69830,1.7556344827586208,1.1969901388545485,84733.44499999999,67007,778,0,0
Levantine Sea,2000,janv,1095,0.05790586991010047,5035,2.248774074074074,1.5397796642593762,8230.5098,4559,362,27,0
Levantine Sea,2006,mars,186,0.009836065573770491,1036,1.5867619047619048,1.209716563168062,1285.8958,1032,0,0,0
Levantine Sea,1985,déc,10,5.288207297726071e-4,50,1.12456,1.064296,53.282399999999996,50,0,0,0
Levantine Sea,2004,août,98,0.0051824431517715494,293,1.676294117647059,1.4851224823751255,432.5818,289,0,0,0
Levantine Sea,2019,mars,973,0.05145425700687467,6329,1.5009661538461538,1.1737887891329868,7670.9304,6302,0,0,0
Levantine Sea,2005,janv,454,0.024008461131676363,5424,2.34624,1.4907412440437315,9588.9012,4966,247,0,0
Levantine Sea,1988,janv,61,0.0032258064516129032,341,1.6536,1.2663240983048814,433.6743,336,5,0,0
Levantine Sea,2007,janv,158,0.008355367530407193,713,1.6142294117647058,1.3510394282013434,964.7523,709,0,0,0
Levantine Sea,2013,juil,429,0.022686409307244845,2653,1.9920333333333333,1.618068633901823,4407.5584,2653,0,0,0
Levantine Sea,1990,janv,335,0.017715494447382338,2556,1.4843142857142857,1.2199745824897015,3264.0925,2556,0,0,0
Levantine Sea,1996,juin,213,0.01126388154415653,1405,1.8268884615384615,1.5690042979887722,2201.7428,1405,0,0,0
Levantine Sea,1997,déc,203,0.010735060814383924,1000,1.742788888888889,1.4678958622141025,1445.9172,987,0,0,0
Levantine Sea,1990,févr,110,0.005817028027498678,605,1.4591222222222222,1.1539505143983022,709.1625,590,15,0,0
Levantine Sea,1990,mars,28,0.0014806980433632998,142,1.3056777777777777,1.1178653343397744,161.9795,142,0,0,0
Levantine Sea,2011,mai,108,0.0057112638815441565,108,1.508988888888889,1.468756056119806,159.0439,108,0,0,0
Levantine Sea,1986,oct,258,0.013643574828133262,406,1.5058687499999999,1.4146950812815657,555.9698,406,0,0,0
Levantine Sea,1982,févr,49,0.0025912215758857747,166,1.2805222222222221,1.1629753863502752,195.0446,166,0,0,0
Levantine Sea,1988,sept,19,0.0010047593865679535,99,1.397,1.2232329554473305,121.2803,99,0,0,0
Levantine Sea,2007,mai,20,0.0010576414595452142,100,2.40585,1.6847631666666667,177.0737,98,2,0,0
Levantine Sea,1985,août,2,1.0576414595452142e-4,12,1.2076500000000001,1.1395166666666667,13.674199999999999,12,0,0,0
Levantine Sea,2006,déc,77,0.004071919619249074,454,1.844046153846154,1.544726147159229,731.1743,453,0,0,0
Levantine Sea,1996,oct,86,0.004547858276044421,532,1.7481909090909091,1.3286451336398266,724.3063,532,0,0,0
Levantine Sea,1997,nov,40,0.0021152829190904283,157,1.70735,1.4139617274235268,221.6837,157,0,0,0
Levantine Sea,2000,févr,71,0.0037546271813855103,387,1.8604615384615384,1.4834293009439816,571.8916,387,0,0,0
Levantine Sea,2011,déc,46,0.0024325753569539926,242,1.4977,1.371323492562267,339.316,242,0,0,0
Levantine Sea,2002,janv,298,0.01575885774722369,1512,1.645935,1.3250740065512983,1899.0271,1503,0,0,0
Levantine Sea,2008,oct,657,0.034743521946060285,3982,1.7746583333333334,1.446645527653277,5986.2333,3942,0,0,0
Levantine Sea,2009,déc,632,0.03342147012162877,2631,2.8617089285714288,1.9081719990596668,4822.0588,2152,356,22,0
Levantine Sea,1990,oct,55,0.002908514013749339,157,1.5297166666666666,1.345263998280022,214.9874,157,0,0,0
Levantine Sea,2001,déc,280,0.014806980433632998,1564,2.176741935483871,1.5775057345350785,2499.2054,1545,16,0,0
Levantine Sea,1987,août,63,0.0033315705975674246,315,1.8197181818181818,1.4768538513708513,457.6282,315,0,0,0
Levantine Sea,1987,sept,302,0.015970386039132735,2031,1.9356481481481482,1.4600821322952455,3067.5444,1996,10,0,0
Levantine Sea,1994,déc,25,0.0013220518244315177,25,1.5088285714285714,1.4260802380952382,36.5144,25,0,0,0
Levantine Sea,1995,janv,27,0.0014278159703860391,111,1.747925,1.4894631249999999,165.7634,111,0,0,0
Levantine Sea,2006,avril,76,0.004019037546271814,425,1.768775,1.3366355899109386,576.7942,425,0,0,0
Levantine Sea,1986,août,16,8.461131676361713e-4,64,1.43422,1.22305625,78.0577,64,0,0,0
Levantine Sea,2007,avril,121,0.006398730830248545,937,1.5237857142857143,1.2486534232282525,1189.0323,920,0,0,0
Levantine Sea,2011,nov,144,0.007615018508725542,847,1.8435866666666667,1.5890225586062254,1363.8306,834,0,0,0
Levantine Sea,1995,déc,49,0.0025912215758857747,505,1.9921600000000002,1.5292267015735215,808.8656,505,0,0,0
Levantine Sea,2012,mars,5,2.6441036488630354e-4,15,0.9656,0.9285722222222222,14.0037,15,0,0,0
Levantine Sea,1991,nov,383,0.020253833950290852,2301,1.9076368421052632,1.6413652536048955,3850.108,2301,0,0,0
Levantine Sea,1995,nov,29,0.0015335801163405605,208,2.206025,1.7151356536501094,361.8303,205,0,0,0
Levantine Sea,1996,sept,7,3.7017451084082496e-4,7,1.1738,1.1422611111111112,7.988300000000001,7,0,0,0
Levantine Sea,2019,avril,64,0.0033844526705446853,250,1.4298375,1.2435358417145594,305.9586,250,0,0,0
Levantine Sea,2022,janv,2682,0.14182971972501324,29903,2.1170133333333334,1.4340308481932726,44385.4633,29055,404,0,0
Levantine Sea,1992,oct,89,0.004706504494976203,272,2.0339,1.733483430812128,460.5945,272,0,0,0
Levantine Sea,1992,août,1,5.288207297726071e-5,3,1.2223,1.1984,3.5952,3,0,0,0
Levantine Sea,1992,sept,23,0.0012162876784769963,116,1.7161666666666666,1.410856700300728,167.8763,116,0,0,0
Levantine Sea,1991,déc,29,0.0015335801163405605,113,1.89685,1.6723982196969698,190.0448,113,0,0,0
Levantine Sea,2015,avril,1,5.288207297726071e-5,5,1.1035,1.00706,5.0352999999999994,5,0,0,0
Levantine Sea,2022,févr,1465,0.07747223691168693,13780,1.8242851063829788,1.188156751434052,17333.1705,13174,279,0,0
Levantine Sea,2022,mars,495,0.02617662612374405,1160,1.3128463414634146,1.1124926980311862,1339.2475,1160,0,0,0
Levantine Sea,2019,févr,912,0.048228450555261766,6094,1.4314347826086957,1.0716299300883385,6472.1679,6025,5,0,0
Levantine Sea,2012,févr,21,0.0011105235325224749,128,1.2331166666666666,1.0303789902627718,133.1299,128,0,0,0
Levantine Sea,1987,févr,2,1.0576414595452142e-4,10,1.2939,1.03278,10.3278,10,0,0,0
Levantine Sea,2017,janv,14,7.403490216816499e-4,70,1.26976,1.070491,75.1281,70,0,0,0
Levantine Sea,2009,avril,40,0.0021152829190904283,200,1.5339800000000001,1.2795033095238095,256.9563,200,0,0,0
Levantine Sea,1985,sept,24,0.001269169751454257,133,1.82885,1.5423268196386946,207.2018,133,0,0,0
Levantine Sea,1984,févr,115,0.006081438392384982,653,1.3339714285714286,1.0872031361297751,718.2471,653,0,0,0
Levantine Sea,1985,oct,10,5.288207297726071e-4,50,1.788925,1.4847904166666668,75.01050000000001,50,0,0,0
Levantine Sea,1996,juil,97,0.005129561078794288,538,1.9923458333333333,1.6379355136991203,876.9676,538,0,0,0
Levantine Sea,1998,juin,186,0.009836065573770491,910,2.213612,1.7768987304312336,1670.886,910,0,0,0
Levantine Sea,2012,janv,13,6.874669487043892e-4,52,1.5367250000000001,1.4117723958333332,73.4273,52,0,0,0
Levantine Sea,1984,janv,219,0.011581173982020096,1436,1.6789307692307691,1.4041545591998537,2052.273,1436,0,0,0
Levantine Sea,1996,mai,129,0.006821787414066631,775,2.32505,1.8238038850356304,1321.8127,775,0,0,0
Levantine Sea,2006,nov,26,0.0013749338974087784,58,1.74157,1.5929319166666667,94.2553,58,0,0,0
Levantine Sea,2000,oct,101,0.005341089370703331,796,2.0868,1.6788271864183788,1342.9494,781,0,0,0
Levantine Sea,1984,mars,26,0.0013749338974087784,151,1.40086,1.1671206949891066,175.1897,151,0,0,0
Tunisian Plateau/Gulf of Sidra,1992,nov,447,0.028926422053970103,4482,1.6714777777777778,1.3219492770183467,6621.7267,4377,0,0,0
Tunisian Plateau/Gulf of Sidra,1992,déc,615,0.0397980974568045,4005,1.6184949152542374,1.2541937764823834,5171.6158,3988,17,0,0
Tunisian Plateau/Gulf of Sidra,1993,déc,7021,0.45434543454345433,61230,2.7950201754385966,1.432137624784629,88764.2266,51699,7373,588,0
Tunisian Plateau/Gulf of Sidra,1994,janv,2761,0.1786708082572963,26485,2.0405018867924527,1.2851964857946245,34884.175,23824,1902,2,0
Tunisian Plateau/Gulf of Sidra,1994,mai,7880,0.509933346275804,51865,3.6307355371900827,2.3080949915282583,117456.0008,46539,4811,21,0
Tunisian Plateau/Gulf of Sidra,1994,juin,3167,0.20494402381414611,14172,2.9140513043478262,2.0470737631664724,28673.033,13621,202,0,0
Tunisian Plateau/Gulf of Sidra,1994,août,12663,0.819452533488643,149519,2.690628057553957,1.60598804791961,240424.6859,140258,4323,0,0
Tunisian Plateau/Gulf of Sidra,1994,sept,8492,0.5495373066718436,51698,2.052724193548387,1.4079139091872166,71761.51209999999,50175,378,0,0
Tunisian Plateau/Gulf of Sidra,1997,juin,8300,0.53711253478289,55956,3.5183626016260163,2.2860217754718524,130892.8076,50779,5051,116,0
Tunisian Plateau/Gulf of Sidra,1998,août,3470,0.22455186695140103,36412,2.3901823529411765,1.5358738730120947,54236.9849,35113,377,0,0
Tunisian Plateau/Gulf of Sidra,1998,sept,1828,0.11829418235941241,12907,2.0904116279069767,1.472001892049397,19505.4766,12358,239,0,0
Tunisian Plateau/Gulf of Sidra,1999,mai,12342,0.7986798679867987,132820,3.4913454545454545,2.030616571895721,266243.0904,114806,15151,91,0
Tunisian Plateau/Gulf of Sidra,1999,juin,14670,0.9493302271403611,193226,3.9223610169491527,2.379786250126197,464481.3607,170157,19877,376,0
Tunisian Plateau/Gulf of Sidra,1999,sept,14399,0.9317931793179318,254966,2.400910071942446,1.4526160650768496,369662.1789,233643,2695,59,0
Tunisian Plateau/Gulf of Sidra,1999,oct,14828,0.9595547790073125,279780,2.8153323741007195,1.5516356764036023,435678.0545,258257,11624,104,0
Tunisian Plateau/Gulf of Sidra,1999,nov,13763,0.890636122435773,184702,2.7220776119402985,1.6228779496117856,297283.3387,169150,10796,0,0
Tunisian Plateau/Gulf of Sidra,2000,déc,8677,0.5615090920856791,97059,1.9695968503937007,1.2544381709736974,127565.72260000001,93131,1705,0,0
Tunisian Plateau/Gulf of Sidra,2001,janv,7136,0.46178735520610886,64375,1.8882438095238094,1.3193680966509016,87306.8835,61573,1954,0,0
Tunisian Plateau/Gulf of Sidra,2001,mars,11131,0.7203132077913673,104689,2.9478051470588236,1.5550631460170075,166987.0759,75106,26980,1331,7
Tunisian Plateau/Gulf of Sidra,2001,avril,4143,0.2681032809163269,19545,1.8620290909090909,1.2710710444513589,25246.3006,18408,525,0,0
Tunisian Plateau/Gulf of Sidra,2001,mai,411,0.026596777324791303,1201,2.2366489361702127,1.7356837762031667,2002.8671,1148,53,0,0
Tunisian Plateau/Gulf of Sidra,2001,juin,346,0.0223904743415518,1514,2.14352,1.7353726816884698,2906.7336,1508,6,0,0
Tunisian Plateau/Gulf of Sidra,2001,août,861,0.055717336439526303,873,2.0594229166666667,1.7645888438235247,1492.5337,873,0,0,0
Tunisian Plateau/Gulf of Sidra,2001,sept,4180,0.27049763799909404,40047,2.4933831460674156,1.5893058452690458,64413.9633,37799,1281,0,0
Tunisian Plateau/Gulf of Sidra,2002,févr,3001,0.19420177311848832,11360,1.456088775510204,1.1131166141433295,13285.1119,11097,59,0,0
Tunisian Plateau/Gulf of Sidra,2002,mars,4980,0.32226752086973404,40650,2.0345084905660378,1.2457104407259885,55250.5398,36798,3155,31,0
Tunisian Plateau/Gulf of Sidra,2002,avril,1338,0.08658512910114541,3659,1.8101736842105263,1.3758272111431142,5419.7539,3607,52,0,0
Tunisian Plateau/Gulf of Sidra,2002,mai,3382,0.21885717983563063,19598,2.413871,1.6763887296339715,31473.4619,19353,162,6,0
Tunisian Plateau/Gulf of Sidra,2002,juil,3646,0.23594124118294182,27834,3.034149425287356,2.037323093971251,58170.8344,21821,5860,3,0
Tunisian Plateau/Gulf of Sidra,2002,nov,1248,0.08076101727819841,8127,1.7356405405405406,1.2273638968946579,10829.6113,8013,47,0,0
Tunisian Plateau/Gulf of Sidra,2003,juil,15426,0.9982527664531159,365745,3.8090978417266186,2.2897770343736177,838550.7821,281098,67346,156,0
Tunisian Plateau/Gulf of Sidra,2003,août,15355,0.9936581893483466,406915,3.160948201438849,1.8623928552746882,731489.1769,345268,48431,184,0
Tunisian Plateau/Gulf of Sidra,2003,sept,12747,0.8248883711900602,76403,2.6424654676258994,1.6999679911328502,125578.9087,63628,10869,0,0
Tunisian Plateau/Gulf of Sidra,2003,oct,11746,0.7601113052481718,127027,2.478611881188119,1.4654800860372883,184743.4634,118565,5555,0,0
Tunisian Plateau/Gulf of Sidra,2003,nov,11322,0.7326732673267327,151426,2.1808686274509803,1.4093601124009125,210184.0873,144941,1833,0,0
Tunisian Plateau/Gulf of Sidra,2004,nov,5484,0.35488254707823724,30113,1.9204496402877698,1.4109500937940167,44858.5893,29380,8,0,0
Tunisian Plateau/Gulf of Sidra,2005,mai,206,0.013330744839189801,1040,2.2217236842105264,1.7055037404737279,1734.3589,1034,6,0,0
Tunisian Plateau/Gulf of Sidra,2006,oct,847,0.0548113634892901,4428,1.6187959595959596,1.3319414159429759,5863.4214,4415,0,0,0
Tunisian Plateau/Gulf of Sidra,2006,nov,2216,0.14340257555167282,11759,1.754535652173913,1.3249546218184978,15447.4273,10997,48,0,0
Tunisian Plateau/Gulf of Sidra,2006,déc,9212,0.5961302012554197,155137,2.2558359712230214,1.3628659666225718,229547.5207,139350,9873,0,0
Tunisian Plateau/Gulf of Sidra,2007,janv,10347,0.6695787225781401,196385,2.124578417266187,1.3394124838301098,284155.4861,170240,16147,14,0
Tunisian Plateau/Gulf of Sidra,2007,févr,11185,0.7238076748851355,198406,2.1601561151079136,1.348843815479619,284399.4335,181773,7616,0,0
Tunisian Plateau/Gulf of Sidra,2007,mars,13328,0.8624862486248625,164504,2.333971942446043,1.395608225008085,235202.1358,152812,8894,0,0
Tunisian Plateau/Gulf of Sidra,2008,avril,1330,0.08606743027243902,7328,1.939304,1.315402048387937,9534.5499,7138,64,3,0
Tunisian Plateau/Gulf of Sidra,2008,mai,3536,0.22882288228822883,19355,2.3606984251968504,1.6592691289932655,34908.1796,18781,546,0,0
Tunisian Plateau/Gulf of Sidra,2008,juil,11526,0.7458745874587459,109114,2.8999757575757577,1.980758759757352,220408.5123,106663,633,0,0
Tunisian Plateau/Gulf of Sidra,2010,févr,6486,0.41972432537371385,39591,2.233878431372549,1.4021579252529686,52836.486,39063,468,0,0
Tunisian Plateau/Gulf of Sidra,2010,mars,10212,0.6608425548437197,145035,2.222688617886179,1.2825503075704843,189109.8088,135504,1200,0,0
Tunisian Plateau/Gulf of Sidra,2010,avril,14535,0.9405940594059407,202180,2.6364417266187052,1.569825113440099,326466.2906,173033,22705,13,0
Tunisian Plateau/Gulf of Sidra,2010,mai,13744,0.8894065877175953,95394,2.706319424460432,1.6895409377483912,168244.2717,88434,4105,59,0
Tunisian Plateau/Gulf of Sidra,2010,juin,3609,0.2335468841001747,24309,3.3817906976744188,2.1940255583273576,57283.5876,21243,3066,0,0
Tunisian Plateau/Gulf of Sidra,2010,juil,7584,0.49077848961366727,55409,2.601539024390244,1.764486938124406,101853.9181,52380,2551,0,0
Tunisian Plateau/Gulf of Sidra,2010,août,2714,0.17562932763864622,16328,1.9893285714285713,1.4812998547008378,23793.0547,16290,18,0,0
Tunisian Plateau/Gulf of Sidra,2010,sept,732,0.047369442826635605,973,1.4965338461538462,1.3229491482508995,1317.6847,973,0,0,0
Tunisian Plateau/Gulf of Sidra,2010,nov,1763,0.11408787937617292,10392,1.4941442857142857,1.1532336696782262,13326.6633,10141,0,0,0
Tunisian Plateau/Gulf of Sidra,2010,déc,7300,0.47240018119459004,73026,1.7199531914893618,1.2304516849545932,94173.7738,72241,32,0,0
Tunisian Plateau/Gulf of Sidra,2011,janv,10303,0.6667313790202549,155007,1.9662119266055045,1.2402716016866508,195373.5377,146473,1924,0,0
Tunisian Plateau/Gulf of Sidra,2011,févr,11621,0.7520222610496343,208648,2.064482857142857,1.3462307807744578,278799.9604,196000,4766,0,0
Tunisian Plateau/Gulf of Sidra,2011,juil,5652,0.36575422248107164,38940,2.8489203883495144,1.9040427840733805,72835.4621,35488,3388,0,0
Tunisian Plateau/Gulf of Sidra,2011,août,217,0.014042580728661101,1023,1.716327777777778,1.4784653380005843,1735.2473,1019,0,0,0
Tunisian Plateau/Gulf of Sidra,2011,sept,6384,0.4131236653077072,53450,1.989062,1.3966198821466942,74381.6802,52929,20,0,0
Tunisian Plateau/Gulf of Sidra,2011,oct,332,0.0214845013913156,2229,1.767191836734694,1.3115808196207714,3037.7657,2123,102,0,0
Tunisian Plateau/Gulf of Sidra,2012,juin,14926,0.9658965896589659,220083,3.1845143884892084,2.2213966168115946,501228.5336,214181,862,0,0
Tunisian Plateau/Gulf of Sidra,2012,juil,15298,0.9899695851938135,295415,3.6331776978417265,2.221769369611876,657195.2383,265975,21946,0,0
Tunisian Plateau/Gulf of Sidra,2012,août,15448,0.9996764382320585,295645,2.507248201438849,1.6446507455252426,471283.0862,281896,3563,0,0
Tunisian Plateau/Gulf of Sidra,2012,sept,13613,0.880929269397528,101658,2.0037579831932772,1.383634111103472,138829.7941,99638,261,0,0
Tunisian Plateau/Gulf of Sidra,2012,oct,14899,0.9641493561120817,377276,2.46987890625,1.626296277975363,616683.0017,340716,28039,0,0
Tunisian Plateau/Gulf of Sidra,2012,nov,15069,0.9751504562220928,356524,2.4936359712230214,1.6090613392880861,605170.0653,302597,45655,0,0
Tunisian Plateau/Gulf of Sidra,2012,déc,9804,0.6344399145796933,67617,1.790962015503876,1.3103952121878266,94153.0922,66100,379,0,0
Tunisian Plateau/Gulf of Sidra,2014,janv,7027,0.45473370866498414,88555,1.6621840909090908,1.142439956444324,106110.8706,83463,1287,0,0
Tunisian Plateau/Gulf of Sidra,2014,févr,7592,0.49129618844237366,102868,1.741283185840708,1.177067914426475,126866.1725,95143,3767,0,0
Tunisian Plateau/Gulf of Sidra,2014,avril,8023,0.519187212838931,73550,2.1234863636363634,1.3558543242756753,99342.3244,69500,2104,0,0
Tunisian Plateau/Gulf of Sidra,2015,mai,14580,0.9435061153174141,173892,3.1696547445255474,1.9050385690600458,346224.8919,146582,25448,348,0
Tunisian Plateau/Gulf of Sidra,2015,août,15431,0.9985763282210574,298011,2.9249280575539567,1.818292286565095,536521.2834,247768,46440,3,0
Tunisian Plateau/Gulf of Sidra,2015,oct,8616,0.5575616385167929,100125,1.8728302752293577,1.3167495680961834,133746.3907,96936,40,0,0
Tunisian Plateau/Gulf of Sidra,2015,nov,6482,0.4194654759593606,64093,1.997525,1.37630639751953,87702.5663,62838,321,0,0
Tunisian Plateau/Gulf of Sidra,2015,déc,5219,0.33773377337733773,43940,1.6987934782608696,1.2133888219475513,54513.3851,42265,408,0,0
Tunisian Plateau/Gulf of Sidra,2016,janv,10248,0.6631721995728984,142059,1.9038776978417267,1.271132017519642,183604.5301,133761,3957,0,0
Tunisian Plateau/Gulf of Sidra,2016,févr,8933,0.578075454604284,109423,1.8654561151079136,1.2509233381774538,137812.1041,104588,931,0,0
Tunisian Plateau/Gulf of Sidra,2016,mars,11871,0.7682003494467093,159124,2.1504258992805756,1.2358759894173437,199153.1384,151009,4352,30,0
Tunisian Plateau/Gulf of Sidra,2016,avril,13618,0.8812528311654695,192417,2.6131223021582732,1.5182129591106457,301000.6955,159893,25453,298,0
Tunisian Plateau/Gulf of Sidra,2016,mai,6808,0.44056170322914645,38902,2.232974074074074,1.5721223843339462,63177.7555,37598,989,0,0
Tunisian Plateau/Gulf of Sidra,2016,juin,1084,0.07014819128971721,8099,2.598076923076923,1.7945945949397772,14613.0463,7657,317,0,0
Tunisian Plateau/Gulf of Sidra,2016,oct,9906,0.6410405746456999,106186,2.2005379562043794,1.459117901954271,151254.1865,101392,1762,0,0
Tunisian Plateau/Gulf of Sidra,2016,nov,10302,0.6666666666666666,184071,2.3705014705882355,1.415398644528395,263441.7291,171262,5500,548,0
Tunisian Plateau/Gulf of Sidra,2016,déc,11053,0.71526564421148,183303,2.0240388489208634,1.307166693858637,244699.4189,173886,2746,0,0
Tunisian Plateau/Gulf of Sidra,2017,mars,6066,0.39254513686662784,48247,1.696294890510949,1.1599640886929843,57214.8044,47939,16,0,0
Tunisian Plateau/Gulf of Sidra,2017,mai,10543,0.682262343881447,75585,3.004919424460432,1.9190598782494226,142047.4951,70922,3513,116,0
Tunisian Plateau/Gulf of Sidra,2017,août,15256,0.9872516663431049,210575,2.9494913669064746,1.7333115831302561,353463.3961,180927,24345,0,0
Tunisian Plateau/Gulf of Sidra,2018,févr,1941,0.1256066783148903,19394,1.4551063157894737,1.0852743558320004,22733.8347,17941,834,0,0
Tunisian Plateau/Gulf of Sidra,2018,mars,9270,0.5998835177635411,106472,2.302672727272727,1.3359880345514945,146221.75460000001,99818,5471,6,0
Tunisian Plateau/Gulf of Sidra,2018,avril,13536,0.8759464181712289,111412,2.7543856115107914,1.6383688264455238,181166.5314,90385,16456,218,0
Tunisian Plateau/Gulf of Sidra,2018,mai,11419,0.7389503656247978,156326,2.6134055555555555,1.7728039256305739,277051.2726,147372,1870,0,0
Tunisian Plateau/Gulf of Sidra,2018,juin,11246,0.7277551284540219,152556,3.214726119402985,2.0747740793728324,327262.5105,139636,7025,0,0
Tunisian Plateau/Gulf of Sidra,2018,juil,10528,0.6812916585776224,75194,2.4623071942446044,1.6101213171199058,121074.6333,73576,52,0,0
Tunisian Plateau/Gulf of Sidra,2018,août,13893,0.899048728402252,191576,2.4098539568345325,1.5268372620379262,278663.6276,184383,220,0,0
Tunisian Plateau/Gulf of Sidra,2018,sept,14980,0.9693910567527341,319121,2.4789669064748203,1.6017183289435009,507441.9711,288356,22626,0,0
Tunisian Plateau/Gulf of Sidra,2019,juin,14413,0.932699152268168,153556,3.293639568345324,2.210865489707601,355058.16730000003,148909,1122,0,0
Tunisian Plateau/Gulf of Sidra,2019,juil,14965,0.9684203714489096,241023,3.808048201438849,2.2755938851839,566661.6919,206149,30033,0,0
Tunisian Plateau/Gulf of Sidra,2019,août,12921,0.8361483207144244,134666,2.7431064748201437,1.5515948583204655,211061.6219,126973,2583,4,0
Tunisian Plateau/Gulf of Sidra,2020,mai,15354,0.9935934769947583,237103,3.8731877697841726,1.9363979058501999,471967.0646,203083,28651,1785,19
Tunisian Plateau/Gulf of Sidra,2020,août,13782,0.8918656571539507,142328,2.9234956834532375,1.70687055409781,217929.2037,129972,5630,0,0
Tunisian Plateau/Gulf of Sidra,2020,sept,7877,0.5097392092150391,49161,2.121363309352518,1.4482810734442275,69898.3203,48287,339,0,0
Tunisian Plateau/Gulf of Sidra,2020,oct,9317,0.6029249983821912,125117,2.1909938053097346,1.3933225899273773,177467.4006,118121,3285,0,0
Tunisian Plateau/Gulf of Sidra,2020,nov,6661,0.43104898725166635,80094,2.1383648,1.37008527958625,109676.1682,76586,973,0,0
Tunisian Plateau/Gulf of Sidra,2020,déc,5963,0.3858797644470329,51358,1.7100055118110236,1.2534221548015372,69133.4676,49973,241,0,0
Tunisian Plateau/Gulf of Sidra,2021,févr,9248,0.5984598459845984,141829,2.5289414414414413,1.3111093777724805,186319.0776,130665,5668,643,0
Tunisian Plateau/Gulf of Sidra,2021,mars,9739,0.6302336115964537,84239,1.872946762589928,1.2538142194258934,106021.5223,78182,2818,0,0
Tunisian Plateau/Gulf of Sidra,2021,avril,9189,0.5946418171228888,39600,2.350201438848921,1.4049359269621262,53944.722,38381,1024,73,1
Tunisian Plateau/Gulf of Sidra,2021,mai,5276,0.3414223775318708,46691,3.1758069306930694,1.8044651382663475,87121.5073,41012,4685,345,11
Tunisian Plateau/Gulf of Sidra,2021,juin,9761,0.6316572833753964,60062,4.160006349206349,2.5418712505261305,167946.6471,43055,15777,1139,0
Tunisian Plateau/Gulf of Sidra,2021,juil,12488,0.8081278716106904,159616,4.217839855072464,2.326333465306484,379137.2769,123594,26992,2311,0
Tunisian Plateau/Gulf of Sidra,2021,août,14651,0.9481006924221834,272080,3.3316320610687025,1.8784900508268423,502473.3444,203067,59031,275,0
Tunisian Plateau/Gulf of Sidra,2021,sept,11234,0.7269785802109623,146188,2.47386690647482,1.582427357805574,232932.5522,127952,11537,0,0
Tunisian Plateau/Gulf of Sidra,2022,juin,15453,1,426162,4.568213669064749,2.682496459795754,1153313.0558,327464,87981,2838,0
Tunisian Plateau/Gulf of Sidra,2022,juil,15453,1,390228,4.21578345323741,2.557677991386428,997695.816,265310,122159,563,0
Tunisian Plateau/Gulf of Sidra,2022,août,15306,0.99048728402252,446198,3.5628158273381296,2.107003441200102,888411.125,322392,118926,411,0
Tunisian Plateau/Gulf of Sidra,2022,sept,14912,0.9649906167087297,364048,3.2019525179856116,1.9090034320111298,670042.6193,272657,82712,2529,0
Tunisian Plateau/Gulf of Sidra,2022,nov,9712,0.6284863780495696,130833,2.279061870503597,1.4810948293144734,204275.4661,126538,1933,0,0
Tunisian Plateau/Gulf of Sidra,2022,déc,15308,0.9906167087296965,262210,2.556235251798561,1.4583236021651553,392470.1294,228137,27828,620,0
Tunisian Plateau/Gulf of Sidra,2023,janv,15434,0.9987704652818223,410107,2.8499625899280576,1.6551989025041995,689455.4586,238254,146528,2939,0
Tunisian Plateau/Gulf of Sidra,2023,févr,13092,0.8472141331780236,228515,2.1241420289855073,1.3364136081028977,307061.0983,207694,12994,13,0
Tunisian Plateau/Gulf of Sidra,2023,mars,15154,0.9806510062770983,389151,2.756553237410072,1.543975005423219,617708.9815999999,290330,86780,85,0
Tunisian Plateau/Gulf of Sidra,2023,avril,14445,0.9347699475829936,249397,2.9078913669064748,1.5324907146609927,378934.8214,208311,29229,142,0
Tunisian Plateau/Gulf of Sidra,2023,mai,10261,0.6640134601695463,70984,3.0015575539568347,1.7674669332296813,128181.3878,61478,7181,0,0
Tunisian Plateau/Gulf of Sidra,2023,juil,15453,1,322759,0.14374388489208634,0.08901124905332763,7249.3517,159160,134041,17762,15
Tunisian Plateau/Gulf of Sidra,2023,août,15442,0.9992881641105287,190824,0.3156561151079137,0.23070809903573675,4135.0892,136248,43981,736,0
Tunisian Plateau/Gulf of Sidra,2023,sept,5828,0.37714359671261244,41321,1.4815575539568346,1.043050653266769,38870.2768,39900,952,0,0
Tunisian Plateau/Gulf of Sidra,2023,oct,15416,0.9976056429172329,255770,2.484930215827338,1.652092460625307,413903.1259,241380,8986,0,0
Tunisian Plateau/Gulf of Sidra,2023,nov,15452,0.9999352876464117,430016,2.9697115107913667,1.9151361576556052,837523.7076,296147,126887,1663,0
Tunisian Plateau/Gulf of Sidra,2023,déc,13363,0.864751181000453,298887,2.5152388489208635,1.4894503941796764,458573.2994,242855,48774,287,0
Tunisian Plateau/Gulf of Sidra,1990,nov,12161,0.7869669319873164,110850,2.1345904411764707,1.4221222579907906,161223.5486,108148,153,0,0
Tunisian Plateau/Gulf of Sidra,1990,déc,1223,0.0791432084384909,7005,1.5615342857142858,1.2783550790140898,8699.4189,6881,0,0,0
Tunisian Plateau/Gulf of Sidra,2002,oct,303,0.0196078431372549,561,1.2785877551020408,1.163331708686918,740.3226,561,0,0,0
Tunisian Plateau/Gulf of Sidra,2013,déc,1606,0.10392803986280981,10855,1.455941836734694,1.154188397360428,13161.4959,10646,0,0,0
Tunisian Plateau/Gulf of Sidra,2016,sept,727,0.0470458810586941,5723,1.740189705882353,1.3910637121965157,8045.5726,5648,0,0,0
Tunisian Plateau/Gulf of Sidra,2017,juil,6474,0.41894777713065423,44237,2.7008340579710146,1.7875317586987154,76203.7711,43938,48,0,0
Tunisian Plateau/Gulf of Sidra,1998,mai,370,0.023943570827671002,1850,2.0960153846153844,1.6142083676866115,3035.4346,1847,3,0,0
Tunisian Plateau/Gulf of Sidra,2003,juin,13619,0.8813175435190578,187210,3.826094890510949,2.3201700545064976,449531.8748,174193,6277,6,0
Tunisian Plateau/Gulf of Sidra,2005,juil,2851,0.18449492008024332,7570,2.49541015625,1.8946381512368387,13896.2328,7552,0,0,0
Tunisian Plateau/Gulf of Sidra,2007,juin,12156,0.7866433702193749,88784,3.4413,2.2891044567987158,216236.5237,84335,4190,0,0
Tunisian Plateau/Gulf of Sidra,2007,juil,3064,0.19827865139455123,16501,2.4472222222222224,1.8585641167330555,31051.8064,16464,34,0,0
Tunisian Plateau/Gulf of Sidra,2008,juin,4148,0.2684268426842684,20889,2.7233022727272727,2.033221560927821,42545.1841,20863,8,0,0
Tunisian Plateau/Gulf of Sidra,2008,sept,13714,0.8874652171099463,161116,2.5071554744525546,1.5666578449490984,251064.6248,152179,5964,16,0
Tunisian Plateau/Gulf of Sidra,2008,oct,556,0.035980068595094804,1747,1.6765575342465753,1.4343647310631147,2642.1082,1713,0,0,0
Tunisian Plateau/Gulf of Sidra,2014,mai,2058,0.13317802368472142,15897,2.3563272727272726,1.6164863612456635,26767.8535,14895,327,0,0
Tunisian Plateau/Gulf of Sidra,2017,sept,1682,0.1088461787355206,8652,1.7048989247311828,1.2714174349158347,10944.3479,8291,0,0,0
Tunisian Plateau/Gulf of Sidra,2022,mai,12501,0.8089691322073383,90339,3.28497299270073,1.9932010363515311,183909.5928,83346,3526,0,0
Tunisian Plateau/Gulf of Sidra,2022,oct,9599,0.6211738820940917,170909,2.4544934306569344,1.5231960420618946,262109.0631,164162,3252,0,0
Tunisian Plateau/Gulf of Sidra,2003,janv,3022,0.19556073254384262,44677,1.8281938271604938,1.2607813989230898,59368.4415,43106,395,0,0
Tunisian Plateau/Gulf of Sidra,2006,août,6769,0.4380379214392027,36511,2.415371304347826,1.750533159336349,66000.2724,34929,1342,0,0
Tunisian Plateau/Gulf of Sidra,2016,juil,5587,0.36154791949783216,40620,2.448624489795918,1.7896944425601338,72984.4171,40267,97,0,0
Tunisian Plateau/Gulf of Sidra,2021,janv,7414,0.4797773895036562,116294,1.789973831775701,1.2286285067966636,149545.487,112940,955,0,0
Tunisian Plateau/Gulf of Sidra,2005,août,1333,0.0862615673332039,5964,2.1750805555555557,1.5891329206411042,9403.2321,5896,65,0,0
Tunisian Plateau/Gulf of Sidra,2009,juin,8054,0.5211932958001683,51559,3.2100707692307693,2.109725200316979,105742.1119,50870,251,0,0
Tunisian Plateau/Gulf of Sidra,2018,oct,3927,0.25412541254125415,30351,1.7907761904761905,1.2556096027244348,37507.0514,29416,148,0,0
Tunisian Plateau/Gulf of Sidra,2020,févr,7186,0.46502297288552386,84484,1.9304320610687022,1.1930606938148565,110337.6883,81597,656,0,0
Tunisian Plateau/Gulf of Sidra,2020,mars,7321,0.47375914061994434,70364,1.9456515151515152,1.1947531015031878,90777.0284,68085,396,0,0
Tunisian Plateau/Gulf of Sidra,2023,juin,2413,0.15615090920856792,14833,2.767033070866142,2.068431765413482,31600.4005,14758,0,0,0
Tunisian Plateau/Gulf of Sidra,1990,oct,7724,0.49983821911602927,60263,2.018539837398374,1.4157435402878424,91120.8805,59039,0,0,0
Tunisian Plateau/Gulf of Sidra,1995,sept,273,0.017666472529605903,1543,1.65996,1.2559792434682726,1955.4531,1536,6,0,0
Tunisian Plateau/Gulf of Sidra,2001,oct,14051,0.9092732802692034,246984,2.906171641791045,1.6218426492023692,388235.7348,230672,6673,95,48
Tunisian Plateau/Gulf of Sidra,2001,nov,7272,0.47058823529411764,30731,2.2772129770992366,1.4788147466182715,45410.7907,28921,171,23,0
Tunisian Plateau/Gulf of Sidra,2001,févr,3033,0.19627256843331392,23725,1.6330484210526315,1.1971457278814497,28894.4859,23360,141,0,0
Tunisian Plateau/Gulf of Sidra,2002,janv,168,0.0108716754028344,406,1.3010371428571428,1.1205571185798329,459.093,406,0,0,0
Tunisian Plateau/Gulf of Sidra,2009,juil,7564,0.48948424254190126,54951,3.183506766917293,2.1277953106397667,116812.0323,53996,593,0,0
Tunisian Plateau/Gulf of Sidra,2011,avril,10187,0.6592247460040122,86513,2.1556834586466165,1.3216494515211572,116630.912,82933,2353,0,0
Tunisian Plateau/Gulf of Sidra,2013,avril,10258,0.6638193231087814,79264,2.434884962406015,1.5316230052714115,122649.2213,68871,9516,529,0
Tunisian Plateau/Gulf of Sidra,2019,nov,4615,0.29864751181000454,62850,1.7780235849056605,1.3659826581551275,95359.3586,60364,157,0,0
Tunisian Plateau/Gulf of Sidra,2019,déc,2878,0.18624215362712743,31726,1.523183950617284,1.1555587629911193,40704.2458,30863,3,0,0
Tunisian Plateau/Gulf of Sidra,2020,avril,10882,0.7041998317478807,86777,2.76762030075188,1.5212780370664885,137311.5706,78466,6267,71,0
Tunisian Plateau/Gulf of Sidra,2000,mai,4581,0.29644729178800233,33035,2.6750486486486484,1.8277036499820238,61768.4643,32119,454,0,0
Tunisian Plateau/Gulf of Sidra,2002,août,1185,0.07668413900213551,4907,2.0993453333333334,1.56096232899196,7818.0581,4758,149,0,0
Tunisian Plateau/Gulf of Sidra,2003,déc,7733,0.500420630298324,61681,2.080836559139785,1.3550495278985175,85265.522,58380,889,0,0
Tunisian Plateau/Gulf of Sidra,2006,mai,9379,0.6069371643046657,81049,3.5516765151515153,2.278492572152607,183607.194,70776,8495,20,0
Tunisian Plateau/Gulf of Sidra,2007,mai,3381,0.2187924674820423,24928,2.6926113636363636,1.836374965362602,46352.0571,23968,889,0,0
Tunisian Plateau/Gulf of Sidra,2007,sept,239,0.015466252507603702,735,1.602874193548387,1.3879459374849163,1011.1662,735,0,0,0
Tunisian Plateau/Gulf of Sidra,2009,oct,187,0.0121012101210121,1457,1.4039375,1.1730675724863329,1867.9817,1455,0,0,0
Tunisian Plateau/Gulf of Sidra,2013,nov,11409,0.7383032420889147,102612,2.2937166666666666,1.5230047640027229,153861.4253,100495,721,0,0
Tunisian Plateau/Gulf of Sidra,1999,août,11120,0.7196013719018961,98852,2.623946666666667,1.6750889940506315,161763.8198,93870,2011,0,0
Tunisian Plateau/Gulf of Sidra,2006,juil,9214,0.5962596259625963,107288,2.8571259842519683,2.001775237575462,220417.5412,105113,1475,0,0
Tunisian Plateau/Gulf of Sidra,2017,juin,6819,0.4412735391186177,89784,3.3637717557251907,2.209983010242807,208253.8718,87047,1125,0,0
Tunisian Plateau/Gulf of Sidra,1994,oct,7509,0.48592506309454475,56894,2.0570026785714286,1.4211948456149728,83150.8982,55664,806,0,0
Tunisian Plateau/Gulf of Sidra,2002,juin,3138,0.20306736556008542,18734,3.0721935483870966,2.3223553966544923,45394.3298,18556,128,0,0
Tunisian Plateau/Gulf of Sidra,2007,août,583,0.037727302141978905,3854,1.8936534246575343,1.490656285045295,5469.3237,3797,0,0,0
Tunisian Plateau/Gulf of Sidra,2015,juil,13670,0.8846178735520611,143707,2.8431546153846154,1.8072049498131355,268377.0316,134869,5055,0,0
Tunisian Plateau/Gulf of Sidra,1993,nov,1534,0.09926875040445221,9496,2.9036606382978722,1.6739953511516914,16738.6928,6964,2153,265,0
Tunisian Plateau/Gulf of Sidra,1998,juin,3431,0.2220280851614573,8516,2.8929533333333333,2.329891006576314,18615.7328,8444,72,0,0
Tunisian Plateau/Gulf of Sidra,2006,juin,6872,0.44470329385879764,21035,3.3734126126126127,2.309121888243534,50643.39,19783,1023,0,0
Tunisian Plateau/Gulf of Sidra,2013,janv,1183,0.0765547142949589,9493,1.5717396551724139,1.1347923399311235,10764.3195,9329,44,0,0
Tunisian Plateau/Gulf of Sidra,2015,sept,9903,0.640846437584935,100120,2.0903296875,1.4173551627807495,138839.3132,97197,388,0,0
Tunisian Plateau/Gulf of Sidra,1998,janv,1139,0.0737073707370737,8090,1.4046890410958903,1.101147330836138,10082.5134,8029,18,0,0
Tunisian Plateau/Gulf of Sidra,2007,oct,10,6.471235358830001e-4,50,1.5918999999999999,1.246354,63.1082,50,0,0,0
Tunisian Plateau/Gulf of Sidra,2009,mai,8575,0.5549084320196725,55269,3.1442532786885247,2.0973493195458577,122250.38220000001,50263,4987,0,0
Tunisian Plateau/Gulf of Sidra,2008,mars,2935,0.18993075778166052,17491,1.8543165048543688,1.218606148940644,21537.6576,17236,39,0,0
Tunisian Plateau/Gulf of Sidra,2011,mars,5886,0.3808969132207338,47953,1.7124369565217392,1.1705894236960286,59136.9197,46811,286,0,0
Tunisian Plateau/Gulf of Sidra,2012,mai,13039,0.8437843784378438,149707,2.8404208,1.8509948771933828,290123.428,136813,10980,0,0
Tunisian Plateau/Gulf of Sidra,2014,mars,5071,0.32815634504626934,52025,1.6507576470588234,1.160484169665217,63417.9705,49458,503,0,0
Tunisian Plateau/Gulf of Sidra,2014,sept,10919,0.7065941888306477,128546,2.1626336,1.4311762986822434,181982.1646,122687,2359,0,0
Tunisian Plateau/Gulf of Sidra,2016,août,301,0.019478418430078304,2491,1.8230814814814815,1.4192964298734796,3549.2872,2407,0,0,0
Tunisian Plateau/Gulf of Sidra,2017,févr,1559,0.10088655924415971,7268,1.317414864864865,1.070096376816448,8294.6103,7026,132,0,0
Tunisian Plateau/Gulf of Sidra,1999,déc,1205,0.0779783860739015,8830,1.6409571428571428,1.2058108030769779,11544.1199,8690,5,0,0
Tunisian Plateau/Gulf of Sidra,2007,avril,6127,0.39649259043551416,47205,2.2399258333333334,1.3719872759559373,66110.6931,44503,2301,69,0
Tunisian Plateau/Gulf of Sidra,2013,oct,10380,0.6717142302465541,147674,2.2915637096774195,1.5169591499061361,229114.5526,142938,894,0,0
Tunisian Plateau/Gulf of Sidra,2014,déc,9902,0.6407817252313467,116602,1.9444774193548386,1.3165163392490162,157999.9801,111484,1201,0,0
Tunisian Plateau/Gulf of Sidra,2018,nov,1915,0.1239241571215945,13601,1.7567253333333332,1.2919592185694415,18027.0714,13529,54,0,0
Tunisian Plateau/Gulf of Sidra,1997,févr,4970,0.321620397333851,38904,1.8478627272727273,1.1827717821179533,48549.7522,38117,308,0,0
Tunisian Plateau/Gulf of Sidra,1997,mars,1018,0.0658771759528894,4508,1.364375,1.1366156690492362,4947.992,4239,0,0,0
Tunisian Plateau/Gulf of Sidra,2008,août,3029,0.19601371901896072,19666,2.0525912621359224,1.4869941291980366,28565.4187,19533,77,0,0
Tunisian Plateau/Gulf of Sidra,2009,août,8259,0.5344593282857698,69186,2.106039344262295,1.562526808038587,110349.6257,68616,40,0,0
Tunisian Plateau/Gulf of Sidra,2009,déc,218,0.014107293082249402,614,1.2482617647058825,1.0771131821108602,749.7102,614,0,0,0
Tunisian Plateau/Gulf of Sidra,1997,juil,1,6.471235358830001e-5,5,1.8464,1.5337,7.6685,5,0,0,0
Tunisian Plateau/Gulf of Sidra,2020,juil,5329,0.34485213227205075,30165,2.912061475409836,1.8894241237868734,55340.5663,28904,1086,0,0
Tunisian Plateau/Gulf of Sidra,2000,avril,309,0.019996117258784703,2217,2.379881818181818,1.6921746384695076,3949.7644,2106,74,0,0
Tunisian Plateau/Gulf of Sidra,2003,mai,3660,0.23684721413317802,44986,2.67018625,1.8557833860623847,94307.1014,39202,5525,0,0
Tunisian Plateau/Gulf of Sidra,2004,mai,151,0.009771565391833301,900,1.5082307692307693,1.3139384733049735,1194.4379,900,0,0,0
Tunisian Plateau/Gulf of Sidra,2009,sept,7314,0.47330615414482624,58487,2.1615702479338843,1.5513700315369356,92877.4515,56973,616,0,0
Tunisian Plateau/Gulf of Sidra,2014,août,3729,0.24131236653077073,18656,2.003890243902439,1.3961680751219243,26059.4369,18425,193,0,0
Tunisian Plateau/Gulf of Sidra,2019,oct,8957,0.5796285510904031,71174,2.08947,1.4442189250099868,100857.6446,69084,1622,0,0
Tunisian Plateau/Gulf of Sidra,2004,oct,4236,0.27412152980003884,19905,2.712506,1.6758980084005404,35124.6317,18492,1264,0,0
Tunisian Plateau/Gulf of Sidra,2019,sept,10205,0.6603895683686015,99020,2.23227,1.4563739588190352,143860.459,95296,2139,0,0
Tunisian Plateau/Gulf of Sidra,2020,juin,2176,0.1408140814081408,8878,2.3062882882882882,1.8079260886095607,16738.7198,8800,10,0,0
Tunisian Plateau/Gulf of Sidra,2000,sept,17,0.0011001100110011,100,1.6396,1.5115674122174123,149.7139,100,0,0,0
Tunisian Plateau/Gulf of Sidra,2010,janv,1112,0.07196013719018961,7032,1.4945507936507936,1.1477246620768158,8341.1463,6977,53,0,0
Tunisian Plateau/Gulf of Sidra,2014,nov,3922,0.25380185077331263,22286,1.7003566037735849,1.2866249424749585,29633.9253,21518,187,0,0
Tunisian Plateau/Gulf of Sidra,1988,août,451,0.029185271468323302,2596,1.7316326530612245,1.4081149838907563,3684.9595,2593,0,0,0
Tunisian Plateau/Gulf of Sidra,1989,déc,3823,0.24739532776807094,45433,1.9453704347826086,1.311350711838332,71193.1949,43470,505,0,0
Tunisian Plateau/Gulf of Sidra,1990,janv,4430,0.286675726396169,43307,1.8318786324786325,1.2790903187687324,60682.3984,42266,78,0,0
Tunisian Plateau/Gulf of Sidra,2005,juin,1466,0.09486831036044781,4165,2.4679597701149425,2.12604254728614,9221.4759,4165,0,0,0
Tunisian Plateau/Gulf of Sidra,2017,janv,3632,0.23503526823270562,14745,1.3808279279279279,1.1038297398588424,16862.4834,14491,90,0,0
Tunisian Plateau/Gulf of Sidra,1991,janv,1477,0.0955801462499191,11855,1.654475806451613,1.2213888865142226,14655.4863,11623,163,0,0
Tunisian Plateau/Gulf of Sidra,2011,mai,245,0.015854526629133503,1539,1.9658296296296296,1.5587426525364751,2502.1125,1515,1,0,0
Tunisian Plateau/Gulf of Sidra,2013,mai,5347,0.3460169546366401,36356,2.770066037735849,1.7893041937287957,67999.5715,31025,5177,150,0
Tunisian Plateau/Gulf of Sidra,1990,févr,3892,0.25186048016566365,37188,2.0304166666666665,1.3376920612473815,53240.8205,35709,399,0,0
Tunisian Plateau/Gulf of Sidra,1990,mars,3960,0.256260920209668,49978,2.1764216216216217,1.3856060802646069,68701.1211,47642,745,0,0
Tunisian Plateau/Gulf of Sidra,1998,mars,1490,0.09642140684656701,10752,1.5667780487804879,1.1282659671890483,12638.2395,10423,201,0,0
Tunisian Plateau/Gulf of Sidra,2004,juil,3702,0.23956513298388663,24965,2.7582436781609196,2.0528442946979286,53552.8717,24612,0,0,0
Tunisian Plateau/Gulf of Sidra,2004,août,435,0.028149873810910504,2328,1.6070105263157894,1.2784729199640519,2964.0046,2328,0,0,0
Tunisian Plateau/Gulf of Sidra,2014,oct,10409,0.6735908885006148,119911,2.2448139130434783,1.4873861882545905,173664.28830000001,116093,616,0,0
Tunisian Plateau/Gulf of Sidra,2018,janv,838,0.054228952306995405,7130,1.4855977777777778,1.1371376259626151,9225.388,6967,76,0,0
Tunisian Plateau/Gulf of Sidra,2021,oct,10251,0.6633663366336634,107848,2.3332521739130434,1.6074688130705566,167826.6271,99957,7632,0,0
Tunisian Plateau/Gulf of Sidra,1994,juil,13,8.412605966479001e-4,65,2.2167833333333333,1.6941442222222223,112.4869,65,0,0,0
Tunisian Plateau/Gulf of Sidra,1995,août,5955,0.38536206561832653,53321,2.338933628318584,1.5407277459148,82907.6483,52204,624,0,0
Tunisian Plateau/Gulf of Sidra,2006,sept,389,0.0251731055458487,973,1.6536694444444444,1.3845578711356754,1427.1861,973,0,0,0
Tunisian Plateau/Gulf of Sidra,2004,avril,147,0.009512715977480102,808,1.9653361111111112,1.5331786121915711,1169.6628,808,0,0,0
Tunisian Plateau/Gulf of Sidra,2013,sept,3896,0.2521193295800168,27749,1.8727863636363635,1.3434786698171506,38226.3579,26957,95,0,0
Tunisian Plateau/Gulf of Sidra,2008,nov,6345,0.41059988351776355,89341,2.136067619047619,1.5171884321728808,133315.5239,86111,154,0,0
Tunisian Plateau/Gulf of Sidra,1998,févr,1545,0.0999805862939235,9527,1.512076923076923,1.1640326013440971,10984.8994,9490,5,0,0
Tunisian Plateau/Gulf of Sidra,2002,déc,1209,0.0782372354882547,7052,1.769824,1.3092999908890919,9475.9775,6949,13,0,0
Tunisian Plateau/Gulf of Sidra,1983,sept,163,0.010548113634892902,815,1.9964066666666667,1.4176984451277481,1135.1976,813,2,0,0
Tunisian Plateau/Gulf of Sidra,1990,avril,2690,0.17407623115252702,18081,2.40472,1.4821984082707629,28179.9108,13325,3297,1161,0
Tunisian Plateau/Gulf of Sidra,1997,janv,412,0.026661489678379603,2731,1.5029642857142858,1.1632685424091922,3268.6534,2722,0,0,0
Tunisian Plateau/Gulf of Sidra,2017,avril,4271,0.27638646217562934,30423,2.1183046296296295,1.286811519526539,39537.0898,29116,1068,0,0
Tunisian Plateau/Gulf of Sidra,1987,sept,6416,0.41519446062253285,50558,2.319480722891566,1.5396042241376136,75708.7412,48100,2271,0,0
Tunisian Plateau/Gulf of Sidra,2015,janv,1038,0.06717142302465541,4011,1.3128698412698412,1.070047998766224,4535.9383,4001,1,0,0
Tunisian Plateau/Gulf of Sidra,2020,janv,3460,0.22390474341551803,24259,1.8029204545454545,1.2103882584654304,31469.218,22701,987,0,0
Tunisian Plateau/Gulf of Sidra,2013,mars,418,0.027049763799909404,3278,1.4853975,1.168349112564799,3990.7801,3264,14,0,0
Tunisian Plateau/Gulf of Sidra,2018,déc,434,0.028085161457322202,1536,1.5583081632653062,1.1971183801168004,1861.8898,1517,6,0,0
Tunisian Plateau/Gulf of Sidra,2019,janv,332,0.0214845013913156,1091,1.3707291666666668,1.178135325874823,1297.7640999999999,1091,0,0,0
Tunisian Plateau/Gulf of Sidra,2003,févr,655,0.042386591600336504,2450,1.432146875,1.1738793779708425,2974.3558,2444,0,0,0
Tunisian Plateau/Gulf of Sidra,2000,janv,56,0.0036238918009448002,212,1.6617466666666667,1.2420324666666667,260.8484,203,8,1,0
Tunisian Plateau/Gulf of Sidra,2008,févr,786,0.05086390992040381,3075,1.6063397435897435,1.1986638146536688,3798.2541,3075,0,0,0
Tunisian Plateau/Gulf of Sidra,1994,mars,1917,0.12405358182877112,8999,1.4844694736842106,1.1413596331905733,10673.8078,8891,22,0,0
Tunisian Plateau/Gulf of Sidra,1994,avril,707,0.0457516339869281,2647,1.519462686567164,1.2334334941122849,3496.7006,2647,0,0,0
Tunisian Plateau/Gulf of Sidra,2015,avril,2663,0.1723289976056429,6610,1.5584604395604396,1.3038225725257735,9391.5356,6563,0,0,0
Tunisian Plateau/Gulf of Sidra,2021,nov,2078,0.1344722707564874,17795,1.8375933333333334,1.352928048733635,24405.6375,17587,90,0,0
Tunisian Plateau/Gulf of Sidra,1998,juil,2533,0.1639163916391639,10100,3.1460222222222223,2.3168775937265393,24425.8439,10084,16,0,0
Tunisian Plateau/Gulf of Sidra,2008,déc,1977,0.1279363230440691,12342,1.9688521126760563,1.2912590058432585,16576.6076,11703,80,6,0
Tunisian Plateau/Gulf of Sidra,1990,mai,882,0.057076295864880604,5370,2.666509090909091,1.8973710568963154,11132.1727,4974,396,0,0
Tunisian Plateau/Gulf of Sidra,2009,janv,850,0.05500550055005501,5357,1.6366224489795917,1.183714193082595,6531.9545,5330,20,0,0
Tunisian Plateau/Gulf of Sidra,1991,févr,109,0.007053646541124701,587,1.4802266666666666,1.1916360452327126,727.6648,587,0,0,0
Tunisian Plateau/Gulf of Sidra,1991,mars,8,5.176988287064001e-4,24,1.080475,1.0234555555555556,24.7042,24,0,0,0
Tunisian Plateau/Gulf of Sidra,2006,avril,411,0.026596777324791303,1983,1.9362857142857144,1.4525116944184082,3071.4375,1959,1,0,0
Tunisian Plateau/Gulf of Sidra,2009,févr,691,0.0447162363295153,5598,1.55734,1.1863169507660447,6910.8027,5464,0,0,0
Tunisian Plateau/Gulf of Sidra,1998,avril,2041,0.13207791367372032,11998,1.576825352112676,1.20025726085869,14998.5762,11966,32,0,0
Tunisian Plateau/Gulf of Sidra,2013,août,1314,0.0850320326150262,8549,1.8500096774193548,1.4041194070722363,11905.9221,8496,0,0,0
Tunisian Plateau/Gulf of Sidra,1988,mai,130,0.008412605966479001,744,2.1281333333333334,1.625412296497319,1221.042,744,0,0,0
Tunisian Plateau/Gulf of Sidra,1997,mai,111,0.007183071248301301,558,2.194145,1.7620609871541502,992.7474,558,0,0,0
Tunisian Plateau/Gulf of Sidra,2011,déc,911,0.0589529541189413,6401,1.663777966101695,1.265849989900983,8566.3915,6374,0,0,0
Tunisian Plateau/Gulf of Sidra,2017,oct,43,0.0027826312042969004,157,1.2689866666666667,1.176928907203907,194.5027,157,0,0,0
Tunisian Plateau/Gulf of Sidra,1998,oct,527,0.034103410341034104,3593,1.6548973684210526,1.335358265270685,4804.426,3558,0,0,0
Tunisian Plateau/Gulf of Sidra,2022,avril,19,0.0012295347181777,95,1.4477,1.2034647619047618,113.9753,95,0,0,0
Tunisian Plateau/Gulf of Sidra,1995,juil,1333,0.0862615673332039,4204,1.918711111111111,1.437745598123186,5964.0078,4147,0,0,0
Tunisian Plateau/Gulf of Sidra,1999,avril,244,0.0157898142755452,502,1.6226586206896552,1.3998335661513857,702.9408,502,0,0,0
Tunisian Plateau/Gulf of Sidra,2000,juin,1658,0.10729308224940141,6962,2.56117125,1.9628455577192028,13846.5574,6886,74,0,0
Tunisian Plateau/Gulf of Sidra,2008,janv,574,0.03714489095968421,5268,1.6525763157894737,1.1855878349975328,6930.2258,5054,84,0,0
Tunisian Plateau/Gulf of Sidra,2005,déc,291,0.018831294894195303,1441,1.459954761904762,1.2320886627892584,1815.7509,1438,0,0,0
Tunisian Plateau/Gulf of Sidra,2006,mars,181,0.011712935999482301,585,2.5709692307692307,1.9770058429035255,1244.1131,528,51,0,0
Tunisian Plateau/Gulf of Sidra,2012,avril,3729,0.24131236653077073,9928,2.0041609756097563,1.431923881733826,14640.8375,9923,0,0,0
Tunisian Plateau/Gulf of Sidra,1987,juil,95,0.006147673590888501,530,1.786395652173913,1.4722322645413226,770.8459,530,0,0,0
Tunisian Plateau/Gulf of Sidra,2013,févr,41,0.0026532064971203,199,1.0905571428571428,0.9511915,188.7234,199,0,0,0
Tunisian Plateau/Gulf of Sidra,2017,nov,183,0.011842360706658901,466,1.4434423076923077,1.266211214794716,588.1264,466,0,0,0
Tunisian Plateau/Gulf of Sidra,2017,déc,687,0.04445738691516211,7639,1.8284967741935485,1.3208145024015159,10454.9181,7519,24,0,0
Tunisian Plateau/Gulf of Sidra,1988,juil,62,0.004012165922474601,328,1.86975,1.5788465531055902,527.0588,328,0,0,0
Tunisian Plateau/Gulf of Sidra,1988,févr,649,0.0419983174788067,2396,1.3230375,1.0701635817086521,2574.3927,2391,4,0,0
Tunisian Plateau/Gulf of Sidra,1993,janv,492,0.031838477965443604,3540,1.5298634146341463,1.159540127790815,4498.2748,3423,64,0,0
Tunisian Plateau/Gulf of Sidra,1996,déc,239,0.015466252507603702,1646,1.592123076923077,1.2640986547021218,2162.4482,1632,0,0,0
Tunisian Plateau/Gulf of Sidra,1993,mai,1552,0.10043357276904161,7732,2.769454054054054,2.106878902131437,16175.4691,7727,5,0,0
Tunisian Plateau/Gulf of Sidra,1993,juin,985,0.0637416682844755,1907,2.3540947368421055,1.9920026021967743,3927.2579,1902,5,0,0
Tunisian Plateau/Gulf of Sidra,1997,oct,370,0.023943570827671002,2388,1.5990265306122449,1.2663183314636424,2940.1848,2380,0,0,0
Tunisian Plateau/Gulf of Sidra,2005,nov,4804,0.31087814663819324,68403,2.4218409638554217,1.6366244225666673,114565.434,67516,204,0,0
Tunisian Plateau/Gulf of Sidra,2013,juil,3347,0.21659224746004013,22984,2.5191473684210526,1.8114606139382523,43684.7377,22475,271,0,0
Tunisian Plateau/Gulf of Sidra,1987,oct,2544,0.1646282275286352,14263,2.2064024390243904,1.551117562742604,22181.1577,13348,591,0,0
Tunisian Plateau/Gulf of Sidra,1994,févr,370,0.023943570827671002,2513,1.5595791666666667,1.1970581979464807,3217.0206,2242,220,0,0
Tunisian Plateau/Gulf of Sidra,1994,nov,30,0.0019413706076490001,205,3.0796875,1.9200442847222223,386.185,181,24,0,0
Tunisian Plateau/Gulf of Sidra,1995,févr,424,0.0274380379214392,3160,1.6594962962962962,1.2467530571646661,3823.6384,2998,74,0,0
Tunisian Plateau/Gulf of Sidra,1996,févr,2568,0.1661813240147544,18996,1.70190987654321,1.273498945931857,23937.7503,18350,55,0,0
Tunisian Plateau/Gulf of Sidra,1996,mars,144,0.009318578916715201,706,2.34821,1.9050768140296757,1398.7111,706,0,0,0
Tunisian Plateau/Gulf of Sidra,1996,avril,65,0.0042063029832395005,109,1.7892857142857144,1.5887979004329005,179.21290000000002,109,0,0,0
Tunisian Plateau/Gulf of Sidra,2000,nov,1380,0.08930304795185401,12605,2.1462794871794872,1.4769734329113746,18525.5498,12224,2,0,0
Tunisian Plateau/Gulf of Sidra,1993,févr,355,0.022972885523846503,1743,1.560225,1.1974984928471388,2047.1493,1654,20,0,0
Tunisian Plateau/Gulf of Sidra,1996,janv,2269,0.14683233029185272,28455,1.7844125,1.3204667279366664,36911.2745,27012,4,0,0
Tunisian Plateau/Gulf of Sidra,2002,sept,38,0.0024590694363554005,263,1.546857142857143,1.3349519322684011,341.0609,263,0,0,0
Tunisian Plateau/Gulf of Sidra,2004,déc,723,0.04678703164434091,4720,1.5729894736842105,1.245508956577954,5855.7426,4715,5,0,0
Tunisian Plateau/Gulf of Sidra,2014,juin,1910,0.12360059535365302,11828,2.984608108108108,2.141368682838307,26442.1442,11697,131,0,0
Tunisian Plateau/Gulf of Sidra,1993,oct,63,0.004076878276062901,400,1.6228066666666667,1.335933853452418,538.4519,393,0,0,0
Tunisian Plateau/Gulf of Sidra,2006,janv,154,0.009965702452598202,1016,1.2765588235294119,1.0665532937637006,1091.4661,1012,0,0,0
Tunisian Plateau/Gulf of Sidra,1995,déc,365,0.023620009059729503,2099,1.3239175,1.1345021511784574,2295.0737,2035,0,0,0
Tunisian Plateau/Gulf of Sidra,1985,janv,7,4.529864751181001e-4,35,1.42516,1.1969546666666666,42.1394,35,0,0,0
Tunisian Plateau/Gulf of Sidra,2022,janv,198,0.012813046010483402,1491,1.425948,1.0952673931999088,1655.3456,1470,0,0,0
Tunisian Plateau/Gulf of Sidra,2007,déc,53,0.0034297547401799006,67,1.4666636363636363,1.3537470634920634,93.6833,67,0,0,0
Tunisian Plateau/Gulf of Sidra,2019,avril,32,0.0020707953148256003,178,2.188625,1.6743158180147057,303.6009,178,0,0,0
Tunisian Plateau/Gulf of Sidra,1982,janv,83,0.0053711253478289,503,1.5997,1.3337937138680342,682.6292,503,0,0,0
Tunisian Plateau/Gulf of Sidra,1982,févr,8,5.176988287064001e-4,28,1.24176,1.1233513333333334,31.3865,28,0,0,0
Tunisian Plateau/Gulf of Sidra,2006,févr,43,0.0027826312042969004,43,1.0241714285714285,0.9812318537414966,42.4285,43,0,0,0
Tunisian Plateau/Gulf of Sidra,1995,mars,148,0.0095774283310684,1013,1.53916,1.1993923781130653,1200.5425,1007,0,0,0
Tunisian Plateau/Gulf of Sidra,2003,avril,78,0.005047563579887401,220,2.1795809523809524,1.7469716505040491,430.09590000000003,220,0,0,0
Tunisian Plateau/Gulf of Sidra,1990,sept,765,0.04950495049504951,4623,1.60478,1.2523212604168048,6222.7556,4611,4,0,0
Tunisian Plateau/Gulf of Sidra,2000,août,63,0.004076878276062901,321,2.148814285714286,1.6906157864684335,578.9396,321,0,0,0
Tunisian Plateau/Gulf of Sidra,1984,nov,4,2.5884941435320004e-4,8,1.6945,1.45595,11.6554,8,0,0,0
Tunisian Plateau/Gulf of Sidra,1984,déc,4,2.5884941435320004e-4,12,1.3008,1.2539944444444444,15.0462,12,0,0,0
Tunisian Plateau/Gulf of Sidra,1988,janv,692,0.0447809486831036,2915,1.73738,1.217988164871817,3469.8616,2807,82,0,0
Tunisian Plateau/Gulf of Sidra,2005,oct,516,0.0333915744515628,1368,1.827975,1.5584957240476067,2330.0496,1368,0,0,0
Tunisian Plateau/Gulf of Sidra,2011,juin,58,0.0037533165081214005,400,2.1368833333333335,1.7041755006378883,679.1636,400,0,0,0
Tunisian Plateau/Gulf of Sidra,1982,juil,5,3.2356176794150004e-4,25,1.5153333333333334,1.3896377777777777,34.085100000000004,25,0,0,0
Tunisian Plateau/Gulf of Sidra,1989,nov,205,0.0132660324856015,987,2.051515,1.5843536413732187,1730.5575000000001,913,74,0,0
Tunisian Plateau/Gulf of Sidra,1993,sept,23,0.0014883841325309002,111,1.6368333333333334,1.4313491666666667,154.5407,111,0,0,0
Tunisian Plateau/Gulf of Sidra,1992,sept,110,0.007118358894713001,246,1.8531,1.6854486987210244,389.1719,235,0,0,0
Tunisian Plateau/Gulf of Sidra,1992,oct,188,0.012165922474600402,689,1.682,1.3888508738642962,982.4556,689,0,0,0
Tunisian Plateau/Gulf of Sidra,2015,juin,1815,0.1174529217627645,11444,2.834858208955224,2.1246744096474117,25259.7319,11443,1,0,0
Tunisian Plateau/Gulf of Sidra,2019,mars,110,0.007118358894713001,567,1.4834800000000001,1.1611901454271432,679.7636,567,0,0,0
Tunisian Plateau/Gulf of Sidra,2022,févr,104,0.0067300847731832005,666,1.2172857142857143,0.9584108865783554,666.5662,661,0,0,0
Tunisian Plateau/Gulf of Sidra,1993,août,45,0.0029120559114735,224,1.5114857142857143,1.3196869047619049,304.0777,224,0,0,0
Tunisian Plateau/Gulf of Sidra,2010,oct,54,0.0034944670937682005,285,1.412525,1.1953993070834557,345.7381,285,0,0,0
Tunisian Plateau/Gulf of Sidra,1987,déc,35,0.0022649323755905004,80,1.6499666666666666,1.5251881132756133,124.4722,80,0,0,0
Tunisian Plateau/Gulf of Sidra,1999,mars,27,0.0017472335468841002,149,1.390975,1.0992481597222221,161.1495,149,0,0,0
Tunisian Plateau/Gulf of Sidra,2004,janv,51,0.0033003300330033004,109,1.5688333333333333,1.1896802801120447,133.37619999999998,107,2,0,0
Tunisian Plateau/Gulf of Sidra,2015,févr,122,0.0078949071377726,1073,1.1398875,0.9174422858671233,1010.8036999999999,1073,0,0,0
Tunisian Plateau/Gulf of Sidra,2022,mars,30,0.0019413706076490001,160,1.1815428571428572,0.9920955723905723,166.3098,141,0,0,0
Tunisian Plateau/Gulf of Sidra,2009,mars,48,0.0031061929722384003,240,1.36038,1.1631492142857143,278.6062,240,0,0,0
Tunisian Plateau/Gulf of Sidra,2012,mars,66,0.0042710153368278,285,1.2543,1.0774818500881833,315.7244,285,0,0,0
Tunisian Plateau/Gulf of Sidra,1987,nov,56,0.0036238918009448007,273,1.92970625,1.565468785614295,440.5552,273,0,0,0
Tunisian Plateau/Gulf of Sidra,2005,mars,48,0.0031061929722384003,279,1.39858,1.1691878301523038,327.1732,279,0,0,0
Tunisian Plateau/Gulf of Sidra,1996,mai,19,0.0012295347181777,101,1.9533,1.7003276649638144,174.4686,101,0,0,0
Tunisian Plateau/Gulf of Sidra,2015,mars,4,2.5884941435320004e-4,20,1.94,1.209435,24.1887,16,4,0,0
Tunisian Plateau/Gulf of Sidra,1988,avril,285,0.018443020772665502,1607,1.526720588235294,1.237184677262522,2039.0108,1607,0,0,0
Tunisian Plateau/Gulf of Sidra,1994,déc,213,0.013783731314307901,1150,1.907139393939394,1.363050769563106,1745.124,1116,34,0,0
Tunisian Plateau/Gulf of Sidra,2004,juin,1453,0.09402704976379991,4009,3.0914375,2.3047544356289986,9279.9915,4009,0,0,0
Tunisian Plateau/Gulf of Sidra,1992,août,686,0.0443926745615738,3781,2.1195311111111113,1.6958037758071207,6525.4341,3781,0,0,0
Tunisian Plateau/Gulf of Sidra,2001,déc,5,3.2356176794150004e-4,5,1.56615,1.48905,7.4305,5,0,0,0
Tunisian Plateau/Gulf of Sidra,2000,juil,13,8.412605966479002e-4,65,2.9294285714285713,2.246304285714286,146.8285,65,0,0,0
Tunisian Plateau/Gulf of Sidra,1986,oct,407,0.026337927910438104,2297,1.7134435897435898,1.4767668025271037,3431.1539,2297,0,0,0
Tunisian Plateau/Gulf of Sidra,1991,août,3,1.9413706076490004e-4,15,2.1544666666666665,1.72762,25.9143,15,0,0,0
Tunisian Plateau/Gulf of Sidra,2021,déc,17,0.0011001100110011,17,1.1725,1.1310041666666666,19.1267,17,0,0,0
Tunisian Plateau/Gulf of Sidra,1982,juin,129,0.0083478936128907,721,2.4474590909090908,2.053061581910394,1510.4372,718,0,0,0
Tunisian Plateau/Gulf of Sidra,1991,oct,122,0.0078949071377726,786,1.55267,1.292247059123746,1020.5149,786,0,0,0
Tunisian Plateau/Gulf of Sidra,2004,sept,12,7.765482430596002e-4,60,1.2969666666666666,1.195935,71.7561,60,0,0,0
Tunisian Plateau/Gulf of Sidra,1986,sept,132,0.0085420306736556,909,1.5875,1.313387157934861,1218.3311,909,0,0,0
Tunisian Plateau/Gulf of Sidra,1991,sept,23,0.0014883841325309002,115,1.2876,1.1710245454545456,134.323,115,0,0,0
Tunisian Plateau/Gulf of Sidra,1986,janv,10,6.471235358830001e-4,50,1.2125000000000001,1.0776666666666666,53.9459,50,0,0,0
Tunisian Plateau/Gulf of Sidra,1995,janv,27,0.0017472335468841002,98,1.2947,1.1603580122655122,112.7322,98,0,0,0
Tunisian Plateau/Gulf of Sidra,1990,juil,19,0.0012295347181777003,41,1.7408875,1.6417034722222221,65.065,41,0,0,0
Tunisian Plateau/Gulf of Sidra,1990,août,35,0.0022649323755905004,165,1.6362818181818182,1.4947417518037518,252.4086,165,0,0,0
Tunisian Plateau/Gulf of Sidra,2019,mai,2,1.2942470717660002e-4,2,1.4476,1.4325999999999999,2.8651999999999997,2,0,0,0
Tunisian Plateau/Gulf of Sidra,1985,déc,3,1.9413706076490002e-4,15,1.3122,1.12246,16.8369,15,0,0,0
Tunisian Plateau/Gulf of Sidra,1983,juil,15,9.706853038245001e-4,75,1.78245,1.6243148333333335,122.3091,75,0,0,0
Tunisian Plateau/Gulf of Sidra,1988,nov,31,0.0020060829612373004,219,1.8624,1.537132430327495,338.0574,219,0,0,0
Tunisian Plateau/Gulf of Sidra,1989,août,3,1.9413706076490004e-4,15,1.7158,1.466385,22.0212,15,0,0,0
Ionian Sea,1982,janv,14,9.198423127463862e-4,87,1.3016333333333334,1.0463077104377105,89.1969,86,1,0,0
Ionian Sea,1988,août,2499,0.16419185282522997,19188,2.21218021978022,1.5725901652114742,30133.6594,18786,179,0,0
Ionian Sea,1991,janv,3836,0.25203679369250986,41399,1.6187048780487805,1.154399257586902,48893.908,40378,243,0,0
Ionian Sea,1991,févr,962,0.06320630749014454,3910,1.2377425925925927,1.011768661856175,4049.7188,3899,0,0,0
Ionian Sea,1992,nov,1055,0.06931668856767412,9817,2.000006329113924,1.4916869445149838,16646.8761,9606,119,0,0
Ionian Sea,1992,déc,475,0.031208935611038106,3236,1.6748704918032786,1.2951554798955682,4392.3071,3229,5,0,0
Ionian Sea,1993,mai,4520,0.29697766097240474,24252,2.9102148514851485,2.1600904378935066,53240.8337,24244,8,0,0
Ionian Sea,1993,juin,3199,0.21018396846254928,5953,2.796036263736264,2.2569827557613853,13182.202,5937,16,0,0
Ionian Sea,1994,août,13310,0.8745072273324573,196968,3.5867619047619046,1.8656191480760145,360583.1816,185394,5854,0,0
Ionian Sea,1994,sept,12959,0.8514454664914586,110459,2.8037976190476193,1.7236381916239143,185439.9859,105723,1667,0,0
Ionian Sea,1994,oct,13548,0.8901445466491459,120195,2.7569468253968252,1.7805621667592229,210680.4542,112840,5474,0,0
Ionian Sea,1995,juil,3614,0.23745072273324572,19653,2.263900847457627,1.6295789143699615,31840.8522,19045,0,0,0
Ionian Sea,1996,déc,389,0.025558475689881732,2255,1.686519642857143,1.3089329573590975,2994.0393,2210,0,0,0
Ionian Sea,1997,juin,6608,0.4341655716162943,44257,3.539220238095238,2.4388334398578007,110636.4642,43505,728,0,0
Ionian Sea,1998,août,10553,0.6933639947437582,206639,2.861251587301587,1.7776383506486182,366669.6854,201133,1431,0,0
Ionian Sea,1998,sept,2905,0.19086727989487517,18539,2.2508354838709677,1.485983107378322,27974.4482,17942,340,0,0
Ionian Sea,1998,oct,93,0.006110381077529566,615,1.7421470588235295,1.4644465531475799,1003.3870000000001,615,0,0,0
Ionian Sea,1999,avril,165,0.010840998685939553,358,1.7818434782608696,1.4271594670623047,510.2894,348,10,0,0
Ionian Sea,1999,mai,4445,0.2920499342969777,25290,2.696592561983471,2.040377219624379,50479.0342,23260,1847,108,0
Ionian Sea,1999,juin,12094,0.7946123521681997,144810,4.151508730158731,2.633657422302738,372250.5101,138343,2545,0,0
Ionian Sea,1999,août,7447,0.48929040735873847,66530,2.687572631578947,1.6885309341821402,113935.09820000001,64708,1038,0,0
Ionian Sea,1999,sept,11917,0.7829829172141919,83133,2.28801746031746,1.6049055517413153,132360.4216,81260,225,0,0
Ionian Sea,1999,oct,12527,0.8230617608409987,148070,3.081684920634921,1.6689476968068322,240797.3503,138882,5062,48,0
Ionian Sea,2000,mai,7839,0.5150459921156373,77037,2.970818253968254,2.0315259511603396,158423.0095,74199,1132,0,0
Ionian Sea,2000,nov,7333,0.4818002628120894,91381,2.4223801587301588,1.5835407581486978,144042.558,88051,456,0,0
Ionian Sea,2001,mars,10288,0.6759526938239159,113024,2.5792126984126984,1.4016762893765522,157912.8601,93186,17468,364,0
Ionian Sea,2001,avril,4612,0.3030223390275953,18189,1.864393388429752,1.188221958640161,21891.0479,17762,305,0,0
Ionian Sea,2001,sept,1075,0.07063074901445467,5796,2.122,1.567812959423149,10274.7713,5655,107,0,0
Ionian Sea,2001,oct,13583,0.8924441524310118,222010,2.6327344,1.6778388669064743,376949.584,212431,2609,0,0
Ionian Sea,2001,nov,4417,0.2902102496714849,12959,2.0816529914529913,1.5723173435447237,21030.832300000002,12582,46,0,0
Ionian Sea,2002,mars,3971,0.26090670170827857,30611,1.8336769841269842,1.1118063272426681,34701.205500000004,29005,1205,10,0
Ionian Sea,2002,juil,5152,0.33850197109067015,42261,3.3440126984126985,2.216737221980958,92224.2485,40085,1208,0,0
Ionian Sea,2002,août,63,0.004139290407358738,267,2.054735714285714,1.6108011298386298,437.1927,267,0,0,0
Ionian Sea,2003,janv,2410,0.1583442838370565,26898,1.6594032608695652,1.1433360187706105,31085.4964,25787,630,0,0
Ionian Sea,2003,juin,15180,0.9973718791064389,324123,4.814809523809524,3.010502404997275,973647.5479,288038,32228,3,0
Ionian Sea,2003,juil,14992,0.9850197109067017,282984,4.179680952380952,2.4211405284224967,679370.3095,248471,27180,2,0
Ionian Sea,2003,août,15082,0.9909329829172142,342351,3.341483333333333,1.9115704515474623,648382.6136,304151,27685,0,0
Ionian Sea,2003,sept,11064,0.7269382391590014,49772,2.981357142857143,1.9692328994073216,94309.9684,45687,3368,0,0
Ionian Sea,2003,nov,4745,0.31176084099868595,32886,1.865802857142857,1.4192629608255436,50140.3456,32456,129,0,0
Ionian Sea,2003,déc,6717,0.44132720105124834,69107,2.060351587301587,1.3915352619434536,96071.1476,66608,689,0,0
Ionian Sea,2005,déc,74,0.004862023653088042,544,1.5427333333333333,1.2432537012787965,674.2872,542,0,0,0
Ionian Sea,2006,janv,7,4.599211563731931e-4,42,1.1459,0.967678947368421,40.5888,42,0,0,0
Ionian Sea,2007,janv,6903,0.45354796320630747,121483,1.98600990990991,1.2280374217533065,155873.5238,106995,10164,1,0
Ionian Sea,2007,juin,13593,0.8931011826544021,119800,4.4974968253968255,2.8311217064297187,338174.38049999997,110918,7597,0,0
Ionian Sea,2008,avril,117,0.007687253613666229,426,1.4344999999999999,1.1552514379599552,490.781,426,0,0,0
Ionian Sea,2008,mai,4232,0.27805519053876476,22074,3.0685027027027028,2.156472995889568,45395.4602,22074,0,0,0
Ionian Sea,2008,juin,12234,0.8038107752956636,63010,3.9994071428571427,2.6603857053631934,168942.8441,61537,1473,0,0
Ionian Sea,2008,juil,13178,0.8658344283837056,128175,3.93890873015873,2.4843881227415614,316528.8857,121173,1750,0,0
Ionian Sea,2009,juin,3846,0.2526938239159001,22755,3.1160741379310344,2.2599470129930497,52003.1075,22137,503,0,0
Ionian Sea,2010,janv,1658,0.10893561103810775,17688,1.5877597222222222,1.134244407721751,20286.543,16939,23,0,0
Ionian Sea,2010,févr,1257,0.08258869908015769,9897,1.3356473684210526,0.9899790174260571,9756.4356,9700,76,0,0
Ionian Sea,2010,mars,2794,0.1835742444152431,24165,1.6150528089887641,1.0376228400778202,25165.3521,23222,128,0,0
Ionian Sea,2010,avril,9490,0.6235216819973719,79722,2.145461475409836,1.385033165833453,110511.3247,76336,1171,0,0
Ionian Sea,2010,juin,5419,0.3560446780551905,30394,3.6039616,2.616144253448799,79623.827,29933,460,0,0
Ionian Sea,2010,juil,13204,0.8675427069645204,108844,3.2115468253968253,2.0404272070792815,219275.8617,105497,3124,0,0
Ionian Sea,2010,nov,3093,0.20321944809461234,25392,1.7770617647058824,1.4082106660406477,35442.0164,24676,0,0,0
Ionian Sea,2010,déc,4793,0.31491458607095923,49681,2.0333289719626166,1.4593049746425302,74461.4921,48913,152,0,0
Ionian Sea,2011,juin,684,0.044940867279894874,3701,2.507573333333333,2.102756803921251,8172.3997,3680,0,0,0
Ionian Sea,2011,sept,13424,0.8819973718791064,276969,2.970283333333333,1.861376869554162,508975.9054,263086,9727,0,0
Ionian Sea,2012,mai,13187,0.8664257555847569,157010,3.2843349206349206,2.037545799736635,324411.6832,139675,14633,11,0
Ionian Sea,2012,juin,11849,0.778515111695138,101829,3.7151087301587302,2.4965436060845265,250466.3137,98795,422,0,0
Ionian Sea,2012,juil,15085,0.9911300919842313,260030,4.185655555555556,2.6370537672089087,672614.5464,234470,21447,10,0
Ionian Sea,2012,août,14583,0.9581471747700394,273330,3.1251864,1.7200987238047245,475951.366,259628,5214,0,0
Ionian Sea,2012,oct,14273,0.9377792378449409,370375,2.828238888888889,1.8747394928590095,698852.6495,319385,42563,11,0
Ionian Sea,2012,nov,13809,0.907293035479632,323325,2.7621507936507936,1.7996308359478106,583270.2609,295301,21599,0,0
Ionian Sea,2012,déc,10333,0.6789093298291722,86575,2.3497666666666666,1.5236686037066203,130304.1235,81586,3663,0,0
Ionian Sea,2013,mars,2675,0.17575558475689881,25674,1.3988136,1.0367881149790472,27114.1018,25249,68,0,0
Ionian Sea,2013,avril,14630,0.9612352168199737,183036,3.6971420634920635,1.6952677868327213,304915.7217,150032,27150,2155,0
Ionian Sea,2013,mai,12134,0.7972404730617608,141678,4.432936507936508,2.657792308451492,373389.0624,82253,54112,4732,55
Ionian Sea,2013,août,8572,0.5632063074901446,109550,2.9627666666666665,1.7489968352412146,190857.9056,106068,1868,5,0
Ionian Sea,2013,nov,14274,0.9378449408672799,232493,2.965865873015873,1.7250380197038928,398170.7073,217849,8619,69,0
Ionian Sea,2014,janv,10329,0.678646517739816,214733,2.305368253968254,1.4081783169186068,303725.9433,165376,42622,110,0
Ionian Sea,2014,févr,11118,0.7304862023653088,209444,2.225797619047619,1.3440511580184449,283619.0966,143217,58588,1611,0
Ionian Sea,2014,mars,11659,0.7660315374507227,250152,2.3115507936507935,1.3713116469133686,341716.6625,197864,42042,362,0
Ionian Sea,2014,avril,12996,0.8538764783180026,169504,2.358634126984127,1.3967558206089097,236152.3416,146658,16703,1,0
Ionian Sea,2014,nov,5594,0.36754270696452035,35736,1.955316393442623,1.4225009301789564,52022.2083,34885,13,0,0
Ionian Sea,2014,déc,14196,0.9327201051248357,330256,2.656470634920635,1.5827540145510306,515748.7908,298308,24950,68,0
Ionian Sea,2015,avril,2920,0.19185282522996058,19901,1.7856354838709678,1.2412451870840757,25988.638899999998,19489,33,0,0
Ionian Sea,2015,mai,13279,0.8724704336399475,128327,3.3657537190082643,2.0564335068589186,265251.4356,117192,10746,0,0
Ionian Sea,2015,juil,15146,0.9951379763469119,250434,4.086726190476191,2.56775923219311,626667.7314,165266,83783,208,0
Ionian Sea,2015,août,15166,0.9964520367936925,330549,4.016527777777778,2.1964710729169865,715268.1106,231015,93111,1124,0
Ionian Sea,2015,sept,14623,0.9607752956636005,287422,2.98250873015873,1.791137780492056,511877.6026,269954,9148,0,0
Ionian Sea,2015,oct,9043,0.5941524310118266,140500,2.269890476190476,1.5392685907354353,216728.6646,135756,531,0,0
Ionian Sea,2015,nov,7619,0.5005913272010513,88568,2.4190928,1.5672108344119713,141508.3169,85817,969,0,0
Ionian Sea,2016,févr,12746,0.8374507227332457,277656,2.129598412698413,1.2824820268931159,355109.6519,205671,57919,105,0
Ionian Sea,2016,mars,13227,0.869053876478318,259162,2.2852761904761905,1.330244065244845,345753.6022,216392,35829,29,0
Ionian Sea,2016,avril,15049,0.9887647831800263,291407,3.2421317460317463,1.6717123146798443,487561.068,202079,74066,5008,38
Ionian Sea,2016,juin,681,0.04474375821287779,3532,2.7027816901408452,2.160523064082634,7829.308,3482,4,0,0
Ionian Sea,2016,juil,11543,0.7584099868593955,95973,3.45448,2.307667767532334,216929.059,94296,1456,0,0
Ionian Sea,2016,août,1898,0.12470433639947437,15689,2.275199090909091,1.7636005282167728,28730.4073,15105,518,0,0
Ionian Sea,2016,sept,1801,0.1183311432325887,13775,1.9226623931623932,1.4929278332045286,20977.317,13459,0,0,0
Ionian Sea,2016,oct,7368,0.4840998685939553,70304,2.2973655737704917,1.5784648118304698,112048.1331,68581,158,0,0
Ionian Sea,2016,nov,8436,0.5542706964520367,107098,2.3571222222222223,1.4900579522251773,162006.8337,103275,882,0,0
Ionian Sea,2017,mars,13704,0.9003942181340342,217431,2.243824603174603,1.2551587445929422,274941.5342,197258,14029,17,0
Ionian Sea,2017,avril,14378,0.9446780551905387,220094,2.350088095238095,1.4500096800677518,316343.5853,193459,22634,16,0
Ionian Sea,2017,mai,5706,0.37490144546649146,35266,2.6021447916666665,1.7799331675665162,63584.3307,34642,102,0,0
Ionian Sea,2017,juin,8354,0.5488830486202365,100801,3.7485144,2.4799555766305175,258504.6824,92758,5452,1,0
Ionian Sea,2017,juil,12164,0.7992115637319317,100453,3.622486507936508,2.122117189665816,212028.7445,98016,1538,14,0
Ionian Sea,2017,août,14987,0.9846911957950065,175800,3.9392873015873016,2.28706029792487,390851.1919,113688,60814,349,0
Ionian Sea,2017,déc,37,0.002431011826544021,236,1.60568,1.260781625441904,313.2855,236,0,0,0
Ionian Sea,2018,févr,3892,0.2557161629434954,41760,1.4378487804878048,0.9657597892930335,40899.8517,39872,769,0,0
Ionian Sea,2018,mars,6582,0.43245729303547964,82202,1.7029904761904762,1.0949417418789709,92315.47,77688,2413,0,0
Ionian Sea,2018,avril,15197,0.9984888304862024,233922,3.786929365079365,1.9582620902512038,445908.3953,148364,72001,5377,0
Ionian Sea,2018,mai,14169,0.930946123521682,262301,4.196095238095238,2.34846377309514,608909.0804,233010,22516,2162,7
Ionian Sea,2018,juin,14299,0.9394875164257556,186342,4.514865873015873,2.9225776615441705,538164.5277,153655,29250,25,0
Ionian Sea,2018,juil,4417,0.2902102496714849,13295,2.1366380952380952,1.576989441392591,21732.8465,13151,22,0,0
Ionian Sea,2018,août,14958,0.9827858081471748,294645,3.1636420634920634,1.874835565208384,542317.7679,274282,14065,0,0
Ionian Sea,2018,déc,6335,0.41622864651773983,112324,2.269670634920635,1.4548132882781457,167309.2288,104830,3521,0,0
Ionian Sea,2019,janv,3415,0.22437582128777925,26655,1.777479365079365,1.2296450211856462,35062.2109,25658,714,0,0
Ionian Sea,2019,mars,4819,0.31662286465177397,68759,1.6015119047619049,1.1031422682703473,77705.5774,66265,169,0,0
Ionian Sea,2019,juin,15086,0.9911957950065703,200863,4.207601587301587,2.7978770858918187,550709.2415,191280,4779,0,0
Ionian Sea,2019,juil,14847,0.9754927726675428,185668,4.0267424,2.5376309874382783,465586.145,173625,10336,0,0
Ionian Sea,2019,août,14357,0.9432982917214192,163975,2.864036507936508,1.7107153527611574,286422.4871,156940,3469,0,0
Ionian Sea,2019,nov,11812,0.776084099868594,249301,3.0098126984126985,2.007365237028988,502745.8796,189833,56552,0,0
Ionian Sea,2019,déc,8106,0.5325886990801577,198369,2.666354761904762,1.7450158152745865,352587.9268,147824,47849,0,0
Ionian Sea,2020,mai,6293,0.41346911957950067,48680,3.6719572727272727,2.11282669986497,102075.435,43505,4381,133,0
Ionian Sea,2020,août,12023,0.7899474375821288,136585,2.8937166666666667,1.6539034411033628,233455.4385,131969,2267,0,0
Ionian Sea,2020,oct,6292,0.4134034165571616,91661,2.196986507936508,1.5167397197731345,138343.5068,87894,1613,0,0
Ionian Sea,2021,janv,10267,0.6745729303547963,237573,2.367542857142857,1.4310461849198624,339060.979,195760,37562,298,0
Ionian Sea,2021,févr,9720,0.6386333771353482,216799,2.266513492063492,1.316410346485543,289362.1599,157984,52275,362,0
Ionian Sea,2021,mars,10146,0.666622864651774,131396,1.8662126984126983,1.212299796989929,161982.1384,115518,11141,0,0
Ionian Sea,2021,mai,1051,0.069053876478318,6983,2.485213793103448,1.7645589371362531,12546.477,6831,152,0,0
Ionian Sea,2021,juin,11909,0.7824572930354796,72968,4.3323816,2.847013069445072,206423.5681,61828,10410,3,0
Ionian Sea,2021,juil,14981,0.9842969776609725,180262,4.137419841269841,2.339991003488824,415829.8383,159408,17663,45,0
Ionian Sea,2022,juin,15220,1,348218,4.988209523809524,2.920031711302209,993454.5977,296397,42560,93,0
Ionian Sea,2022,juil,15216,0.9997371879106439,316940,4.94769126984127,2.849082572969367,889647.6254,205416,108709,465,0
Ionian Sea,2022,déc,13970,0.9178712220762155,239267,2.4486666666666665,1.5073931377153624,358365.3469,208892,24294,39,0
Ionian Sea,2023,janv,14568,0.957161629434954,364579,2.671459523809524,1.5742671085690076,579505.9554,210713,133292,1961,0
Ionian Sea,2023,févr,11219,0.7371222076215506,169662,2.0146944444444443,1.182385069351924,202802.4554,145556,18906,11,0
Ionian Sea,2023,mars,13784,0.9056504599211563,264277,2.244868253968254,1.2687168597866285,338002.3425,233851,22350,6,0
Ionian Sea,2023,juil,15220,1,294151,0.30710952380952383,0.2087543959278651,16342.0779,144269,110424,28538,759
Ionian Sea,2023,août,13679,0.8987516425755585,113585,0.8439801587301587,0.5669033451260594,17675.9973,91911,17857,199,0
Ionian Sea,2023,sept,7839,0.5150459921156373,53309,2.378707142857143,1.6657713069005589,89932.8849,51323,925,0,0
Ionian Sea,2023,oct,15217,0.9998028909329829,383140,3.1586039682539684,1.9550202529347782,744521.9157,329475,48376,110,0
Ionian Sea,2023,nov,15107,0.9925755584756899,341763,3.381207142857143,2.188430818997304,747612.2939,230674,107389,636,0
Ionian Sea,2023,déc,10850,0.7128777923784494,194743,2.2839136,1.4538162300560642,300364.7204,172432,18965,0,0
Ionian Sea,1992,oct,611,0.04014454664914586,1731,1.9228315789473684,1.4967042601971574,2590.2241,1710,0,0,0
Ionian Sea,1994,janv,4150,0.2726675427069645,34404,2.272221666666667,1.2969890782168,46348.1371,29766,3637,127,0
Ionian Sea,1994,juil,299,0.019645203679369252,1235,2.17814375,1.8471812331795208,2062.0844,1201,0,0,0
Ionian Sea,2001,janv,5735,0.3768068331143233,42042,2.0160129032258065,1.2174606636007332,53808.9209,38725,2806,249,0
Ionian Sea,2001,août,749,0.04921156373193167,2286,1.7692220588235295,1.488335862156366,3632.565,2282,4,0,0
Ionian Sea,2002,févr,963,0.06327201051248357,4975,1.2820265060240963,0.9830509890900759,5147.9534,4914,2,0,0
Ionian Sea,2002,sept,109,0.007161629434954008,616,2.1584818181818184,1.7222745071562091,1031.8904,615,0,0,0
Ionian Sea,2007,juil,9287,0.6101839684625493,58512,3.403204,2.1268047789493374,124175.0503,55006,3293,0,0
Ionian Sea,2008,nov,7506,0.4931668856767411,85819,2.389124,1.6810336629123488,145646.3332,84347,256,0,0
Ionian Sea,2009,août,10528,0.6917214191852825,77212,2.76424,1.757322563414703,140865.6527,73108,1009,0,0
Ionian Sea,2010,mai,8770,0.576215505913272,33095,2.3266709677419355,1.6846676719325069,53873.14,33026,7,0,0
Ionian Sea,2011,janv,6095,0.4004599211563732,89433,1.7543017391304347,1.1784866060910923,108893.8982,84702,1125,0,0
Ionian Sea,2011,févr,7785,0.5114980289093298,136537,1.7756816,1.1519022497869504,161683.1507,123522,8606,0,0
Ionian Sea,2011,mars,6893,0.4528909329829172,92503,1.7203288,1.1439453775839798,106331.3226,88503,685,0,0
Ionian Sea,2011,avril,10106,0.6639947437582129,107968,2.0793128,1.3202284148757817,140966.6881,102979,2886,0,0
Ionian Sea,2012,sept,13677,0.8986202365308804,155674,2.346076,1.5816701774382373,246161.0907,151872,897,0,0
Ionian Sea,2013,janv,1897,0.12463863337713535,12919,1.4083681034482758,1.0987722222891707,14932.1548,12768,4,0,0
Ionian Sea,2013,févr,1801,0.1183311432325887,14324,1.231481300813008,0.9607584930114148,13835.0044,14064,0,0,0
Ionian Sea,2013,oct,10419,0.6845597897503285,111094,2.621020325203252,1.7340368029756315,202192.4698,103558,4632,0,0
Ionian Sea,2013,déc,6587,0.43278580814717477,88255,2.0458912,1.3318844665070637,119412.6291,84386,455,0,0
Ionian Sea,2016,mai,1715,0.11268068331143233,3097,1.7854313253012049,1.4826260669665758,4690.4603,3069,0,0,0
Ionian Sea,2016,déc,9379,0.6162286465177398,167171,2.1129008547008548,1.3561756733743184,232436.3253,156538,5015,0,0
Ionian Sea,2017,févr,7132,0.4685939553219448,69382,1.5327144,1.0285586393063675,72279.6842,66333,1111,0,0
Ionian Sea,2017,sept,984,0.06465177398160316,9031,2.099629487179487,1.6044928015984075,15460.6125,8709,86,0,0
Ionian Sea,2018,sept,15123,0.9936268068331143,248007,2.8743432,1.7997286071175735,440995.8285,235338,9332,1,0
Ionian Sea,2018,nov,9221,0.6058475689881735,139907,2.6810888,1.5719154240466537,219227.044,133366,2798,0,0
Ionian Sea,2019,sept,14793,0.9719448094612352,246818,2.8108616,1.7506702861543406,427327.6445,229825,6360,0,0
Ionian Sea,2020,mars,7276,0.4780551905387648,100577,1.8393976,1.145111713946991,115935.9666,95988,1899,9,0
Ionian Sea,2020,déc,9385,0.616622864651774,165213,2.7001944,1.5021010221168936,249388.9577,146203,12769,518,0
Ionian Sea,2022,août,14825,0.9740473061760841,311927,3.54134,1.8602182295870637,598748.5862,272538,32367,313,0
Ionian Sea,2023,avril,6693,0.4397503285151117,68966,2.0285545454545453,1.2737329407669715,89437.7857,66670,882,0,0
Ionian Sea,1993,janv,640,0.04204993429697766,6108,1.4555074626865672,1.0998424041152421,6840.6657000000005,5962,2,0,0
Ionian Sea,1993,févr,288,0.018922470433639947,3164,1.3100148148148147,1.0167651839832557,3229.1298,3079,1,0,0
Ionian Sea,1993,déc,4727,0.31057818659658343,56628,2.6020056910569105,1.3845438261715468,80428.482,51920,3105,76,0
Ionian Sea,1995,févr,1793,0.11780551905387647,11967,1.51276,1.1250238755622461,13346.4535,11738,1,0,0
Ionian Sea,1995,mars,1256,0.08252299605781865,6395,1.382387012987013,1.115695492152185,7192.4576,6339,0,0,0
Ionian Sea,1995,août,6715,0.4411957950065703,52858,2.7161382352941175,1.6476633347342236,89700.9682,51601,696,0,0
Ionian Sea,1998,juin,5601,0.36800262812089357,27939,3.402184677419355,2.3901632847450998,67368.7977,27200,739,0,0
Ionian Sea,1998,juil,2634,0.1730617608409987,9726,3.059725663716814,2.2387647576461878,23452.6882,9374,257,0,0
Ionian Sea,2000,déc,8865,0.5824572930354797,125870,2.137425,1.3762616670216212,176944.3016,120312,2069,0,0
Ionian Sea,2002,avril,226,0.014848883048620237,305,1.405621568627451,1.3239998940572861,386.1824,305,0,0,0
Ionian Sea,2002,mai,2212,0.14533508541392903,11105,2.4672118811881187,1.8153210577310515,21397.9609,10879,226,0,0
Ionian Sea,2003,oct,1810,0.11892247043363995,15390,2.2803333333333335,1.517307706065831,23890.067900000002,14687,233,0,0
Ionian Sea,2004,janv,2946,0.1935611038107753,28622,1.6731008130081302,1.1868142553794931,34295.5131,27668,107,0,0
Ionian Sea,2004,nov,9147,0.6009855453350854,105141,2.6158209677419353,1.7157684162454891,180618.9305,102382,859,0,0
Ionian Sea,2005,juil,6738,0.44270696452036795,14768,2.5662048780487803,1.7912829408474287,26417.2681,14713,51,0,0
Ionian Sea,2005,août,5182,0.34047306176084097,18644,2.3941601626016262,1.6657419746305746,30732.7291,18553,91,0,0
Ionian Sea,2006,juin,5445,0.35775295663600526,23039,3.8830229508196723,2.6785901881075667,62767.7044,22243,794,0,0
Ionian Sea,2006,juil,7674,0.5042049934296977,56090,3.1702491803278687,2.1579308976992095,123303.1265,54859,886,0,0
Ionian Sea,2008,févr,1456,0.09566360052562417,8322,1.3119157894736841,1.0187471550153309,8425.0267,8303,5,0,0
Ionian Sea,2008,mars,1599,0.10505913272010513,9169,1.586152,1.1442975037652174,10955.0103,8659,423,0,0
Ionian Sea,2008,sept,11941,0.7845597897503285,107431,2.7435146341463414,1.7518250277457739,189702.3057,103477,2477,0,0
Ionian Sea,2009,déc,754,0.04954007884362681,5369,1.6925910714285715,1.2861745813608616,7023.1341,5176,98,0,0
Ionian Sea,2013,sept,5545,0.364323258869908,58050,2.150672357723577,1.50474606607328,87435.0684,56339,53,0,0
Ionian Sea,2015,janv,7429,0.488107752956636,120062,2.0811661290322583,1.2496419665127454,151876.2318,111273,5119,7,0
Ionian Sea,2017,oct,161,0.010578186596583442,1216,1.9330666666666667,1.5954063232770768,1997.5577,1216,0,0,0
Ionian Sea,2018,janv,971,0.06379763469119579,6522,1.299093023255814,0.9913717023147706,6469.2742,6455,0,0,0
Ionian Sea,2018,oct,2007,0.1318659658344284,13141,1.983486111111111,1.4519964726294405,19342.5998,12701,92,0,0
Ionian Sea,2019,oct,12567,0.8256898817345598,274475,2.9014048387096776,1.8596521501716086,514854.8586,229001,40930,0,0
Ionian Sea,2020,avril,3878,0.25479632063074903,29913,2.138445045045045,1.4372031850295923,44897.7737,27662,1737,0,0
Ionian Sea,2020,juil,4641,0.30492772667542706,29240,3.309210924369748,2.2315318663061037,61327.8883,27996,1102,0,0
Ionian Sea,2021,août,14439,0.9486859395532194,285913,3.8253169354838708,2.0342765856650593,580125.52,219485,54109,171,0
Ionian Sea,2021,sept,9561,0.6281865965834428,57615,2.3152,1.611313521517301,99433.1046,53456,2330,0,0
Ionian Sea,2021,nov,1251,0.08219448094612353,8558,1.9445077922077922,1.4191305073834555,12363.2476,8530,0,0,0
Ionian Sea,1990,déc,4154,0.2729303547963206,14318,1.77479,1.363960068975663,20511.5255,13819,324,0,0
Ionian Sea,1994,nov,2322,0.15256241787122207,20771,2.1486645833333333,1.5665920485927816,31880.673,20438,24,0,0
Ionian Sea,1999,nov,10978,0.7212877792378449,143619,2.7260959349593494,1.6856842535360983,245430.6771,136239,3279,27,0
Ionian Sea,1999,déc,2654,0.17437582128777923,21275,1.8502747967479676,1.3731317528093927,29594.1404,20874,12,0,0
Ionian Sea,2001,févr,3893,0.2557818659658344,39276,1.6409959349593495,1.0655768954688107,43199.2873,36701,1768,0,0
Ionian Sea,2003,mai,13865,0.9109724047306176,197906,4.231045528455285,2.594794279384432,506557.3245,134893,62362,4,0
Ionian Sea,2004,juil,6498,0.4269382391590013,41085,3.213342276422764,2.2661196377778827,91347.0892,41000,7,0,0
Ionian Sea,2007,avril,11805,0.7756241787122208,151472,2.741379674796748,1.5334924816395643,236378.0934,133120,15691,191,0
Ionian Sea,2008,janv,436,0.02864651773981603,2900,1.3834396551724137,1.0555979275276872,3131.3731,2842,13,0,0
Ionian Sea,2008,déc,1079,0.07089356110381077,8368,2.097777551020408,1.424632925434298,12040.7391,8140,131,1,0
Ionian Sea,2009,mai,10995,0.7224047306176083,79058,4.1692479674796745,2.527769095430641,199396.088,72722,6247,0,0
Ionian Sea,2012,avril,12580,0.8265440210249672,45838,2.538382113821138,1.4480852068544852,67035.3672,42519,2596,1,0
Ionian Sea,2014,sept,5955,0.3912614980289093,57000,2.3084018691588786,1.5533795670593233,86843.8942,55358,530,0,0
Ionian Sea,2015,févr,6645,0.43659658344283836,114816,1.7018243902439025,1.102980879575237,129408.6498,100600,9802,4,0
Ionian Sea,2016,janv,12520,0.8226018396846255,228386,2.121840650406504,1.2754315142163453,293159.1406,205286,16326,0,0
Ionian Sea,2017,janv,3426,0.22509855453350852,23382,1.5256760683760684,1.1070918640353258,26522.5514,22770,122,0,0
Ionian Sea,2020,janv,6042,0.3969776609724047,77404,1.8021373983739837,1.1745214122182233,93143.8843,74205,1018,0,0
Ionian Sea,2020,sept,11638,0.7646517739816031,134291,2.5217154471544716,1.6538587908072033,225025.6993,129353,949,0,0
Ionian Sea,2022,janv,2127,0.13975032851511168,27200,1.52298,1.0986464368091358,31656.0119,26189,94,0,0
Ionian Sea,2022,févr,5395,0.3544678055190539,69481,1.6602639344262295,1.0333496803208642,72665.8891,65695,1387,0,0
Ionian Sea,2022,sept,13356,0.8775295663600525,241909,2.999733606557377,1.7149247827526517,436260.6354,216128,20175,7,0
Ionian Sea,1987,sept,12029,0.790341655716163,105758,2.720899180327869,1.759255897685837,185490.9899,100626,3921,0,0
Ionian Sea,1994,mars,5424,0.35637319316688565,47385,1.934058620689655,1.2466851462013238,59350.144,45224,1002,0,0
Ionian Sea,1998,févr,1890,0.12417871222076216,14498,1.416736974789916,1.0630423380563594,16071.0433,13788,261,0,0
Ionian Sea,1998,mars,1205,0.07917214191852825,4489,1.2881009523809523,1.0422935696257458,4818.167,4439,2,0,0
Ionian Sea,1999,mars,9,5.913272010512483e-4,50,1.3512666666666666,1.0530144444444445,53.7148,50,0,0,0
Ionian Sea,2002,juin,4505,0.2959921156373193,30031,3.4783460784313727,2.515654883186209,74848.5591,29895,37,0,0
Ionian Sea,2004,oct,7210,0.47371879106438897,56757,2.5168311475409837,1.589768402158777,90129.2808,54332,161,0,0
Ionian Sea,2005,mars,276,0.018134034165571616,1740,1.6409709677419355,1.2625654248202907,2155.4006,1705,35,0,0
Ionian Sea,2006,août,4040,0.26544021024967146,21640,2.662890350877193,1.8903003530015687,39930.4963,21233,364,0,0
Ionian Sea,2006,déc,5892,0.3871222076215506,101201,2.243045,1.4718909172625254,155628.6404,81555,14855,326,0
Ionian Sea,2007,févr,7843,0.5153088042049935,101765,1.7925775,1.119403288736445,122585.6688,93834,4028,0,0
Ionian Sea,2007,mars,10397,0.6831143232588699,134436,2.1231454545454547,1.2755796786114808,173760.3451,124531,7701,9,0
Ionian Sea,2009,sept,11641,0.7648488830486202,91268,2.934449180327869,1.9711181255901091,180395.3426,82694,8226,0,0
Ionian Sea,2010,oct,291,0.01911957950065703,1516,1.5704456140350878,1.3247034316412003,2022.0511,1511,0,0,0
Ionian Sea,2011,juil,12301,0.8082128777923785,103448,3.676238524590164,2.2595876754415785,233440.3457,98754,4601,0,0
Ionian Sea,2012,mars,8464,0.5561103810775295,63455,1.8194897435897435,1.1850200624560108,75764.4453,60797,1393,0,0
Ionian Sea,2014,oct,11256,0.7395532194480946,114918,2.5636983606557378,1.7068643157823795,202196.7945,108963,2981,0,0
Ionian Sea,2015,mars,4645,0.3051905387647832,53528,1.7348795081967212,1.096256983893013,60288.0822,49535,2511,4,0
Ionian Sea,2020,févr,8073,0.5304204993429698,139996,1.8203672131147541,1.122789708460073,159109.9168,128645,6269,0,0
Ionian Sea,2020,nov,7961,0.5230617608409986,87576,2.0647606557377047,1.464671305963833,129180.8143,85315,138,0,0
Ionian Sea,2022,mars,3804,0.24993429697766098,42311,1.5639801652892562,1.0464986653046808,44711.4978,40371,320,0,0
Ionian Sea,2022,mai,9001,0.5913929040735874,51249,3.3723573770491804,2.227879495868685,114898.5287,48986,1398,0,0
Ionian Sea,2022,oct,6744,0.44310118265440207,56878,2.4155652892561985,1.6155697887488694,93652.5306,55269,389,0,0
Ionian Sea,2022,nov,13034,0.8563731931668856,207280,2.7251942622950818,1.6203473541138782,335692.13049999997,199313,3173,0,0
Ionian Sea,1987,oct,7642,0.5021024967148489,41449,2.5115371900826444,1.5983550187569733,66362.4949,40621,542,0,0
Ionian Sea,1990,nov,9083,0.5967805519053877,147347,2.7468083333333335,1.7332491296381898,264653.0636,137712,5866,0,0
Ionian Sea,1991,oct,2912,0.19132720105124837,28763,2.258670930232558,1.6675812626700033,48023.7676,27908,0,0,0
Ionian Sea,1993,oct,878,0.05768725361366623,3947,2.037718918918919,1.5993219679077058,6738.0766,3730,198,3,0
Ionian Sea,2002,oct,232,0.015243101182654402,1712,1.6982263157894737,1.4150435308358718,2498.3743,1712,0,0,0
Ionian Sea,2003,févr,1221,0.0802233902759527,6606,1.281611111111111,0.9969893560576765,6413.5345,6376,0,0,0
Ionian Sea,2004,déc,2573,0.169053876478318,20832,1.7715677685950413,1.263947367130861,26347.9136,20295,0,0,0
Ionian Sea,2005,janv,3071,0.20177398160315374,42632,1.7133644628099174,1.2003958689053582,50971.4068,41244,239,0,0
Ionian Sea,2009,févr,1173,0.07706964520367937,7787,1.341406153846154,1.0292209801268302,8231.0012,7741,0,0,0
Ionian Sea,2021,oct,10028,0.6588699080157687,79726,2.3140466666666666,1.5857921498527603,128737.7679,77244,2210,0,0
Ionian Sea,2021,déc,378,0.02483574244415243,2727,1.5081478260869565,1.2279618394705507,3307.2897,2713,0,0,0
Ionian Sea,1990,mai,230,0.015111695137976347,1214,2.3593825,1.8130071425915009,2254.4645,1170,44,0,0
Ionian Sea,1994,avril,1797,0.11806833114323259,6869,1.5349681818181817,1.2168194732793807,8426.7244,6837,13,0,0
Ionian Sea,1997,janv,2790,0.18331143232588698,30375,1.983,1.2637468854237413,39698.2647,28625,1246,0,0
Ionian Sea,1997,mars,4381,0.2878449408672799,47189,1.7786818181818183,1.199108760234111,57633.2709,45260,341,0,0
Ionian Sea,1998,janv,628,0.04126149802890933,3455,1.3741078125,1.060976542709891,3699.1981,3430,7,0,0
Ionian Sea,1998,avril,1456,0.09566360052562417,8462,1.485364705882353,1.1883544737038376,10123.7725,8462,0,0,0
Ionian Sea,2019,févr,2590,0.17017082785808146,35166,1.4307082568807339,1.0205449307825416,36447.0107,33777,74,0,0
Ionian Sea,1997,févr,4637,0.304664914586071,57541,2.0086822222222223,1.2735089151285282,74217.3524,54228,1716,2,0
Ionian Sea,2003,avril,3603,0.23672798948751642,4206,1.6245089552238805,1.3620949837067629,5850.1816,4206,0,0,0
Ionian Sea,2005,nov,2993,0.19664914586070958,32414,2.448979411764706,1.6994735077388643,56806.615,31283,373,0,0
Ionian Sea,2009,oct,519,0.03409986859395532,3138,1.6805702702702703,1.4128226159294002,4719.124,3138,0,0,0
Ionian Sea,2014,août,1235,0.08114323258869909,7988,2.288669230769231,1.6872831289889934,12824.5261,7700,241,0,0
Ionian Sea,1982,oct,279,0.0183311432325887,690,1.705618181818182,1.5102468119033174,1048.9543,690,0,0,0
Ionian Sea,2006,mai,2829,0.18587385019710906,20323,3.6965089743589745,2.339184695309839,50459.1917,16859,3351,0,0
Ionian Sea,2007,mai,10737,0.7054533508541393,105615,3.785806779661017,2.188441228497087,229006.4127,95685,7780,0,0
Ionian Sea,2015,déc,7212,0.473850197109067,119572,2.2437256637168144,1.484051740164026,179144.6818,111251,5141,0,0
Ionian Sea,1990,oct,7080,0.4651773981603154,80712,2.5771645454545453,1.7444757080415398,145418.4588,77345,492,0,0
Ionian Sea,2011,août,4364,0.28672798948751643,19596,2.2915407407407407,1.6268962141811238,32599.6472,19282,0,0,0
Ionian Sea,2014,juin,668,0.04388961892247043,3660,3.293432692307692,2.384065613516502,8773.9893,3515,145,0,0
Ionian Sea,1990,mars,5921,0.3890275952693824,80824,1.8662046728971964,1.2075854064258438,101807.3294,75044,3270,0,0
Ionian Sea,1993,sept,682,0.04480946123521682,4016,2.0171245283018866,1.5883955455755425,6565.3309,4010,0,0,0
Ionian Sea,1997,mai,1065,0.06997371879106438,6661,2.583676666666667,1.921783935616676,13123.223,6647,14,0,0
Ionian Sea,2009,janv,755,0.049605781865965835,6624,1.6148955555555555,1.1840550060811816,7939.4384,6446,45,0,0
Ionian Sea,2014,mai,91,0.005978975032851511,541,1.765242105263158,1.4464940630512582,796.0550000000001,534,0,0,0
Ionian Sea,1994,mai,2605,0.17115637319316687,14255,2.9009089552238807,2.2346368555558835,33192.7109,14255,0,0,0
Ionian Sea,2023,mai,1955,0.12844940867279894,9384,2.477343269230769,1.928070824113113,16891.440599999998,9124,177,0,0
Ionian Sea,2023,juin,3186,0.2093298291721419,19240,3.1457306306306307,2.298973672386952,45190.3213,18874,206,0,0
Ionian Sea,1988,févr,1531,0.10059132720105125,7346,1.4409284210526316,1.040761637577483,7686.5699,7229,51,0,0
Ionian Sea,1990,févr,5631,0.3699737187910644,65509,1.905280412371134,1.2158165360362068,81121.4178,57050,6095,416,0
Ionian Sea,1993,nov,3023,0.19862023653088043,25929,2.666074157303371,1.659923865101428,44541.9853,24156,1416,0,0
Ionian Sea,2006,sept,53,0.0034822601839684625,332,1.4262823529411766,1.2985632279467851,424.2047,332,0,0,0
Ionian Sea,2009,mars,2,1.3140604467805518e-4,10,1.3017,1.14662,11.4662,10,0,0,0
Ionian Sea,2010,août,1992,0.13088042049934298,17541,2.2277785714285714,1.5888956763629771,29428.8785,16691,672,37,0
Ionian Sea,2013,juil,5223,0.34316688567674114,39650,2.7754924528301887,1.8668231304396643,77660.8709,39107,198,0,0
Ionian Sea,1988,juil,364,0.023915900131406043,1306,1.8983558823529412,1.6115980857143026,2078.8338,1306,0,0,0
Ionian Sea,2007,août,1019,0.06695137976346911,3998,1.9774205479452054,1.5836736670204477,6615.7348,3995,1,0,0
Ionian Sea,2007,sept,610,0.04007884362680683,2408,1.744377192982456,1.4581320738044516,3830.0559,2408,0,0,0
Ionian Sea,2008,oct,229,0.015045992115637319,1372,1.8743104166666666,1.6416976922886248,2355.526,1313,0,0,0
Ionian Sea,1990,janv,3594,0.23613666228646518,42062,1.8288404255319148,1.221962473777133,52166.7549,38952,1571,0,0
Ionian Sea,2010,sept,334,0.021944809461235216,2521,1.608389090909091,1.376570357492572,3499.5022,2448,0,0,0
Ionian Sea,2015,juin,8742,0.5743758212877792,63071,3.416874107142857,2.4259879541771827,153242.4683,62937,87,0,0
Ionian Sea,1989,déc,3401,0.22345597897503286,36575,2.140918888888889,1.4702677527665053,52766.2288,35233,865,0,0
Ionian Sea,1993,août,459,0.030157687253613667,2315,1.946329090909091,1.5550305821763009,3611.0624,2313,2,0,0
Ionian Sea,1996,févr,1683,0.11057818659658344,13578,1.538204,1.1195509383153461,15379.8875,13148,180,0,0
Ionian Sea,2006,oct,123,0.008081471747700394,610,1.797025,1.5644008798101534,972.9248,607,0,0,0
Ionian Sea,1994,juin,722,0.047437582128777925,2505,2.877951020408163,2.192294538163683,5624.727,2483,22,0,0
Ionian Sea,1987,juil,1375,0.09034165571616294,7141,3.218187804878049,2.2176254676744933,15402.2133,6676,465,0,0
Ionian Sea,2008,août,1167,0.0766754270696452,5446,1.9534747126436782,1.4924070242519822,8285.116,5421,0,0,0
Ionian Sea,2011,mai,366,0.0240473061760841,818,2.4213833333333334,2.1270226040187903,1780.5889,816,0,0,0
Ionian Sea,2001,mai,626,0.04113009198423127,1830,2.380543859649123,1.8816397405697707,3705.7709,1706,124,0,0
Ionian Sea,2009,nov,294,0.01931668856767411,1277,1.5652852941176472,1.2950149997921205,1679.0416,1266,3,0,0
Ionian Sea,2021,avril,4521,0.29704336399474374,16276,1.5372990654205607,1.1502175745949077,19019.0529,16162,18,0,0
Ionian Sea,1990,avril,5642,0.3706964520367937,36601,2.8126208333333333,1.5371869204354593,55337.3938,28189,6389,1885,0
Ionian Sea,1996,mars,77,0.005059132720105125,335,1.1264476190476191,1.0204109668031487,343.4694,335,0,0,0
Ionian Sea,2002,nov,610,0.04007884362680683,3047,1.77844,1.5143337821724554,4847.2771,3019,28,0,0
Ionian Sea,2006,nov,1302,0.08554533508541393,8921,2.050830612244898,1.5105598093861858,14319.7336,7951,605,0,0
Ionian Sea,1982,juin,505,0.03318002628120893,3478,2.5152454545454543,2.030321755115898,7283.4756,3378,0,0,0
Ionian Sea,1985,mars,70,0.0045992115637319315,350,1.2217642857142856,1.0571855952380953,373.2019,350,0,0,0
Ionian Sea,1990,sept,295,0.01938239159001314,1045,1.7139916666666666,1.421752449415701,1490.2688,1041,0,0,0
Ionian Sea,1994,févr,174,0.011432325886990802,328,1.0334657142857142,0.9469636690439617,323.1945,328,0,0,0
Ionian Sea,2011,oct,7201,0.4731274638633377,54119,2.242570754716981,1.6632512214986477,91508.3304,53145,616,0,0
Ionian Sea,2005,mai,240,0.01576872536136662,1227,2.151273333333333,1.6087788168904116,2017.2741,1214,13,0,0
Ionian Sea,1990,août,559,0.036727989487516426,3660,2.4257324324324325,1.9839444385163323,7469.5586,3655,0,0,0
Ionian Sea,1991,mars,1857,0.12201051248357424,15097,1.4683342857142858,1.1225306240350716,18141.8931,14879,6,0,0
Ionian Sea,1994,déc,2122,0.13942181340341656,31062,2.357425316455696,1.4841483696055857,45625.3984,29426,677,0,0
Ionian Sea,1995,janv,1277,0.08390275952693824,5144,1.550175,1.2605587565350485,6405.5739,5079,0,0,0
Ionian Sea,2000,août,183,0.01202365308804205,1159,2.1086615384615386,1.5827084234440296,1857.7279,1104,0,0,0
Ionian Sea,1988,janv,1409,0.09257555847568988,8804,1.438658536585366,1.054364128141272,9278.4292,8603,31,0,0
Ionian Sea,1988,avril,176,0.011563731931668856,904,1.6618696969696969,1.2898781611060095,1191.4868,904,0,0,0
Ionian Sea,1989,nov,120,0.00788436268068331,486,1.7483923076923078,1.4897356895301206,730.4172,486,0,0,0
Ionian Sea,2005,sept,1,6.570302233902759e-5,5,1.6881,1.40126,7.0062999999999995,5,0,0,0
Ionian Sea,1985,févr,385,0.025295663600525625,2500,1.181444,0.9320853309004826,2331.0434,2493,0,0,0
Ionian Sea,1985,juin,1066,0.07003942181340342,6408,2.329901298701299,2.0302470209171086,13041.819,6408,0,0,0
Ionian Sea,1982,nov,125,0.00821287779237845,692,1.683575,1.439757399600535,996.0196,692,0,0,0
Ionian Sea,1986,sept,1052,0.06911957950065703,6531,1.9009014925373133,1.499889848186742,9903.7219,6531,0,0,0
Ionian Sea,1987,nov,322,0.021156373193166884,1671,2.010165,1.6320086956107713,2975.1944,1652,0,0,0
Ionian Sea,2005,juin,1555,0.10216819973718791,6342,2.892930909090909,2.258473109714823,14475.4215,6342,0,0,0
Ionian Sea,1991,sept,1699,0.11162943495400789,12435,2.0466727272727274,1.5787973893894935,21796.5994,12237,0,0,0
Ionian Sea,1991,nov,204,0.013403416557161629,985,1.932295238095238,1.6368732680861509,1651.0176,985,0,0,0
Ionian Sea,1992,août,2423,0.15919842312746385,16132,2.514878651685393,1.876499414239799,31059.7732,16011,0,0,0
Ionian Sea,2012,janv,2418,0.15886990801576872,40105,1.600917894736842,1.1309496878420868,48356.3876,37673,1230,0,0
Ionian Sea,1989,avril,324,0.02128777923784494,1816,1.525311111111111,1.2075399831756843,2279.7423,1760,56,0,0
Ionian Sea,1996,janv,1447,0.09507227332457294,10114,1.49695,1.0859987383618672,10899.8615,9873,2,0,0
Ionian Sea,1985,déc,353,0.02319316688567674,2029,1.4970612903225806,1.2173004369587628,2587.7225,2027,0,0,0
Ionian Sea,1986,janv,385,0.025295663600525625,2222,1.4224391304347825,1.119758912853242,2570.6644,2218,0,0,0
Ionian Sea,1986,mai,4367,0.2869250985545335,30087,2.972219587628866,2.275558420460949,70591.796,30074,0,0,0
Ionian Sea,1986,oct,965,0.06340341655716163,8424,1.8763602564102564,1.5214449304893227,13204.0874,8215,0,0,0
Ionian Sea,1997,oct,276,0.018134034165571616,1672,1.9518193548387097,1.600713045237699,2801.2438,1672,0,0,0
Ionian Sea,2013,juin,1443,0.09480946123521682,8256,3.6113114942528735,2.6885899814046903,23148.1267,8095,161,0,0
Ionian Sea,1986,juin,453,0.0297634691195795,513,2.003009090909091,1.9271080683544144,993.5808,513,0,0,0
Ionian Sea,1986,nov,100,0.006570302233902759,579,1.5533583333333334,1.3429694998037467,768.3346,577,0,0,0
Ionian Sea,1986,déc,312,0.02049934296977661,2364,1.4047204081632654,1.202934539913285,2930.7239,2324,0,0,0
Ionian Sea,2000,juin,3800,0.24967148488830487,22486,3.2248510416666667,2.3082213308363078,52575.7906,22202,115,0,0
Ionian Sea,2011,déc,5303,0.34842312746386334,75356,2.2373515789473686,1.380489913149487,108120.8375,72154,1487,0,0
Ionian Sea,2012,févr,1618,0.10630749014454664,20241,1.3102492063492064,0.9215969934964441,19279.5778,19310,254,0,0
Ionian Sea,2004,juin,271,0.01780551905387648,886,2.4716918918918918,2.1952748211256337,2026.1882,886,0,0,0
Ionian Sea,1990,juil,206,0.013534822601839684,421,2.279875,1.9799181075260675,813.0096,421,0,0,0
Ionian Sea,1985,janv,53,0.0034822601839684625,317,1.2255615384615384,1.0204150875692815,322.994,317,0,0,0
Ionian Sea,2005,oct,566,0.03718791064388962,3339,2.166884210526316,1.7845700829416364,6232.5199,3309,0,0,0
Ionian Sea,1983,juil,285,0.018725361366622863,1524,2.2157652173913043,1.9057540773868447,2854.85,1524,0,0,0
Ionian Sea,2009,juil,1389,0.09126149802890933,7209,2.92697,2.240071482005373,16127.196899999999,7209,0,0,0
Ionian Sea,1985,juil,160,0.010512483574244415,878,2.4062722222222224,1.9127329548062164,1632.8162,878,0,0,0
Ionian Sea,1987,déc,9,5.913272010512483e-4,50,1.2184666666666666,1.0961792892156863,54.8023,50,0,0,0
Ionian Sea,1991,août,15,9.855453350854138e-4,82,1.63755,1.4356896296296295,117.25890000000001,82,0,0,0
Ionian Sea,1995,déc,356,0.023390275952693825,1495,1.3133407407407407,1.0460252591880284,1664.9463,1470,0,0,0
Ionian Sea,1988,oct,565,0.03712220762155059,2592,2.1313176470588235,1.7536097721766064,4787.0417,2486,2,0,0
Ionian Sea,1988,nov,552,0.03626806833114323,4117,2.37335,1.6866351903736103,6986.8683,3802,29,0,0
Ionian Sea,1999,juil,59,0.003876478318002628,332,2.4650090909090907,2.0402319828929256,722.1483,332,0,0,0
Ionian Sea,2020,juin,831,0.05459921156373193,1208,2.366017948717949,2.120033537951244,2593.5744,1208,0,0,0
Ionian Sea,1985,oct,705,0.046320630749014456,4814,1.8910581818181817,1.5838440446474413,7986.8449,4750,0,0,0
Ionian Sea,1991,avril,768,0.05045992115637319,3457,1.4418714285714285,1.1174059465491897,3879.3924,3456,1,0,0
Ionian Sea,2000,juil,292,0.019185282522996058,1716,3.246362857142857,2.279842441807869,3924.0043,1672,44,0,0
Ionian Sea,2004,sept,249,0.01636005256241787,1874,2.1624263157894736,1.6236965244859627,3106.127,1823,0,0,0
Ionian Sea,2007,oct,267,0.017542706964520368,2158,2.2584105263157896,1.6833113697148543,3886.246,2138,0,0,0
Ionian Sea,1992,sept,1016,0.06675427069645204,2820,2.683482,2.043687583177634,5840.075,2820,0,0,0
Ionian Sea,2001,déc,333,0.02187910643889619,2047,1.9227366666666668,1.5221763888322313,3249.4693,2034,4,0,0
Ionian Sea,1997,avril,71,0.004664914586070959,166,1.2815466666666666,1.1084714954163484,182.7874,155,0,0,0
Ionian Sea,1998,mai,50,0.0032851511169513796,50,1.8158777777777777,1.762874475308642,89.4043,50,0,0,0
Ionian Sea,2000,avril,775,0.050919842312746384,2826,1.9970828571428572,1.5538754575567042,4506.2759,2749,17,0,0
Ionian Sea,2017,nov,73,0.004796320630749014,391,1.765625,1.4627003255406303,568.2659,391,0,0,0
Ionian Sea,2022,avril,172,0.011300919842312745,956,1.8047542857142858,1.3112733792547515,1264.8018,946,10,0,0
Ionian Sea,1986,avril,58,0.0038107752956636006,290,1.7443363636363636,1.2715734805194805,382.52070000000003,286,4,0,0
Ionian Sea,2011,nov,688,0.04520367936925099,4011,1.8207952380952381,1.4716988944074516,6230.286,4010,0,0,0
Ionian Sea,1988,sept,29,0.0019053876478318003,160,2.3137,1.8146365552896608,290.4389,160,0,0,0
Ionian Sea,2006,avril,286,0.018791064388961894,1757,1.7063282051282052,1.271676190619843,2405.1385999999998,1715,42,0,0
Ionian Sea,2007,nov,127,0.008344283837056505,787,1.84591,1.4644619727309474,1205.7024,787,0,0,0
Ionian Sea,2007,déc,43,0.0028252299605781867,205,1.5416142857142856,1.2978166424381072,266.46320000000003,205,0,0,0
Ionian Sea,1997,sept,82,0.005387647831800263,466,1.8169,1.5867657166027547,754.5255,466,0,0,0
Ionian Sea,2005,avril,205,0.013469119579500657,1103,1.43116,1.1584221813806694,1243.3509,1098,0,0,0
Ionian Sea,2004,avril,160,0.010512483574244415,757,1.4260714285714287,1.1615768777511004,891.5791,754,3,0,0
Ionian Sea,2001,juin,9,5.913272010512483e-4,20,2.17392,1.918235,38.3647,20,0,0,0
Ionian Sea,2004,févr,1509,0.09914586070959264,12759,1.4537972222222222,1.0538125877689228,13340.8825,12492,22,0,0
Ionian Sea,1990,juin,41,0.0026938239159001315,124,2.836923076923077,2.191650922177238,277.7714,124,0,0,0
Ionian Sea,2002,déc,650,0.042706964520367936,2693,1.6707102040816326,1.345918332400653,3622.408,2656,10,0,0
Ionian Sea,1984,nov,473,0.031077529566360052,2114,1.9756045454545454,1.4146972496171208,2956.555,2035,53,0,0
Ionian Sea,1984,déc,581,0.038173455978975035,2420,1.5799472727272728,1.3141554684320753,3288.1828,2420,0,0,0
Ionian Sea,1991,déc,18,0.0011826544021024967,18,1.24525,1.211948611111111,22.0054,18,0,0,0
Ionian Sea,1996,août,63,0.004139290407358738,465,2.2973285714285714,1.8355556147959373,917.3334,465,0,0,0
Ionian Sea,2002,janv,23,0.0015111695137976346,47,1.03079,0.9282363571428571,44.0141,47,0,0,0
Ionian Sea,1985,nov,7,4.599211563731931e-4,40,1.7089333333333334,1.4805801851851852,59.28830000000001,40,0,0,0
Ionian Sea,1982,juil,11,7.227332457293035e-4,62,1.7083125,1.6137304166666666,100.5378,62,0,0,0
Ionian Sea,2004,août,27,0.001773981603153745,135,1.679275,1.4024061726190475,188.37,135,0,0,0
Ionian Sea,1996,mai,16,0.0010512483574244415,85,1.71544,1.5662675765993266,133.9626,85,0,0,0
Ionian Sea,1982,sept,432,0.02838370565045992,2370,1.937891111111111,1.5610464628685727,3812.9777,2366,0,0,0
Ionian Sea,1986,août,85,0.005584756898817345,462,1.5742041666666666,1.373029005676671,634.4383,459,0,0,0
Ionian Sea,1992,juil,30,0.0019710906701708277,30,1.6145714285714285,1.5656822448979593,47.4735,30,0,0,0
Ionian Sea,1992,févr,180,0.011826544021024966,697,1.0833428571428572,0.9333603752326308,699.8194,697,0,0,0
Ionian Sea,1996,juin,53,0.0034822601839684625,293,2.65275,2.309194174265211,705.9780000000001,293,0,0,0
Ionian Sea,2005,févr,17,0.001116951379763469,42,1.0002,0.9303020512820512,40.5925,42,0,0,0
Ionian Sea,2014,juil,159,0.010446780551905387,790,2.2742894736842105,1.9562822878406794,1520.3928,790,0,0,0
Ionian Sea,1985,avril,38,0.0024967148488830486,216,1.7739875,1.3750734315652564,310.7126,216,0,0,0
Ionian Sea,2003,mars,102,0.0067017082785808145,371,1.2369304347826087,1.0703982384403037,416.07210000000003,369,2,0,0
Ionian Sea,1998,nov,38,0.0024967148488830486,200,1.4988000000000001,1.333399029100529,268.8659,200,0,0,0
Ionian Sea,1999,janv,223,0.014651773981603153,1484,1.5162200000000001,1.0850978701317253,1732.6253,1355,124,0,0
Ionian Sea,2019,avril,795,0.05223390275952694,5365,1.777388888888889,1.2597180404924329,6654.2789,5319,4,0,0
Ionian Sea,2009,avril,38,0.0024967148488830486,195,1.4947142857142857,1.109098102538185,211.0176,195,0,0,0
Ionian Sea,2000,oct,80,0.005256241787122208,478,1.8535875,1.4929198200938114,733.478,478,0,0,0
Ionian Sea,2006,mars,22,0.001445466491458607,34,1.3295875,1.2531089583333332,43.5827,34,0,0,0
Ionian Sea,1993,avril,55,0.0036136662286465177,225,1.7850714285714286,1.467038976190476,331.7095,225,0,0,0
Ionian Sea,2004,mars,515,0.033837056504599214,3199,1.5367451612903225,1.1071247214023339,3517.1704,3196,3,0,0
Ionian Sea,1992,mars,132,0.008672798948751642,615,1.1575666666666666,0.9366498583200694,586.6903,615,0,0,0
Ionian Sea,2000,janv,111,0.007293035479632063,663,1.5934035714285715,1.279520128987052,898.4014,646,17,0,0
Ionian Sea,1985,août,2,1.3140604467805518e-4,2,2.3756,2.2294,4.4588,2,0,0,0
Ionian Sea,1999,févr,110,0.007227332457293035,390,1.3425466666666668,1.0964296366085184,439.8114,386,0,0,0
Ionian Sea,1997,déc,4,2.6281208935611036e-4,25,1.56315,1.3579753205128204,33.9647,25,0,0,0
Ionian Sea,1989,juil,24,0.0015768725361366622,121,3.1758333333333333,2.682907023809524,323.6235,121,0,0,0
Ionian Sea,1982,mars,17,0.001116951379763469,85,1.1392,1.0162497222222222,86.6195,85,0,0,0
Ionian Sea,1982,févr,1,6.570302233902759e-5,4,1.0905,0.99705,3.9882,4,0,0,0
Ionian Sea,2000,févr,1,6.570302233902759e-5,5,2.2475,1.39228,6.9614,4,1,0,0
Aegean Sea,1989,avril,1728,0.1329844543635524,10434,2.082037931034483,1.609292230416988,17315.782,10417,0,0,0
Aegean Sea,1989,mai,1075,0.08273049099584423,1845,1.589884,1.3673501427183918,2569.9959,1845,0,0,0
Aegean Sea,1990,nov,924,0.07110974295828844,2553,1.9647063157894737,1.6354514366441883,4612.3961,2523,0,0,0
Aegean Sea,1990,déc,3825,0.29436663075265507,42600,2.3278768,1.5966117517979386,75764.7591,41190,234,0,0
Aegean Sea,1991,janv,5329,0.4101123595505618,53917,2.302011510791367,1.4811559718557736,88877.4073,49757,3061,0,0
Aegean Sea,1991,févr,704,0.05417885177774357,6946,2.0486763157894736,1.4799320941023766,11493.7978,5941,836,0,0
Aegean Sea,1991,mars,443,0.03409265814991534,2823,2.512605,1.639429252014509,4705.223,2351,466,0,0
Aegean Sea,1991,nov,171,0.013159919963059874,1009,2.8347157894736843,2.182334340820708,2214.6528,991,0,0,0
Aegean Sea,1992,oct,692,0.05325534862244113,2764,2.03592183908046,1.690869046958569,4604.8939,2740,0,0,0
Aegean Sea,1992,nov,2011,0.1547637371094351,14610,2.29030703125,1.7517814338858182,27398.1801,14466,4,0,0
Aegean Sea,1993,oct,3766,0.289826073572418,34425,2.5153613636363636,1.7103069363850318,60028.1415,33499,272,0,0
Aegean Sea,1993,déc,946,0.07280283207634293,9574,2.0881808510638296,1.5316994007654805,16178.8776,9325,59,0,0
Aegean Sea,1994,janv,1115,0.0858088348468524,13916,2.422198113207547,1.6522366838850604,25719.5539,11478,2017,73,0
Aegean Sea,1994,mai,4045,0.31129752193319993,25625,3.642182962962963,2.1864020028632445,57002.8861,23185,2427,0,0
Aegean Sea,1994,juin,502,0.038633215330152376,1029,2.1186622641509434,1.761613246505127,2006.6622,1010,19,0,0
Aegean Sea,1994,sept,12111,0.9320455594889949,159202,3.2608640287769783,2.056359514818311,330322.6722,148350,8379,24,0
Aegean Sea,1994,oct,12819,0.9865322456518393,254581,3.524187769784173,2.20114789113841,549961.9905,209816,40733,91,0
Aegean Sea,1994,nov,7035,0.5414037247960597,60855,2.868559124087591,1.9052105923151486,117030.681,57576,2558,0,0
Aegean Sea,1995,janv,66,0.00507926735416346,348,1.7580916666666666,1.4540623072176513,554.4648,348,0,0,0
Aegean Sea,1995,févr,1060,0.08157611205171618,5448,1.5470978494623655,1.2547614640439662,7776.2465,5326,0,0,0
Aegean Sea,1995,mars,1783,0.1372171771586886,12791,1.6806745454545455,1.26456541110865,16379.0636,12539,48,0,0
Aegean Sea,1995,avril,368,0.02832076342927505,2096,1.5371116279069768,1.2611361930107945,2576.0973,2091,5,0,0
Aegean Sea,1995,mai,368,0.02832076342927505,1114,2.1722241379310345,1.8425077930757143,2125.9313,1114,0,0,0
Aegean Sea,1995,juin,8315,0.6399107280283207,100991,3.324936090225564,2.052559561921216,205890.9161,92065,5100,0,0
Aegean Sea,1995,sept,901,0.06933969524395875,6351,2.3251194805194806,1.825865046830805,11753.2805,6294,0,0,0
Aegean Sea,1995,oct,169,0.013006002770509466,840,1.990121052631579,1.6797242735487825,1467.7597,840,0,0,0
Aegean Sea,1995,nov,50,0.003847929813760197,484,2.5532666666666666,1.890291871893574,916.9126,454,0,0,0
Aegean Sea,1995,déc,218,0.016776973987994458,2538,2.32598125,1.7876876322494373,4668.7827,2489,0,0,0
Aegean Sea,1996,janv,254,0.019547483453901802,2367,2.045465,1.57914936374896,3862.1063,2230,0,0,0
Aegean Sea,1996,févr,78,0.006002770509465907,672,1.8739,1.4757835303436126,1006.5880999999999,636,0,0,0
Aegean Sea,1996,nov,315,0.02424195782668924,2020,1.9765707317073171,1.7058676967870445,3625.2268,1999,0,0,0
Aegean Sea,1997,janv,2289,0.1761582268739418,37114,2.007981896551724,1.4534322420588643,62203.3523,34049,2144,0,0
Aegean Sea,1997,févr,1256,0.09665999692165615,14639,1.7750373626373626,1.2857310742676022,21111.2001,13823,424,0,0
Aegean Sea,1997,mai,2004,0.15422502693550869,13685,2.6044886363636364,1.9124851544576686,24548.5497,13483,175,0,0
Aegean Sea,1997,juin,4354,0.33507772818223797,33726,3.0960345323741008,2.157208534568802,71431.7908,33349,335,0,0
Aegean Sea,1998,févr,667,0.05133138371556103,3868,1.548512765957447,1.1986966945346498,4623.3652,3772,27,0,0
Aegean Sea,1998,avril,1940,0.14929967677389563,13505,2.260011111111111,1.5194407734973319,21656.6745,11728,1756,0,0
Aegean Sea,1998,juil,2072,0.15945821148222256,7499,2.867569230769231,2.1423154423363195,14968.4167,7364,85,0,0
Aegean Sea,1998,août,3419,0.26312144066492227,39649,2.9028638888888887,1.885797639971344,78699.061,36072,3271,0,0
Aegean Sea,1998,sept,2203,0.16953978759427427,12510,2.5180055555555554,1.838117728572977,22622.9795,12422,0,0,0
Aegean Sea,1998,oct,2232,0.17177158688625518,21307,2.3106686746987952,1.7215885185888231,37988.9949,20853,56,0,0
Aegean Sea,1998,nov,2325,0.17892873633984915,20618,2.3507235772357724,1.8195647576694247,39730.0245,20297,0,0,0
Aegean Sea,1999,févr,3562,0.27412651993227644,30271,1.7615894736842106,1.25460200207008,41151.5769,29485,67,0,0
Aegean Sea,1999,mars,4536,0.34908419270432506,44376,1.8651125984251968,1.3260354820733808,61506.6782,43896,57,0,0
Aegean Sea,1999,avril,5381,0.4141142065568724,26629,2.3958892086330934,1.61481289841445,40991.1492,25136,873,0,0
Aegean Sea,1999,mai,8172,0.6289056487609666,50644,3.527731884057971,2.039473033257117,99168.5467,40731,9404,188,0
Aegean Sea,1999,juin,4670,0.3593966446052024,38187,3.0077820143884892,2.072363073150232,79792.5453,37300,484,0,0
Aegean Sea,1999,juil,3784,0.2912113283053717,23495,2.760241605839416,1.965963016097209,45914.424,23207,60,0,0
Aegean Sea,1999,août,10012,0.7705094659073418,122952,3.445517985611511,2.0353745546723356,248391.5107,114427,6772,0,0
Aegean Sea,1999,sept,7134,0.5490226258273049,54807,2.4256294964028777,1.6560563828336348,90976.6554,52991,186,0,0
Aegean Sea,1999,oct,10716,0.8246883176850854,159319,3.24588345323741,1.9154072716849864,300133.0094,150798,5354,357,0
Aegean Sea,1999,nov,4480,0.34477451131291365,53461,2.394442,1.6992451437962612,92758.3633,52567,55,0,0
Aegean Sea,1999,déc,3928,0.3022933661690011,61636,2.254341463414634,1.5836672554449245,97179.9753,60140,127,0,0
Aegean Sea,2000,janv,1173,0.09027243343081422,5918,1.6983852459016393,1.3695208072428897,9215.2236,5849,0,0,0
Aegean Sea,2000,févr,122,0.00938894874557488,1099,1.8697411764705882,1.4547897866474728,1633.8964,1093,0,0,0
Aegean Sea,2000,nov,2111,0.1624595967369555,20959,2.019694623655914,1.5593339391942238,35490.9155,20669,0,0,0
Aegean Sea,2000,déc,632,0.04863783284592889,4901,1.7619543209876543,1.421459833825703,6851.1231,4809,0,0,0
Aegean Sea,2001,janv,476,0.03663229182699708,2955,2.0009675675675673,1.4301192798579596,4386.8796,2706,230,0,0
Aegean Sea,2001,févr,1231,0.09473603201477605,10333,1.717386046511628,1.2477235743898396,13362.4722,10002,141,0,0
Aegean Sea,2001,mars,9325,0.7176389102662767,104409,2.652271739130435,1.5032848181019278,163597.475,93412,10104,150,0
Aegean Sea,2001,avril,3386,0.26058180698784056,14655,1.9885927835051547,1.3470780715007578,19480.2692,14372,242,0,0
Aegean Sea,2001,août,4901,0.3771740803447745,39054,2.6839088,1.8417280896354578,72851.2324,37093,661,0,0
Aegean Sea,2001,sept,8472,0.6519932276435277,96498,2.8617095588235295,1.8624986469652587,182988.6973,94848,381,0,0
Aegean Sea,2001,oct,8597,0.6616130521779283,110407,2.7605115107913667,1.8220663805661044,206153.562,106715,893,0,0
Aegean Sea,2001,déc,35,0.002693550869632138,180,2.6689833333333333,1.938720933269629,348.6864,180,0,0,0
Aegean Sea,2002,mars,9275,0.7137909804525165,98834,2.3403446043165466,1.3807116096841143,137814.8605,92834,3269,109,0
Aegean Sea,2002,mai,321,0.024703709404340465,1657,1.929493023255814,1.548408949218528,2581.2277,1657,0,0,0
Aegean Sea,2002,juin,1089,0.0838079113436971,6005,2.996606349206349,1.9864957507894636,11934.1353,4693,1304,8,0
Aegean Sea,2002,juil,9958,0.7663537017084808,110636,3.7762492753623187,2.312779286908591,258195.0691,98708,7067,0,0
Aegean Sea,2002,août,8755,0.6737725103894104,133828,4.067876978417266,2.5292760549081783,355290.4552,111277,21461,0,0
Aegean Sea,2002,sept,3689,0.2839002616592273,33329,2.2435066115702478,1.714863899003789,56760.0293,32765,0,0,0
Aegean Sea,2002,oct,5288,0.40695705710327845,56916,2.434609022556391,1.7444991604710647,104269.5617,56205,31,0,0
Aegean Sea,2002,nov,8138,0.6262890564876097,85846,2.798651798561151,1.7650897412697413,154385.7883,82371,916,0,0
Aegean Sea,2002,déc,7872,0.6058180698784054,63079,2.6574618705035973,1.6588573485142148,106379.60859999999,60968,804,0,0
Aegean Sea,2003,mai,7398,0.5693396952439588,91033,3.90140071942446,2.278740798864131,201801.4941,77004,12284,550,0
Aegean Sea,2003,juin,6184,0.47591195936586117,62360,3.6236169117647057,2.3089836947275466,144024.9128,55857,5628,0,0
Aegean Sea,2003,juil,7598,0.5847314144989996,66667,3.7292108695652173,2.2565336817909962,146080.162,58572,6955,7,0
Aegean Sea,2003,août,5530,0.4255810374018778,38142,2.8360007194244603,1.7882211573722817,69608.1043,36354,1266,0,0
Aegean Sea,2003,nov,1577,0.1213637063259966,11338,2.1984686274509806,1.6528881043478896,19237.3944,11165,87,0,0
Aegean Sea,2004,avril,351,0.027012467292596584,1755,2.0056473684210525,1.5026817482337407,2646.9165000000003,1752,3,0,0
Aegean Sea,2004,oct,7344,0.5651839310450978,53125,2.4941274074074076,1.7501859619475744,93879.0215,51721,283,0,0
Aegean Sea,2004,nov,11368,0.8748653224565184,174763,3.0241474820143885,1.8840990766560872,337665.0638,162560,8283,0,0
Aegean Sea,2004,déc,2583,0.19878405417885178,27629,2.134678260869565,1.5764305761775348,45242.9156,27210,23,0,0
Aegean Sea,2005,janv,2029,0.15614899184238878,17693,2.086491489361702,1.4245192289375175,25855.762600000002,17037,211,0,0
Aegean Sea,2005,févr,129,0.009927658919501307,457,1.7807526315789475,1.3938311440711524,663.9005,457,0,0,0
Aegean Sea,2005,oct,431,0.0331691549946129,3576,1.836751724137931,1.415371415581755,5088.7873,3498,0,0,0
Aegean Sea,2006,janv,414,0.03186085885793443,4088,1.8541583333333334,1.2596920103995315,5248.217,3965,29,0,0
Aegean Sea,2006,févr,258,0.019855317839002615,2492,1.7415368421052633,1.3130528334678275,3375.1928,2437,14,0,0
Aegean Sea,2006,mars,121,0.009311990149299676,622,1.6180277777777778,1.32457677334705,818.1842,606,0,0,0
Aegean Sea,2006,avril,136,0.010466369093427736,694,2.347372,1.9603249073119753,1321.2345,689,5,0,0
Aegean Sea,2006,mai,2816,0.21671540711097428,14949,3.015155737704918,2.2030655645825314,33244.5761,14726,113,0,0
Aegean Sea,2006,juin,2550,0.19624442050177004,9413,3.033249193548387,2.21272101133275,20505.1827,8962,441,0,0
Aegean Sea,2006,juil,596,0.04586732338002155,1466,2.1815615384615383,1.9107492531456673,2832.7925999999998,1466,0,0,0
Aegean Sea,2006,déc,266,0.020470986609204246,2524,2.321175,1.7864418039842995,4842.0607,2402,0,0,0
Aegean Sea,2007,janv,470,0.03617054024934585,3223,1.8504363636363637,1.5069871480471289,5564.9096,3152,9,0,0
Aegean Sea,2007,févr,456,0.035093119901493,3586,1.8029285714285714,1.3982536281046747,5738.135,3548,4,0,0
Aegean Sea,2007,mars,729,0.05610281668462367,7400,1.739206818181818,1.2742810920657184,10699.5822,6950,2,0,0
Aegean Sea,2007,avril,404,0.03109127289518239,3428,1.8140268292682926,1.4175493000082933,4695.347,3291,0,0,0
Aegean Sea,2007,juin,9972,0.7674311220563337,108975,5.040982014388489,2.8178175762282307,318640.5568,69846,35193,3549,0
Aegean Sea,2007,juil,8235,0.6337540403263044,80760,3.483812230215827,2.0715568710372914,171498.3537,71367,8074,140,0
Aegean Sea,2007,août,10514,0.8091426812374942,76867,3.119994964028777,1.9707319360258861,151123.8703,72955,1807,0,0
Aegean Sea,2007,sept,9841,0.7573495459442819,71374,2.98018345323741,1.987110567846923,142964.44,70149,1130,0,0
Aegean Sea,2007,nov,374,0.028782515006926274,2319,1.9356641025641026,1.6160784822261947,3760.4318,2319,0,0,0
Aegean Sea,2008,mai,3867,0.2975988917962136,21702,3.4869,2.3281816526106027,50946.2065,20340,1362,0,0
Aegean Sea,2008,juin,5468,0.4208096044328151,35015,3.5985043165467627,2.309996013131865,80103.0576,32750,2045,3,0
Aegean Sea,2008,juil,4116,0.3167615822687394,31359,2.9148674242424244,1.9608031466377065,62240.9215,29792,650,0,0
Aegean Sea,2008,août,2790,0.214714483607819,20140,2.5351410256410256,1.8388512247631081,38748.5917,19652,227,0,0
Aegean Sea,2008,sept,4466,0.3436970909650608,36065,2.760497101449275,1.8527558924837724,68935.3547,34236,1168,0,0
Aegean Sea,2008,déc,2324,0.17885177774357394,18093,2.0264285714285712,1.5317247559099316,28506.3524,17833,90,0,0
Aegean Sea,2009,févr,1531,0.11782361089733723,10552,1.5217153061224489,1.1207143323111501,12018.0991,10413,15,0,0
Aegean Sea,2009,juin,8151,0.6272895182391873,62236,3.16611640625,2.0992898794197035,125454.5015,57593,2288,0,0
Aegean Sea,2009,juil,8498,0.653994151146683,97609,3.7621551470588237,2.2762378399487013,219362.8858,86161,10311,5,0
Aegean Sea,2009,août,1145,0.08811759273510851,7645,2.4754178571428573,1.797517154575454,14654.4419,7495,50,0,0
Aegean Sea,2009,oct,2401,0.18477758965676466,26265,2.0882387931034483,1.5592911226913326,42466.9236,25611,14,0,0
Aegean Sea,2009,nov,3268,0.25150069262736646,18643,2.150246511627907,1.5760186038641824,30099.4336,18277,142,0,0
Aegean Sea,2009,déc,6914,0.5320917346467601,105042,2.6200597122302156,1.6228622980302432,169928.5529,99562,2474,26,0
Aegean Sea,2010,janv,10078,0.7755887332615053,220404,2.583884892086331,1.5915980405908647,357728.0555,203605,11796,324,0
Aegean Sea,2010,févr,10306,0.7931352932122518,169669,2.32868345323741,1.4530410397348834,255165.6292,139516,26447,184,0
Aegean Sea,2010,mars,10573,0.8136832384177313,221251,2.224657971014493,1.4249505595016627,316297.3557,201472,11847,0,0
Aegean Sea,2010,avril,11599,0.8926427581960905,245840,2.842393525179856,1.574205759592306,378509.4465,223308,15209,277,0
Aegean Sea,2010,mai,12371,0.952054794520548,173981,4.001402877697842,2.1164757067945237,356149.75310000003,151831,20025,148,0
Aegean Sea,2010,juin,12108,0.9318146837001693,149244,4.2865690647482015,2.342727675130043,336944.6836,129791,17938,28,0
Aegean Sea,2010,juil,10878,0.8371556102816684,120969,3.2108194244604316,1.9804515695874914,235090.2992,117037,534,0,0
Aegean Sea,2010,août,12875,0.9908419270432507,318008,4.202573381294964,2.5314313004171636,786547.2556,245088,69377,25,0
Aegean Sea,2010,sept,11051,0.8504694474372787,153527,2.865664748201439,1.7595361184147298,269964.8509,149233,468,0,0
Aegean Sea,2010,oct,6959,0.5355548714791443,50867,2.4322191304347824,1.6969849590426977,84807.5564,49500,164,0,0
Aegean Sea,2010,nov,12123,0.9329690626442974,145149,2.7233208633093526,1.8005473173131303,264551.0476,140994,768,0,0
Aegean Sea,2010,déc,12871,0.99053409265815,279864,3.1209079136690647,1.8443932948758914,510065.8417,260315,12568,4,0
Aegean Sea,2011,janv,12027,0.9255810374018778,306897,2.7345309352517986,1.65898536154204,506626.8383,276941,21701,59,0
Aegean Sea,2011,févr,12135,0.9338925657995998,287845,2.3206539568345326,1.4412512056256015,413848.5405,266603,14911,64,1
Aegean Sea,2011,mars,11111,0.855086963213791,222429,2.174954074074074,1.349316266970128,296138.4173,212434,2228,21,0
Aegean Sea,2011,avril,7788,0.5993535477912882,71871,1.8387046153846154,1.2697428686391132,94171.4843,69738,304,0,0
Aegean Sea,2011,juin,4959,0.38163767892873635,36271,2.741051094890511,1.9308104493583522,69470.4999,35409,443,0,0
Aegean Sea,2011,juil,8600,0.6618439279667538,79682,3.4955093525179857,2.2729849505806237,185141.2965,77554,1442,0,0
Aegean Sea,2011,août,8960,0.6895490226258273,55699,3.2400474820143885,2.065502541015391,114591.44930000001,54729,432,0,0
Aegean Sea,2011,sept,7433,0.5720332461135909,111244,2.930355395683453,1.8841957805633744,219213.6372,106017,4155,0,0
Aegean Sea,2012,avril,3100,0.23857164845313222,11443,1.8603304347826086,1.4416576116980875,15873.9204,11047,98,0,0
Aegean Sea,2012,mai,12775,0.9831460674157303,181247,3.7034136690647483,2.1725672139973646,375572.885,157415,22116,77,0
Aegean Sea,2012,juin,10543,0.8113744805294751,135383,3.95218345323741,2.2981568453184695,307289.6748,118813,13249,63,0
Aegean Sea,2012,juil,9846,0.757734338925658,158979,3.7992654676258995,2.2807701280849564,361271.5807,139062,16946,50,0
Aegean Sea,2012,août,10544,0.8114514391257504,188693,3.58165035971223,2.107483585324889,395668.8105,169396,15446,20,0
Aegean Sea,2012,sept,5635,0.4336616900107742,43935,2.2503719424460433,1.6327100543126325,73573.5367,43196,123,0,0
Aegean Sea,2012,oct,12530,0.9642912113283053,311391,3.2937287769784174,2.12751022444646,657061.9384,259402,46362,0,0
Aegean Sea,2012,nov,12172,0.9367400338617824,283872,3.246305035971223,1.989340215620984,564499.1524,258547,19575,0,0
Aegean Sea,2013,avril,12846,0.9886101277512698,153964,3.8711474820143885,1.865026287327257,279331.4153,119869,31357,486,0
Aegean Sea,2013,mai,12972,0.9983069108819456,243437,4.710407194244604,2.355277964481793,551892.4025,178597,55339,4960,0
Aegean Sea,2013,juin,4538,0.3492381098968755,44189,2.76613309352518,1.8773316378316285,81412.1186,43691,149,0,0
Aegean Sea,2013,août,3410,0.2624288132984454,35332,2.4637459016393444,1.703984744440176,60255.2921,34848,39,0,0
Aegean Sea,2013,sept,4768,0.3669385870401724,55163,2.350011851851852,1.6814953956959173,101124.4701,53690,181,0,0
Aegean Sea,2014,févr,7935,0.6106664614437433,144012,2.124502158273381,1.3252893716523673,198711.3254,118233,21749,14,0
Aegean Sea,2014,mars,9734,0.7491149761428352,155693,2.1760805755395682,1.3739280214526952,215923.8824,143402,6570,0,0
Aegean Sea,2014,avril,12028,0.925657995998153,187279,2.266079856115108,1.4309816169424288,270675.6267,175283,5914,0,0
Aegean Sea,2014,mai,3650,0.2808988764044944,24141,2.527039130434783,1.7374708769638223,48448.7614,23705,369,0,0
Aegean Sea,2014,juin,3395,0.26127443435431735,24251,2.72702803030303,1.898825716385539,47188.2274,23741,462,0,0
Aegean Sea,2014,juil,5903,0.45428659381252884,29803,2.958906474820144,2.1101992785887593,67827.6254,29689,34,0,0
Aegean Sea,2014,août,11702,0.9005694936124365,230615,3.4896992805755396,2.0618330571748977,480470.109,222416,2366,0,0
Aegean Sea,2014,sept,12419,0.9557488071417577,218568,3.1183877697841726,1.9641508794789915,437472.4104,210222,4693,0,0
Aegean Sea,2014,oct,671,0.05163921810066184,4376,1.8356514285714285,1.4766654005219284,6767.6747000000005,4279,0,0,0
Aegean Sea,2014,déc,9371,0.7211790056949361,180929,2.5855159090909092,1.6817332634636477,295296.4451,172669,3922,0,0
Aegean Sea,2015,mai,10641,0.8189164229644451,117965,3.605844604316547,1.9979087381875829,235065.2586,108368,8907,19,0
Aegean Sea,2015,juil,10738,0.8263814068031399,73495,3.4612561151079135,2.293808371361254,164739.7395,66856,6315,0,0
Aegean Sea,2015,août,12970,0.9981529936893951,247024,3.8844956834532374,2.320955831770604,575242.1701,200723,43549,327,0
Aegean Sea,2015,sept,12465,0.9592889025704171,254277,3.451256834532374,1.9628241724325388,504221.8767,237987,11609,0,0
Aegean Sea,2015,oct,9085,0.6991688471602278,143959,2.5230828125,1.6563789477634352,250917.1323,138929,924,0,0
Aegean Sea,2015,nov,7468,0.574726796983223,92538,2.320331654676259,1.6121624184125165,155653.1813,90647,19,0,0
Aegean Sea,2015,déc,6332,0.48730183161459134,49858,2.1132496402877696,1.4732272211151805,74627.0589,49188,26,0,0
Aegean Sea,2016,mars,11274,0.8676312144066493,176779,2.270646043165468,1.4028797746450894,252883.9089,159742,12959,0,0
Aegean Sea,2016,avril,12994,1,314427,3.8465525179856117,2.0002695118461173,611257.6995,208891,87889,9959,194
Aegean Sea,2016,mai,8200,0.6310604894566723,44137,2.2902251798561153,1.6153131370853187,70292.9633,43114,361,0,0
Aegean Sea,2016,juin,12011,0.9243496998614745,107726,3.547428776978417,2.176144531193269,227113.1367,102070,4433,0,0
Aegean Sea,2016,juil,10899,0.8387717408034477,95774,2.9776395683453236,1.9825035435287655,185976.0693,93117,1372,0,0
Aegean Sea,2016,août,6908,0.5316299830691088,81136,2.691881884057971,1.7919438735755169,153778.341,78925,1363,0,0
Aegean Sea,2016,sept,5562,0.4280437124826843,52412,2.5756326086956522,1.7841443203739156,96425.9183,51165,164,0,0
Aegean Sea,2016,oct,2947,0.22679698322302602,33707,2.21274,1.6224836954723183,56330.2941,32978,0,0,0
Aegean Sea,2016,nov,4870,0.37478836386024317,60751,2.223734234234234,1.620898166443536,99483.6655,59194,18,0,0
Aegean Sea,2016,déc,2413,0.18570109281206712,29078,1.8458035714285714,1.4352414100654887,42535.212,28191,0,0,0
Aegean Sea,2017,févr,857,0.06595351700784978,4476,1.272940425531915,1.060401354514597,4948.5891,4337,2,0,0
Aegean Sea,2017,mars,2768,0.2130213944897645,24066,1.623978787878788,1.174058747095385,29340.976,23691,38,0,0
Aegean Sea,2017,avril,7622,0.5865784208096044,53533,2.5557654676258994,1.5185306591572294,78673.3473,50634,2248,4,0
Aegean Sea,2017,mai,9889,0.7610435585654918,85826,2.721838129496403,1.7353246511976324,144007.0032,84045,575,0,0
Aegean Sea,2017,juin,12132,0.9336616900107743,115605,4.5753,2.3716986633132544,253882.2397,99594,14820,361,0
Aegean Sea,2017,juil,12203,0.9391257503463137,84655,4.772220143884892,2.76363870187609,202351.9953,64457,18284,948,0
Aegean Sea,2017,août,4290,0.3301523780206249,45057,2.955176724137931,1.9741818617541762,89868.6119,40630,3802,0,0
Aegean Sea,2017,sept,4243,0.3265353239956903,36940,2.664609923664122,1.8203021477313674,69344.2878,36530,268,0,0
Aegean Sea,2017,oct,223,0.017161766969370478,1204,1.6937192307692308,1.445531314896365,1695.0398,1176,0,0,0
Aegean Sea,2018,févr,9227,0.7100969678313067,127993,2.0119575539568344,1.2535062276812905,164567.9786,122097,1349,0,0
Aegean Sea,2018,mars,11539,0.8880252424195783,195510,2.2033553956834533,1.3857177245748193,269471.831,183665,3240,0,0
Aegean Sea,2018,avril,12994,1,347676,4.554867625899281,2.029186016878208,682172.5185,232486,100765,7962,72
Aegean Sea,2018,mai,12994,1,369944,4.598194964028777,2.722781208464499,992155.6358,196973,150244,19295,307
Aegean Sea,2018,juin,12622,0.9713714021856241,276135,4.053061151079136,2.443313892172206,663230.3179,216905,54504,61,0
Aegean Sea,2018,juil,12368,0.9518239187317223,254806,4.2610244604316545,2.3805929623789934,602356.9828,230272,21669,91,0
Aegean Sea,2018,août,12006,0.9239649068800985,148869,3.3517064748201437,2.016963079067078,292630.7372,143313,2188,0,0
Aegean Sea,2018,sept,12299,0.9465137755887333,195458,2.992556115107914,1.8644113344468678,360743.3966,190201,1789,0,0
Aegean Sea,2018,oct,3288,0.25303986455287053,40091,2.6477296875,1.6694276851024565,67913.3422,38152,1070,0,0
Aegean Sea,2018,nov,3170,0.2439587501923965,43801,2.1942435185185185,1.5995435460481446,76859.0511,41672,1277,0,0
Aegean Sea,2018,déc,891,0.06857010928120671,6238,1.9718779411764706,1.4093139145513045,9287.8128,6051,49,0,0
Aegean Sea,2019,mars,8867,0.6823918731722334,163795,2.169515107913669,1.401699809482534,231115.6883,157338,1994,0,0
Aegean Sea,2019,avril,4959,0.38163767892873635,34674,2.217149264705882,1.5108624575126595,49123.3456,33877,377,0,0
Aegean Sea,2019,mai,3888,0.2992150223179929,23160,2.294110218978102,1.6649516601369456,39951.9252,22777,19,0,0
Aegean Sea,2019,juin,12807,0.9856087424965368,227442,4.089825899280576,2.3326599231255463,526688.482,201509,21672,20,0
Aegean Sea,2019,juil,8678,0.6678466984762198,84974,3.221564748201439,2.032654828466132,169154.558,80361,3265,9,0
Aegean Sea,2019,août,7171,0.5518700938894875,68515,2.810575187969925,1.779714788795557,122618.5794,66733,344,0,0
Aegean Sea,2019,sept,3940,0.30321686932430353,28610,2.252934074074074,1.627581922290101,48579.5794,27750,74,0,0
Aegean Sea,2019,oct,10494,0.8076035093119901,180051,2.7563438848920865,1.7919205322542708,323383.2444,172400,4488,0,0
Aegean Sea,2019,nov,12661,0.974372787440357,345006,3.4784438848920862,2.351384795759285,797375.7045,259597,82369,8,0
Aegean Sea,2019,déc,12294,0.9461289826073572,334817,3.3053741007194244,2.041908715916783,679854.5275,266249,64794,10,0
Aegean Sea,2020,janv,9908,0.7625057718947207,108216,2.3629071942446043,1.4799857599114015,172714.2395,96350,9737,74,0
Aegean Sea,2020,mai,10232,0.7874403570878867,82243,4.6047246376811595,2.432817291955935,218395.6554,47703,23927,8882,1724
Aegean Sea,2020,juil,6978,0.5370170848083731,56714,3.185164748201439,2.0492246225667388,111544.798,54203,1918,6,0
Aegean Sea,2020,août,6966,0.5360935816530706,49010,2.547881884057971,1.74204244653954,85994.5293,48434,197,0,0
Aegean Sea,2020,sept,11567,0.890180083115284,164352,3.152034532374101,1.9000392073475207,319674.8678,153816,5893,0,0
Aegean Sea,2020,oct,12975,0.9985377866707711,369831,3.4218920863309354,2.2163005491459424,816657.1644,328781,38074,8,0
Aegean Sea,2020,nov,11766,0.9054948437740495,194467,3.1847625899280576,1.9760259711415642,388779.6787,183356,7705,0,0
Aegean Sea,2020,déc,10192,0.7843620132368786,212166,2.828587050359712,1.780545292214189,383607.9429,186882,20842,104,0
Aegean Sea,2021,janv,12200,0.9388948745574881,322914,2.9259388489208633,1.782867572377813,564544.4125,269588,48395,349,0
Aegean Sea,2021,févr,11844,0.9114976142835155,265500,2.7857230215827338,1.6375604425167904,428795.6097,190128,68265,2784,142
Aegean Sea,2021,avril,4675,0.35978143758657843,13533,1.9517832061068703,1.3584386484815683,18639.5371,13050,331,6,0
Aegean Sea,2021,mai,8009,0.6163613975681084,65638,3.0985874074074076,1.904891733641962,122538.2278,57175,7362,286,0
Aegean Sea,2021,juin,10065,0.7745882715099276,72553,4.51103309352518,2.6998936926397903,194618.2341,51538,19347,287,0
Aegean Sea,2021,juil,12586,0.9686008927197168,173543,4.290146762589928,2.449235924658179,422904.99,142030,28424,142,0
Aegean Sea,2021,août,11193,0.8613975681083577,147304,4.645711510791367,2.44416416225114,373773.6818,108088,34445,2532,0
Aegean Sea,2021,sept,8473,0.652070186239803,25855,2.9934676258992807,1.9764409746420228,52432.1066,24361,1434,15,0
Aegean Sea,2021,nov,1464,0.11266738494689857,15323,2.0838788732394367,1.5609454753068233,26128.427,15005,56,0,0
Aegean Sea,2022,mai,8306,0.6392181006618439,49536,3.58894964028777,2.2049426538701495,107315.1864,43883,5194,44,0
Aegean Sea,2022,juin,9469,0.7287209481299061,114734,4.01848273381295,2.2694719043562075,250718.5284,104969,7347,33,0
Aegean Sea,2022,juil,4227,0.3253039864552871,36615,2.968272868217054,1.976591601585447,73214.8262,35239,868,0,0
Aegean Sea,2022,août,11945,0.9192704325073111,126064,3.1878122302158274,2.0289458095741963,253906.9728,121472,3033,0,0
Aegean Sea,2022,sept,11741,0.9035708788671695,98666,3.4033892086330937,2.0635614427814417,203271.7313,87554,9904,0,0
Aegean Sea,2022,oct,2622,0.20178543943358473,15056,2.3446127118644067,1.7036299179172667,26972.1924,14873,51,0,0
Aegean Sea,2022,nov,4768,0.3669385870401724,69436,2.3358086956521737,1.7150337938230897,125538.1277,67838,177,0,0
Aegean Sea,2022,déc,10719,0.8249191934739111,153181,2.48664964028777,1.571606849749197,242936.459,147373,1689,0,0
Aegean Sea,2023,janv,12151,0.9351239033400031,279899,2.74896618705036,1.5429268435707506,430842.553,243509,19051,151,0
Aegean Sea,2023,févr,10904,0.8391565337848238,148101,2.3687021582733814,1.3960376068448959,210186.3207,129763,14697,20,0
Aegean Sea,2023,mars,11269,0.8672464214252732,208503,2.440346762589928,1.478690527410216,310681.6266,185273,17924,189,0
Aegean Sea,2023,avril,6983,0.5374018777897491,91279,2.4188388489208634,1.444411278894452,132406.8411,85728,3613,0,0
Aegean Sea,2023,juin,3977,0.3060643373864861,25595,2.4566031578947367,1.8004926685575373,47293.6899,25063,5,0,0
Aegean Sea,2023,juil,12820,0.9866092042481145,250134,0,0,0,195700,44532,850,0
Aegean Sea,2023,août,12290,0.9458211482222564,236189,0,0,0,200678,28234,0,0
Aegean Sea,2023,sept,9745,0.7499615207018624,166854,0.4428359712230216,0.3478127106859931,2130.2137,144920,15960,15,0
Aegean Sea,2023,oct,12994,1,232107,3.5536388489208632,2.1298808088779517,496480.3484,190825,38118,513,0
Aegean Sea,2023,nov,12994,1,368869,4.2398985611510795,2.757029475856351,1016950.6459,169396,194471,2775,0
Aegean Sea,2023,déc,12716,0.9786055102354932,362658,3.4554446043165465,2.2036524863069067,785567.5591,249457,109892,404,0
Aegean Sea,1982,janv,770,0.05925811913190703,5345,1.6997241379310344,1.3257763954695805,7273.9764,5294,30,0,0
Aegean Sea,1982,nov,89,0.00684931506849315,462,2.1308588235294117,1.6396876040129191,759.2193,457,5,0,0
Aegean Sea,1992,août,942,0.07249499769124211,2310,2.0495034090909092,1.7828054229675556,4075.5585,2254,0,0,0
Aegean Sea,1992,sept,1020,0.07849776820070802,5407,2.401768181818182,1.8927219580535783,10418.1253,5407,0,0,0
Aegean Sea,1993,janv,18,0.0013852547329536709,90,1.48832,1.387121,126.36280000000001,90,0,0,0
Aegean Sea,1993,mai,2173,0.16723102970601816,6012,2.5921066666666666,1.9729573818758521,12292.1588,5524,153,0,0
Aegean Sea,1993,juin,2420,0.18623980298599352,11015,2.681747747747748,2.029547438526373,23267.5363,10983,32,0,0
Aegean Sea,1993,nov,2121,0.16322918269970757,16932,2.4470679611650485,1.766634967554472,30724.4662,16448,215,0,0
Aegean Sea,1996,oct,286,0.022010158534708328,2621,1.9297086956521738,1.4940447094692502,3844.2241,2601,0,0,0
Aegean Sea,1996,déc,1067,0.0821148222256426,9654,1.9669652173913044,1.5348702403433214,15683.9423,9154,34,0,0
Aegean Sea,1998,janv,730,0.056179775280898875,6922,1.8878012658227847,1.4728960530186606,12211.2721,6593,143,0,0
Aegean Sea,2000,mai,1321,0.1016623056795444,7153,2.684206796116505,2.0070944275860025,13978.1737,7025,120,0,0
Aegean Sea,2000,juil,926,0.07126366015083885,6167,2.84918125,1.9927393704755312,12813.4099,5959,208,0,0
Aegean Sea,2003,janv,3211,0.24711405263967984,22330,1.7927864661654136,1.2855238761623582,29599.5834,22194,4,0,0
Aegean Sea,2003,déc,1841,0.14168077574265045,11332,1.9493961038961038,1.4891701531064891,18479.5996,11109,161,0,0
Aegean Sea,2004,juil,418,0.03216869324303525,2392,2.351194230769231,1.8895241015690447,4355.9875,2391,0,0,0
Aegean Sea,2005,déc,188,0.014468216099738342,1192,1.87415,1.491038474020888,1796.307,1192,0,0,0
Aegean Sea,2006,août,5096,0.3921810066184393,37572,3.0086579710144927,1.9909564314743289,76626.0585,37238,131,0,0
Aegean Sea,2008,janv,1273,0.09796829305833461,13720,1.84315125,1.3256325800024311,19185.1297,13046,230,0,0
Aegean Sea,2008,févr,522,0.04017238725565646,5007,1.7206,1.2043359040934087,6179.0159,4738,202,0,0
Aegean Sea,2008,avril,414,0.03186085885793443,2223,2.234121875,1.6375821163811048,3733.7776,2110,113,0,0
Aegean Sea,2009,janv,113,0.008696321379098045,616,1.663260975609756,1.3209800321035228,803.2943,615,0,0,0
Aegean Sea,2009,mars,661,0.050869632137909807,3891,1.4473479166666667,1.1338355327678888,4476.7181,3849,0,0,0
Aegean Sea,2009,mai,5532,0.42573495459442817,35157,3.173032608695652,2.1144784775527934,76916.2632,33288,1792,0,0
Aegean Sea,2014,janv,4571,0.3517777435739572,86708,2.0158268656716416,1.3882770004155296,123456.4881,77004,7593,0,0
Aegean Sea,2014,nov,3074,0.2365707249499769,26847,2.190282105263158,1.6001950939976037,43168.2894,26326,36,0,0
Aegean Sea,2016,janv,5566,0.42835154686778515,65292,1.8144826086956523,1.26656633698931,85971.9415,63575,311,0,0
Aegean Sea,2017,déc,1693,0.13029090349392028,16222,1.884431304347826,1.4671657675158025,25569.695499999998,15620,48,0,0
Aegean Sea,2018,janv,3497,0.2691242111743882,38940,1.9541356589147287,1.3620096619167945,60205.271,37821,436,1,0
Aegean Sea,2020,juin,3785,0.29128828690164693,30695,2.707315254237288,1.932601177490029,60388.7298,29168,839,0,0
Aegean Sea,2021,mars,8504,0.6544559027243343,120493,2.0246753623188405,1.3394420680327532,172195.0435,104158,12041,15,0
Aegean Sea,1988,juil,1541,0.11859319686008928,9853,2.639419191919192,1.9335525017911,20998.2521,9782,32,0,0
Aegean Sea,1988,août,221,0.017007849776820072,1021,1.9551578947368422,1.5449649068926428,1586.2783,1019,1,0,0
Aegean Sea,1990,avril,236,0.01816222872094813,1354,1.9778565217391304,1.4184547044727775,1973.4696000000001,1354,0,0,0
Aegean Sea,1993,sept,103,0.007926735416346005,579,2.054310344827586,1.6975676468655776,995.5998999999999,575,0,0,0
Aegean Sea,1995,août,335,0.02578112975219332,3013,2.210576923076923,1.78150289194337,5738.8283,3013,0,0,0
Aegean Sea,1998,mars,316,0.024318916422964444,1442,1.4145333333333334,1.1909048579219024,1721.0292,1438,0,0,0
Aegean Sea,1998,juin,1499,0.1153609358165307,9090,2.3976736263736265,1.9334172517886794,20478.5956,9044,0,0,0
Aegean Sea,1998,déc,2561,0.1970909650607973,27825,2.2039333333333335,1.6210705834131467,45508.4895,26919,97,0,0
Aegean Sea,2000,juin,1096,0.08434662151762352,6562,2.8923983333333334,2.196619124286898,15115.1973,6392,152,0,0
Aegean Sea,2001,nov,1067,0.0821148222256426,6400,2.938664935064935,1.9539911364464695,13408.12,6106,171,0,0
Aegean Sea,2002,févr,3864,0.29736801600738805,32984,1.756314406779661,1.245413648916474,44867.4016,31890,292,0,0
Aegean Sea,2002,avril,126,0.009696783130675696,493,1.3511633333333333,1.2438040862275752,568.3503000000001,493,0,0,0
Aegean Sea,2005,juil,3264,0.25119285824226567,15468,2.4117388059701494,1.805217562892877,28494.0826,15251,17,0,0
Aegean Sea,2005,août,3878,0.2984454363552409,24335,2.507094074074074,1.876559173569224,47077.323300000004,24059,56,0,0
Aegean Sea,2005,sept,218,0.016776973987994458,864,1.8668959999999999,1.560990516482312,1355.0545,864,0,0,0
Aegean Sea,2006,sept,1276,0.09819916884716022,2102,2.0595865384615384,1.8049945415787199,3725.8444,2008,0,0,0
Aegean Sea,2008,mars,910,0.07003232261043559,6720,1.578209090909091,1.2063174490866988,8423.4933,6538,62,0,0
Aegean Sea,2013,nov,7345,0.5652608896413729,147189,2.617484671532847,1.7644424724413506,265129.9349,141659,1883,0,0
Aegean Sea,2015,janv,7448,0.5731876250577189,73766,2.067368888888889,1.3764833309228688,100282.6496,72247,601,0,0
Aegean Sea,2016,févr,7243,0.5574111128213022,128072,2.022619708029197,1.255730990022592,164250.5851,116822,6261,0,0
Aegean Sea,1990,mai,68,0.005233184546713868,355,2.683464285714286,1.9541359389303274,714.5886,354,1,0,0
Aegean Sea,1994,juil,150,0.01154378944128059,520,1.8987962962962963,1.5978649030403764,839.8942,518,0,0,0
Aegean Sea,1994,août,447,0.03440049253501616,3871,2.6986018518518518,1.9600094181490488,7591.7434,3656,174,0,0
Aegean Sea,1995,juil,4674,0.3597044789903032,13506,2.55642479338843,1.8971118230709265,25621.6375,13098,292,0,0
Aegean Sea,1996,juin,89,0.00684931506849315,454,1.983525,1.7037955303724053,816.5059,454,0,0,0
Aegean Sea,1997,nov,189,0.014545174696013545,1477,2.153425,1.753330830766643,2830.9629,1443,0,0,0
Aegean Sea,1997,déc,531,0.040865014622133294,7161,2.1959938775510204,1.715655072543266,13346.2205,6932,36,0,0
Aegean Sea,2000,mars,68,0.005233184546713868,116,1.70695,1.5016853401360544,187.6445,116,0,0,0
Aegean Sea,2002,janv,186,0.014314298907187934,827,1.5566564102564102,1.3005115657141215,1109.6747,824,0,0,0
Aegean Sea,2003,sept,4446,0.3421579190395567,17079,2.810316296296296,2.040027765696046,35373.0128,15564,1512,0,0
Aegean Sea,2003,oct,395,0.030398645528705557,1489,1.9684191489361702,1.6649042026614953,2446.0165,1479,0,0,0
Aegean Sea,2013,mars,7995,0.6152839772202555,108264,1.8943360294117646,1.2466193429456776,137603.6128,103422,560,0,0
Aegean Sea,2013,juil,1228,0.09450515622595043,4973,2.254759090909091,1.7738366031962194,9298.2731,4964,9,0,0
Aegean Sea,2013,oct,5996,0.4614437432661228,30878,2.2980926470588234,1.682405533451194,51529.3397,30613,0,0,0
Aegean Sea,2013,déc,5138,0.39541326766199786,44935,1.9851822222222222,1.5076662429199752,69262.6404,43257,34,0,0
Aegean Sea,2015,mars,7882,0.6065876558411575,98208,1.8040503875968992,1.241151863510315,126458.8286,94425,736,0,0
Aegean Sea,2020,févr,9183,0.7067107895951977,158009,2.14905,1.3773256577039776,222055.358,136966,14743,947,0
Aegean Sea,2020,mars,7437,0.5723410804986917,104307,2.0480051470588236,1.3396641883858142,149978.7281,90897,10313,11,0
Aegean Sea,1982,févr,91,0.007003232261043559,391,1.375878947368421,1.1916641211915917,460.6883,391,0,0,0
Aegean Sea,1986,janv,555,0.04271202093273819,3564,1.7314015384615384,1.3367615843157532,5020.8991,3550,10,0,0
Aegean Sea,1988,janv,133,0.010235493304602125,1007,1.5626571428571427,1.1904528664574554,1269.6022,990,0,0,0
Aegean Sea,1991,oct,30,0.0023087578882561182,150,1.7470444444444444,1.568025888888889,235.3341,150,0,0,0
Aegean Sea,1997,juil,1765,0.13583192242573494,10820,2.6685794871794872,2.04594079289106,22204.6779,10679,115,0,0
Aegean Sea,2007,mai,2873,0.2211020470986609,22389,3.1594992424242423,2.1058967574145098,52885.898,21517,871,0,0
Aegean Sea,2012,déc,8575,0.6599199630598738,110553,2.4631866666666666,1.6528518137643635,184225.9308,107260,710,0,0
Aegean Sea,2013,févr,7593,0.5843466215176235,98602,1.8378896296296297,1.191880001491432,123231.5933,93871,1323,0,0
Aegean Sea,2017,nov,95,0.007311066646144375,467,1.6029190476190476,1.4170959535898542,669.7195,457,0,0,0
Aegean Sea,2019,janv,2877,0.22140988148376173,19400,1.7183045045045044,1.2908878986230565,25836.84,19005,21,0,0
Aegean Sea,1985,déc,229,0.017623518547021703,1445,1.6513285714285715,1.4180122621071993,2001.4157,1445,0,0,0
Aegean Sea,1996,mars,32,0.002462675080806526,177,1.678075,1.3580606645797038,246.6766,177,0,0,0
Aegean Sea,2008,nov,744,0.05725719562875173,8066,2.096407843137255,1.6623215984764619,14435.2789,7859,0,0,0
Aegean Sea,2011,mai,603,0.04640603355394798,1394,1.6982821428571429,1.5076850244779438,2155.0897,1394,0,0,0
Aegean Sea,1986,sept,166,0.012775126981683853,873,1.775452380952381,1.4981621796398679,1326.1873,873,0,0,0
Aegean Sea,2001,juil,3485,0.26820070801908574,21771,2.675148818897638,2.0417913098186067,46221.8255,21690,22,0,0
Aegean Sea,2004,août,1727,0.1329074957672772,12660,2.2319961165048543,1.7705250642634263,23007.2598,12657,0,0,0
Aegean Sea,2015,avril,3089,0.23772510389410498,13862,1.6410315789473684,1.2528296283802867,17118.4947,13535,238,0,0
Aegean Sea,2021,déc,1154,0.08881022010158535,5873,1.721769306930693,1.4085942866139682,8398.6561,5797,0,0,0
Aegean Sea,1986,févr,874,0.06726181314452824,5735,1.6269057692307691,1.168692894748942,7573.0284,5702,26,0,0
Aegean Sea,1986,mars,705,0.054255810374018776,1427,1.4682818181818182,1.2212700561237004,1849.7338,1425,2,0,0
Aegean Sea,1987,déc,48,0.0036940126212097893,231,1.54843,1.255420094047619,292.651,231,0,0,0
Aegean Sea,2022,janv,3492,0.26873941819301217,28748,2.0209546153846154,1.358984347697516,39887.8705,27855,358,0,0
Aegean Sea,1987,juil,426,0.03278436201323688,2607,2.7356265306122447,1.9438373376537472,5117.7564999999995,2369,238,0,0
Aegean Sea,1992,déc,46,0.0035400954286593815,132,1.5022875,1.3904847916666667,185.1511,132,0,0,0
Aegean Sea,2015,févr,9557,0.735493304602124,148439,2.018129230769231,1.2451442854871266,184866.5513,141134,2217,0,0
Aegean Sea,2022,avril,4033,0.3103740187778975,24171,2.5026276422764226,1.650932989908936,39143.0916,22672,1497,0,0
Aegean Sea,1994,févr,261,0.02008619362782823,2095,1.5548833333333334,1.2138868171369859,2978.0721,2013,64,0,0
Aegean Sea,1994,mars,1960,0.15083884869939973,15922,1.659502380952381,1.2914231420305176,19992.4566,15659,0,0,0
Aegean Sea,2000,oct,2,1.5391719255040788e-4,10,1.49515,1.32809,13.280899999999999,10,0,0,0
Aegean Sea,2022,févr,6057,0.4661382176389103,77224,1.744605426356589,1.1895006714716418,94856.8986,74821,180,0,0
Aegean Sea,2022,mars,5258,0.4046482992150223,47574,1.7695373015873015,1.1962168904387025,59419.2214,45496,388,0,0
Aegean Sea,2003,févr,1914,0.14729875327074035,5392,1.5374841584158416,1.204211223951947,6593.1286,5337,39,0,0
Aegean Sea,2013,janv,4112,0.3164537478836386,47169,1.867853488372093,1.2884719633955637,65323.8271,46017,76,0,0
Aegean Sea,1986,avril,2559,0.1969370478682469,19291,2.170066019417476,1.468627999297444,30761.2455,18147,1049,0,0
Aegean Sea,1997,mars,491,0.03778667077112514,4604,1.717725806451613,1.3006219347287007,6162.3491,4461,4,0,0
Aegean Sea,2011,oct,2621,0.20170848083730952,26079,2.323838679245283,1.7317118795777353,47113.5215,25222,187,0,0
Aegean Sea,2019,févr,6143,0.4727566569185778,104049,1.833960162601626,1.2537322828349902,133925.5586,99373,498,0,0
Aegean Sea,1992,janv,23,0.0017700477143296905,110,1.646375,1.2809910714285715,142.3385,104,6,0,0
Aegean Sea,1996,mai,2663,0.20494074188086808,16307,3.1476138297872343,2.1656559667882935,35829.6184,16007,260,0,0
Aegean Sea,1999,janv,3662,0.28182237955979683,45985,2.076095,1.4424385932004642,66341.3876,44650,50,0,0
Aegean Sea,2020,avril,2874,0.22117900569493612,10121,1.921664406779661,1.415644171569049,14280.2438,10080,35,0,0
Aegean Sea,1986,août,29,0.0022317992919809143,167,2.012525,1.7974242807539682,300.2282,167,0,0,0
Aegean Sea,2005,mars,1,7.695859627520394e-5,7,1.1683,0.9816857142857143,6.8718,7,0,0,0
Aegean Sea,2007,déc,388,0.029859935354779127,3108,1.6838244444444443,1.3971167245822187,4300.0791,3034,0,0,0
Aegean Sea,2023,mai,938,0.07218716330614129,2828,1.9276193548387097,1.5094479068192044,4278.5116,2828,0,0,0
Aegean Sea,1988,févr,17,0.001308296136678467,85,1.4279250000000001,1.0642721666666666,90.9605,85,0,0,0
Aegean Sea,2001,mai,96,0.007388025242419579,188,1.646108695652174,1.4854614839387665,295.6143,188,0,0,0
Aegean Sea,2001,juin,45,0.0034631368323841775,168,1.9521777777777778,1.7809447189153438,293.6703,168,0,0,0
Aegean Sea,2004,sept,86,0.0066184392796675385,372,1.7486464285714285,1.5563701017508833,576.3197,372,0,0,0
Aegean Sea,2015,juin,615,0.04732953670925042,4253,2.3322287878787877,1.805055386198333,7293.4704,4220,8,0,0
Aegean Sea,2017,janv,50,0.003847929813760197,318,1.3489923076923076,1.1747094417829531,376.93149999999997,318,0,0,0
Aegean Sea,2000,sept,141,0.010851162074803756,799,2.2165391304347826,1.8591542434113824,1509.548,799,0,0,0
Aegean Sea,2006,oct,161,0.012390334000307835,876,2.178837931034483,1.6960522034278718,1561.7562,876,0,0,0
Aegean Sea,1984,avril,800,0.061566877020163155,4592,1.5437697674418605,1.2408332816523493,5734.7733,4568,0,0,0
Aegean Sea,2000,août,261,0.02008619362782823,692,2.1316897435897437,1.7782328212006726,1236.4344,686,6,0,0
Aegean Sea,2008,oct,22,0.0016930891180544866,56,1.4371166666666666,1.3721386243386244,77.9208,56,0,0,0
Aegean Sea,1984,oct,1368,0.10527935970447899,8673,2.5096442857142858,1.8604460609205,16247.6569,8596,22,0,0
Aegean Sea,2004,janv,70,0.005387101739264276,272,1.44905,1.2825571557539683,338.7558,272,0,0,0
Aegean Sea,2007,oct,583,0.044866861628443895,3412,2.0144245283018867,1.6280540935722294,5808.6162,3394,0,0,0
Aegean Sea,1986,juin,535,0.04117284900723411,4034,2.0418833333333333,1.6061691414191923,6592.6689,4031,0,0,0
Aegean Sea,1987,sept,86,0.006618439279667539,501,1.76756,1.5411388798712877,754.6201,501,0,0,0
Aegean Sea,1987,oct,37,0.0028474680621825457,68,1.5905444444444445,1.423784193121693,99.7445,68,0,0,0
Aegean Sea,2004,févr,138,0.010620286285978144,448,1.3435216216216217,1.1767294982702337,522.3877,448,0,0,0
Aegean Sea,2009,sept,332,0.025550253963367707,1748,2.026648717948718,1.5690471612659267,2793.7088,1713,15,0,0
Aegean Sea,1984,févr,1570,0.12082499615207018,5291,1.6090634408602151,1.267807873282869,7200.6352,4824,467,0,0
Aegean Sea,1985,mai,5229,0.4024164999230414,46414,3.119101834862385,2.13712853389896,101932.1616,41689,4555,0,0
Aegean Sea,1989,août,241,0.01854702170232415,1225,2.0661589743589746,1.8207687736200275,2252.4806,1225,0,0,0
Aegean Sea,1989,sept,179,0.013775588733261505,622,2.118515,1.8733857169334251,1210.8493,622,0,0,0
Aegean Sea,2012,mars,1427,0.10981991688471603,9173,1.4624778947368422,1.1635222422548144,10560.4691,9035,0,0,0
Aegean Sea,1984,mars,1659,0.12767431122056333,8530,1.8957666666666666,1.350136702243843,12937.443299999999,7278,1003,247,0
Aegean Sea,1985,juin,851,0.06549176543019855,4766,2.2965927272727273,1.797021165635095,8739.4628,4766,0,0,0
Aegean Sea,2009,avril,362,0.027859011851623827,1945,1.600545238095238,1.2806155720334444,2562.8650000000002,1928,0,0,0
Aegean Sea,2003,avril,482,0.0370940434046483,754,1.51385,1.3777327409481066,1041.6473,754,0,0,0
Aegean Sea,1985,nov,34,0.002616592273356934,81,1.761175,1.6363277130325815,132.9529,81,0,0,0
Aegean Sea,2021,oct,95,0.007311066646144374,447,1.677769230769231,1.4643208225169109,649.4458,447,0,0,0
Aegean Sea,1993,août,73,0.0056179775280898875,463,2.2401153846153847,1.7407055113754213,841.827,462,1,0,0
Aegean Sea,1994,avril,1703,0.1310604894566723,9148,1.989193846153846,1.3476224696120953,12306.1858,8952,196,0,0
Aegean Sea,2004,mars,91,0.007003232261043558,273,1.1866772727272727,1.065739444371418,286.3041,273,0,0,0
Aegean Sea,2006,nov,1,7.695859627520394e-5,4,1.7398,1.652625,6.6105,4,0,0,0
Aegean Sea,2012,févr,118,0.009081114360474065,745,1.4344666666666668,1.0841479369381335,817.2789,742,3,0,0
Aegean Sea,2012,janv,70,0.005387101739264276,288,1.6096181818181818,1.417665138213335,405.3068,287,1,0,0
Aegean Sea,1984,janv,73,0.0056179775280898875,343,1.7314578947368422,1.4575307355391738,484.8236,342,1,0,0
Aegean Sea,1989,juil,458,0.03524703709404341,1839,2.232669090909091,1.819261070958229,3319.0047,1839,0,0,0
Aegean Sea,1993,juil,14,0.0010774203478528552,44,1.833425,1.6131982186234817,71.8394,44,0,0,0
Aegean Sea,1989,juin,415,0.031937817454209635,1190,2.0507470588235295,1.722126278057768,2072.0912,1190,0,0,0
Aegean Sea,1996,juil,108,0.008311528397722026,540,2.7178176470588236,2.0713510658622423,1126.8321,540,0,0,0
Aegean Sea,1983,juil,73,0.0056179775280898875,392,2.437652,1.920918848655479,750.311,384,8,0,0
Aegean Sea,1983,avril,26,0.0020009235031553025,73,2.036825,1.623236936431624,117.47879999999999,72,1,0,0
Aegean Sea,1983,mai,26,0.0020009235031553025,70,1.986775,1.6935197916666667,118.9923,69,1,0,0
Aegean Sea,2000,avril,604,0.04648299215022318,4179,2.5161396226415094,1.7092274608722313,7655.4992,4027,54,0,0
Aegean Sea,1988,mai,16,0.001231337540403263,80,1.7784428571428572,1.597574761904762,124.6434,80,0,0,0
Aegean Sea,1983,déc,21,0.0016161305217792827,58,1.835942857142857,1.5920338868274582,96.3629,58,0,0,0
Aegean Sea,1988,juin,215,0.016546098199168847,709,2.176837037037037,1.9094012578756876,1423.4921,709,0,0,0
Aegean Sea,1986,mai,303,0.023318454671386792,502,1.5092974358974358,1.3948066819198683,724.8228,502,0,0,0
Aegean Sea,1986,déc,1,7.695859627520394e-5,5,1.7241,1.46092,7.3046,5,0,0,0
Aegean Sea,1996,sept,10,7.695859627520395e-4,61,2.2514000000000003,1.893940591645197,115.7648,61,0,0,0
Aegean Sea,1994,déc,4,3.0783438510081576e-4,13,1.45005,1.2891972222222223,17.6723,13,0,0,0
Aegean Sea,2004,juin,1,7.695859627520394e-5,1,1.7356,1.7356,1.7356,1,0,0,0
Aegean Sea,1984,nov,229,0.017623518547021703,929,1.665957894736842,1.4617436802565178,1350.4009,929,0,0,0
Aegean Sea,1984,déc,19,0.0014622133292288748,19,1.37456,1.3666175,26.7812,19,0,0,0
Aegean Sea,1984,juin,21,0.0016161305217792829,117,2.1783799999999998,1.8126449512670566,214.1243,116,0,0,0
Aegean Sea,1984,mai,16,0.001231337540403263,39,2.26675,2.045125625,79.9531,39,0,0,0
Aegean Sea,1985,févr,116,0.008927197167923657,709,1.9257666666666666,1.2746942133042285,959.5432000000001,673,36,0,0
Aegean Sea,1985,mars,106,0.008157611205171618,775,1.5237909090909092,1.2570080368979064,985.8926,775,0,0,0
Aegean Sea,1992,févr,6,4.6175157765122367e-4,18,2.0347666666666666,1.4692925925925926,27.0773,16,2,0,0
Aegean Sea,2003,mars,10,7.695859627520395e-4,10,1.8234000000000001,1.7163361111111113,17.024700000000003,10,0,0,0
Alboran Sea,1983,juil,187,0.05345911949685535,968,2.631065714285714,2.1177782832692214,2047.0079,968,0,0,0
Alboran Sea,1983,déc,1778,0.5082904516866781,10974,1.8266686274509805,1.2991725209274312,14022.6817,10596,33,0,0
Alboran Sea,1985,nov,1321,0.377644368210406,9405,2.735104761904762,1.8148479494585428,18717.6214,9188,178,0,0
Alboran Sea,1986,oct,727,0.20783304745568898,3799,2.212525,1.8315884097857718,7342.5927,3736,0,0,0
Alboran Sea,1986,nov,1160,0.3316180674671241,10472,2.5351764705882354,1.7932003712375568,19883.286,10308,76,0,0
Alboran Sea,1987,sept,2081,0.5949113779302458,14409,3.266534090909091,2.1730272133751707,30663.8516,13667,551,0,0
Alboran Sea,1987,oct,1820,0.5202973127501429,8851,3.0620044444444443,2.2080488657334985,19034.769500000002,8597,185,0,0
Alboran Sea,1988,avril,882,0.2521440823327616,5508,2.0644384615384617,1.4858432721860617,7994.4224,4911,590,0,0
Alboran Sea,1989,août,1514,0.43281875357347055,9647,2.943731914893617,2.046927805931853,20367.651,9616,31,0,0
Alboran Sea,1989,sept,783,0.22384219554030876,2230,2.5455241379310345,1.9641684148213785,4427.1585,2230,0,0,0
Alboran Sea,1989,déc,1620,0.4631217838765009,22052,1.7893333333333334,1.167105858532406,29327.477600000002,19138,2002,29,0
Alboran Sea,1990,sept,2157,0.6166380789022299,13115,2.84547,1.9485885955884592,26859.8864,12923,63,0,0
Alboran Sea,1990,oct,1452,0.41509433962264153,7211,2.6898365853658537,1.878423443390176,13243.2882,7134,43,0,0
Alboran Sea,1991,août,273,0.07804459691252144,694,2.0759166666666666,1.7705322507016024,1240.8211,694,0,0,0
Alboran Sea,1991,sept,3371,0.9636935391652373,51611,3.5515764705882353,2.168855849862939,113362.9174,47408,2343,2,0
Alboran Sea,1994,juil,1435,0.4102344196683819,11090,3.915764705882353,2.427342724377506,26574.663,10356,723,1,0
Alboran Sea,1994,août,457,0.13064608347627216,3366,2.979504,1.9425401955661161,6516.7299,3110,21,0,0
Alboran Sea,1994,sept,387,0.11063464837049743,1991,2.217421875,1.7973177024563072,3611.7083000000002,1991,0,0,0
Alboran Sea,1995,mars,6,0.0017152658662092624,30,1.7979333333333334,1.1382055555555557,34.352,27,3,0,0
Alboran Sea,1995,août,554,0.15837621497998858,3234,2.9563,2.187700391462275,7443.9598,3030,204,0,0
Alboran Sea,1995,nov,1225,0.35020011435105775,7257,1.9981,1.3407506079483797,10014.111499999999,7187,29,0,0
Alboran Sea,1995,déc,2637,0.7538593481989708,23350,2.33056,1.3401870150886446,32109.209600000002,20754,2431,2,0
Alboran Sea,1996,janv,3311,0.9465408805031447,70299,2.451049019607843,1.325963457765076,98637.3589,55600,12240,220,0
Alboran Sea,1996,févr,3224,0.9216695254431103,36550,1.9576882352941176,1.2444150827185045,47213.623700000004,32738,2769,0,0
Alboran Sea,1996,avril,613,0.17524299599771298,3444,1.9068342857142857,1.3338765167817508,4612.7901,3342,102,0,0
Alboran Sea,1997,mars,2533,0.724128073184677,36849,1.911886274509804,1.28643073075942,48073.5022,34639,1551,0,0
Alboran Sea,1997,mai,2393,0.6841052029731275,12765,2.1820607843137254,1.582173880876821,20864.7414,12734,3,0,0
Alboran Sea,1997,juin,761,0.21755288736420814,4302,2.976235,1.9586631357936373,8411.4738,4131,129,0,0
Alboran Sea,1997,oct,3211,0.9179531160663236,46445,3.415856862745098,2.193820608580639,100486.0774,44490,949,0,0
Alboran Sea,1997,nov,1926,0.5506003430531733,14999,2.741794117647059,1.7794696690281189,22845.396,13970,475,9,0
Alboran Sea,1997,déc,2079,0.5943396226415094,26906,1.9538055555555556,1.2615098189989,33882.3842,25710,736,0,0
Alboran Sea,1998,janv,1413,0.4039451114922813,19911,1.7928105263157894,1.1648045986432654,23162.1465,18272,845,0,0
Alboran Sea,1998,févr,1648,0.47112635791881075,14701,1.630211111111111,1.1642413877947013,16562.0626,14033,179,0,0
Alboran Sea,1998,mars,3286,0.9393939393939394,36640,1.9253607843137255,1.232534799399008,43967.8248,34818,656,0,0
Alboran Sea,1998,avril,2923,0.835620354488279,14127,1.717364705882353,1.2346775736399094,16665.434,13930,86,0,0
Alboran Sea,1999,avril,980,0.2801600914808462,7800,1.8019979591836734,1.2407166020190357,9749.4357,7749,48,0,0
Alboran Sea,1999,juil,334,0.09548313321898227,1798,2.7005236842105265,2.0833588683225623,3726.4796,1779,0,0,0
Alboran Sea,1999,août,878,0.2510005717552887,3615,2.4934064516129033,1.9347758563170816,7390.4569,3593,1,0,0
Alboran Sea,1999,sept,788,0.2252715837621498,4434,2.7331125,2.024516518834918,9580.7061,4139,284,0,0
Alboran Sea,2000,mai,3087,0.8825042881646655,21467,3.4859549019607843,2.135813093960423,44994.8418,18813,2225,0,0
Alboran Sea,2000,juin,2801,0.8007432818753574,9859,3.0313176470588235,2.1906891497089522,21275.0699,9081,512,0,0
Alboran Sea,2001,mars,600,0.17152658662092624,3244,2.595948275862069,1.4535317802973604,4715.6422,2223,878,143,0
Alboran Sea,2001,avril,1079,0.308461978273299,5993,1.890035294117647,1.3092379857489642,7849.2227,5744,238,0,0
Alboran Sea,2001,mai,999,0.2855917667238422,1460,2.299839583333333,1.8382660979551944,2877.2272,1429,11,0,0
Alboran Sea,2001,juin,1163,0.3324757004002287,5578,2.905491111111111,2.1310703892896803,11908.6777,5550,27,0,0
Alboran Sea,2002,mars,2436,0.6963979416809606,14783,2.652413725490196,1.4499300238042592,21064.8184,10684,3815,284,0
Alboran Sea,2002,avril,2252,0.6437964551172098,12290,2.601104255319149,1.6388955295382541,20724.9692,10760,1478,52,0
Alboran Sea,2002,mai,711,0.2032590051457976,743,1.675576923076923,1.454722861841467,1085.8347,743,0,0,0
Alboran Sea,2002,déc,571,0.16323613493424816,4456,2.0167,1.1624773741107397,5325.285,3961,288,22,0
Alboran Sea,2003,avril,65,0.018582046883933678,99,1.5829583333333332,1.400233125,136.5556,99,0,0,0
Alboran Sea,2003,mai,515,0.14722698684962837,3488,2.783818918918919,1.8228708565600935,7439.9663,3339,149,0,0
Alboran Sea,2003,juin,1673,0.478273299028016,15593,3.715343137254902,2.270425727040758,36120.7373,13968,765,0,0
Alboran Sea,2003,juil,789,0.225557461406518,3889,2.7217979166666666,2.099266728699724,8899.9673,3675,187,0,0
Alboran Sea,2003,août,2853,0.8156089193825042,31385,3.9509529411764706,2.253741152391401,73936.5298,28740,1844,0,0
Alboran Sea,2003,sept,204,0.058319039451114926,936,2.760752,2.0865412716160976,1950.7174,901,35,0,0
Alboran Sea,2003,oct,124,0.03544882790165809,692,2.1607652173913046,1.8911953707764757,1399.1301,692,0,0,0
Alboran Sea,2004,juin,2849,0.8144654088050315,16148,3.381908888888889,2.1449368080792324,36459.6285,15253,890,0,0
Alboran Sea,2004,juil,2834,0.8101772441395083,20363,3.67908431372549,2.3181322106037516,50885.2235,18491,1802,0,0
Alboran Sea,2004,août,2030,0.5803316180674671,8538,2.9626588235294116,2.046987523394084,18097.2516,8190,348,0,0
Alboran Sea,2004,sept,1893,0.5411663807890223,13677,2.740956862745098,1.9339142882018234,26411.0157,13456,34,0,0
Alboran Sea,2004,oct,2102,0.6009148084619783,16552,3.2227156862745097,2.2270429873066813,35472.578,16300,89,0,0
Alboran Sea,2005,mai,2601,0.7435677530017153,24372,2.6099,1.7083459888259593,42080.5558,21799,2239,0,0
Alboran Sea,2005,juil,907,0.25929102344196686,5145,3.138044,2.197284941108337,11672.019,5079,36,0,0
Alboran Sea,2006,avril,456,0.13036020583190394,2280,1.8358515151515151,1.3687889019572748,3073.2775,2275,5,0,0
Alboran Sea,2006,mai,611,0.17467124070897655,2069,2.4869485714285715,1.8315834192634224,3893.5718,1932,137,0,0
Alboran Sea,2006,juil,1784,0.5100057175528874,8466,3.035250980392157,2.079041823366505,18430.5322,7508,474,0,0
Alboran Sea,2006,août,1760,0.5031446540880503,9608,2.958750980392157,2.0914246292149263,20581.0358,9360,188,0,0
Alboran Sea,2006,oct,540,0.15437392795883362,2510,2.3300680000000003,1.6690124649546854,4158.8636,2501,3,0,0
Alboran Sea,2006,nov,2531,0.7235563178959405,27380,2.3648450980392157,1.5627207921472643,40940.0671,26349,485,0,0
Alboran Sea,2006,déc,1440,0.411663807890223,8403,2.1988666666666665,1.4661719111914249,11672.9041,7709,505,0,0
Alboran Sea,2007,mai,1073,0.3067467124070898,5581,2.6571176470588234,1.8067454182530969,10075.333700000001,5117,464,0,0
Alboran Sea,2007,nov,1292,0.36935391652372784,12745,2.3089833333333334,1.5689508558648113,21036.4525,12362,228,0,0
Alboran Sea,2008,mars,1477,0.42224128073184675,12254,1.8990235294117648,1.2090603915955631,14283.5243,11496,605,0,0
Alboran Sea,2008,juil,2248,0.642652944539737,8453,3.427894117647059,2.311898716800304,20271.0974,7867,359,0,0
Alboran Sea,2008,août,941,0.269010863350486,6381,2.920792156862745,2.0267442218531624,14243.9876,6184,66,0,0
Alboran Sea,2009,juil,1904,0.5443110348770727,17547,3.2306333333333335,2.257232502735527,41026.1323,16614,710,0,0
Alboran Sea,2009,août,2291,0.6549456832475701,23535,3.837764705882353,2.2502210893036576,58763.3416,22062,729,7,0
Alboran Sea,2009,oct,2452,0.7009719839908519,27733,3.196027450980392,2.1914232599461125,60400.9133,27018,199,0,0
Alboran Sea,2009,nov,1008,0.2881646655231561,7761,2.966104,2.0123876395995404,15233.4148,6530,1098,0,0
Alboran Sea,2010,janv,1780,0.5088622069754145,21847,1.694821568627451,1.1472169234923926,25920.4057,21081,145,0,0
Alboran Sea,2010,févr,1608,0.45969125214408235,14136,1.5850926829268293,1.0840741183591318,16541.9079,13180,704,0,0
Alboran Sea,2010,mars,2080,0.5946255002858777,27344,1.696551282051282,1.1554456800566542,31899.8045,26405,568,0,0
Alboran Sea,2010,avril,3054,0.8730703259005146,27018,2.2690019607843137,1.4092525045633817,36106.0769,25473,259,0,0
Alboran Sea,2010,mai,2357,0.673813607775872,9218,2.4908549019607844,1.714381907050884,15491.3652,9069,149,0,0
Alboran Sea,2010,juin,2662,0.7610062893081762,19312,3.53048431372549,2.379779990399365,46398.830799999996,16719,2521,49,0
Alboran Sea,2010,août,3379,0.965980560320183,53392,3.922429411764706,2.272424839534917,131131.7012,48288,2982,74,0
Alboran Sea,2010,sept,2054,0.5871926815323042,13852,3.1943588235294116,2.063210018862108,29878.785499999998,13029,325,0,0
Alboran Sea,2011,janv,2516,0.7192681532304174,31705,1.7964361111111111,1.1818261551450002,39007.8614,30885,313,0,0
Alboran Sea,2011,févr,1681,0.4805603201829617,19073,1.6746472222222222,1.1082922812412452,21666.5957,18360,76,0,0
Alboran Sea,2011,avril,2698,0.7712978845054317,24834,2.297227450980392,1.4643341085142187,36936.1019,23674,861,0,0
Alboran Sea,2011,mai,3045,0.8704974271012007,35663,3.048027450980392,1.901376604704252,67337.2046,33430,1340,0,0
Alboran Sea,2011,juin,3431,0.9808461978273298,35968,3.688554901960784,2.3006757515409713,83220.3397,31275,3571,4,0
Alboran Sea,2011,juil,2735,0.7818753573470555,14615,3.778778431372549,2.3448034077697004,34977.134,12661,1809,0,0
Alboran Sea,2011,août,1147,0.32790165809033733,8382,3.1844647058823528,2.044284194702182,17280.1473,8222,73,0,0
Alboran Sea,2012,mai,74,0.02115494568324757,370,2.4063076923076925,1.7924100512820513,680.8984,275,95,0,0
Alboran Sea,2012,juin,260,0.07432818753573471,1537,2.9669548387096776,2.1154036802962315,3299.2596,1451,86,0,0
Alboran Sea,2012,juil,449,0.1283590623213265,3087,3.42783,2.3616141030203606,7820.1186,2958,129,0,0
Alboran Sea,2012,août,1004,0.28702115494568325,6646,2.9141176470588235,1.9798054553980025,13696.2359,6471,137,0,0
Alboran Sea,2012,sept,441,0.1260720411663808,1352,2.478705882352941,1.9959235173140493,3103.0713,1314,38,0,0
Alboran Sea,2012,oct,838,0.23956546598056033,5669,2.938971875,1.9817949038898235,10526.5118,5667,0,0,0
Alboran Sea,2013,mai,2570,0.7347055460263008,16368,2.8262372549019608,1.8765281568118,31227.1039,13995,2373,0,0
Alboran Sea,2013,août,1404,0.4013722126929674,11043,3.8228736842105264,2.4188271227857925,28224.2162,10707,240,0,0
Alboran Sea,2013,sept,1411,0.40337335620354486,12158,3.0207697674418603,2.0771402203487823,26483.3797,11876,46,0,0
Alboran Sea,2013,oct,2118,0.6054888507718696,32565,3.082821951219512,1.9896618598566755,62445.6198,29949,1447,46,0
Alboran Sea,2013,nov,1667,0.4765580331618068,19057,2.5308,1.7827657944068382,31721.2353,17420,1206,0,0
Alboran Sea,2014,avril,2095,0.5989136649514007,4790,2.1966702127659574,1.6222502381478956,7751.0671,4589,201,0,0
Alboran Sea,2014,mai,2935,0.8390508862206976,26160,3.4807960784313727,1.770603821070348,47670.1296,22895,2422,203,0
Alboran Sea,2015,mai,2530,0.7232704402515723,28106,2.9517176470588233,1.791140518390803,51537.295,27051,375,0,0
Alboran Sea,2015,juil,3495,0.9991423670668954,91219,5.024860784313725,3.2239325788716218,304704.2255,35946,51302,2559,1
Alboran Sea,2015,août,3351,0.9579759862778731,48655,3.9497745098039214,2.6012310819723257,130184.80129999999,35400,12417,0,0
Alboran Sea,2015,oct,1867,0.5337335620354489,23400,3.0582,2.016716725868798,48190.1618,22313,427,0,0
Alboran Sea,2015,nov,3284,0.938822184105203,49120,2.8343392156862746,1.7602933156532377,86830.3819,42719,5330,0,0
Alboran Sea,2015,déc,3143,0.8985134362492853,41200,2.1520960784313727,1.3411587607953448,56010.4197,35269,4932,0,0
Alboran Sea,2016,janv,3351,0.9579759862778731,57927,2.65508431372549,1.3194991808946164,77223.1491,47687,7417,629,2
Alboran Sea,2016,févr,3163,0.9042309891366496,38071,1.9556882352941176,1.2589167541767303,47918.8102,33455,3764,0,0
Alboran Sea,2016,avril,2241,0.6406518010291595,14096,1.9869043478260868,1.4219897160025967,20433.0943,13809,267,0,0
Alboran Sea,2016,mai,1689,0.48284734133790735,2526,1.7270285714285714,1.3662174924663086,3483.3815,2521,5,0,0
Alboran Sea,2016,août,812,0.23213264722698684,5557,3.702174285714286,2.5589334439025917,14067.9228,5103,420,0,0
Alboran Sea,2016,sept,3303,0.9442538593481989,39235,3.473107843137255,2.2258046491420256,92025.2275,34317,4129,0,0
Alboran Sea,2016,oct,2270,0.6489422527158376,21147,2.961813725490196,2.1584690632558843,46038.0818,20598,376,0,0
Alboran Sea,2017,mars,1616,0.461978273299028,9258,1.9176627450980392,1.2105910234478243,11110.944,8841,417,0,0
Alboran Sea,2017,mai,1288,0.368210405946255,9105,2.594555,1.7676412172814018,15478.808500000001,8988,72,0,0
Alboran Sea,2017,juin,3498,1,74914,5.304378431372549,2.778206705890461,212706.3112,49368,21712,1648,0
Alboran Sea,2017,juil,2956,0.8450543167524299,27903,4.061254901960784,2.413820664366571,67421.0152,24455,3104,18,0
Alboran Sea,2017,août,3021,0.8636363636363636,22747,3.8573117647058823,2.585062788196161,59249.7899,17314,5020,3,0
Alboran Sea,2017,oct,2532,0.7238421955403087,32813,2.737664705882353,1.9570497541742555,62519.2736,31936,60,0,0
Alboran Sea,2017,nov,2230,0.6375071469411092,19010,2.6569960784313724,1.641190463913466,30353.0667,18415,102,0,0
Alboran Sea,2018,août,2547,0.7281303602058319,26675,3.986692156862745,2.2290589251853805,59358.2111,24256,1504,5,0
Alboran Sea,2018,sept,3259,0.9316752429959977,41225,3.804378431372549,2.3142912331393317,96597.939,37681,2683,2,0
Alboran Sea,2018,oct,2872,0.8210405946255003,37340,3.4875098039215686,2.2677559048911426,85757.42079999999,35446,935,0,0
Alboran Sea,2019,mars,1281,0.36620926243567753,10031,1.6629897959183673,1.1853205612037894,12100.4615,10008,20,0,0
Alboran Sea,2019,mai,738,0.2109777015437393,5183,2.6365404255319147,1.6721967312123027,9035.8175,4781,386,16,0
Alboran Sea,2019,juin,559,0.15980560320182963,969,2.827966,2.3371141311270422,2364.8492,934,35,0,0
Alboran Sea,2019,juil,765,0.21869639794168097,4434,2.9446137254901963,2.1874000476750792,9697.9515,4416,18,0,0
Alboran Sea,2019,août,1926,0.5506003430531733,12016,2.889670588235294,1.9812269315682567,23478.0352,11627,44,0,0
Alboran Sea,2019,sept,2422,0.6923956546598056,17500,3.2254372549019608,2.038525899331275,37042.9668,17133,255,0,0
Alboran Sea,2019,oct,1876,0.5363064608347627,24373,2.8894823529411764,2.0257288717827446,47367.5017,23624,18,0,0
Alboran Sea,2020,févr,2314,0.6615208690680389,25528,1.7296960784313726,1.1415187678619252,28746.2851,24337,307,0,0
Alboran Sea,2020,mars,2769,0.7915951972555746,25930,2.123892156862745,1.2849306235102513,32656.2907,23933,1420,13,0
Alboran Sea,2020,avril,163,0.0465980560320183,645,1.5998054054054054,1.1880202416969827,815.5077,612,18,0,0
Alboran Sea,2020,mai,3447,0.9854202401372213,47948,4.242127450980393,2.1074332260152233,102847.3092,35135,11453,883,0
Alboran Sea,2020,juin,916,0.26186392224128074,3627,2.9830222222222225,2.2092320647452697,7856.4238,3377,236,0,0
Alboran Sea,2020,juil,3163,0.9042309891366496,28354,4.25108,2.556815480836922,77042.9228,22430,4988,73,0
Alboran Sea,2020,août,3354,0.9588336192109777,34387,4.199449019607843,2.2640918730732107,81428.6159,31069,2416,40,0
Alboran Sea,2021,févr,345,0.09862778730703259,3296,1.305465625,1.0529444739442657,3657.6641,3256,3,0,0
Alboran Sea,2021,avril,216,0.06174957118353345,1390,1.5225272727272727,1.1411414109500728,1590.2881,1339,42,0,0
Alboran Sea,2021,mai,768,0.2195540308747856,4899,2.85181,1.8168606396906766,8856.1852,4476,408,5,0
Alboran Sea,2021,juin,1113,0.3181818181818182,9425,3.1654769230769233,2.1968338027430865,21112.1456,9289,124,0,0
Alboran Sea,2021,août,469,0.13407661520869069,3641,3.383607692307692,2.428211540147675,9771.53,3428,108,0,0
Alboran Sea,2021,sept,1357,0.3879359634076615,12645,2.935672549019608,1.9823156426104342,26753.8564,12388,56,0,0
Alboran Sea,2022,mai,3238,0.9256718124642653,38653,3.5251843137254903,2.023164084866766,76914.1386,34424,3449,48,0
Alboran Sea,2022,juin,2872,0.8210405946255003,37899,3.5577960784313727,2.1931724195641173,82422.3568,35346,1254,0,0
Alboran Sea,2022,juil,3453,0.9871355060034305,77235,5.49085294117647,2.980666805157193,231751.1152,46579,26110,3258,0
Alboran Sea,2022,août,3490,0.9977129788450543,54296,4.8711529411764705,2.6259377375766357,145068.5181,40073,13283,88,0
Alboran Sea,2022,sept,1849,0.5285877644368211,18122,2.9435490196078433,1.978099705206978,35929.8162,17468,218,0,0
Alboran Sea,2022,oct,2541,0.7264150943396226,24393,3.3185823529411764,2.162706710659722,51958.1691,21714,1339,0,0
Alboran Sea,2022,nov,2854,0.8158947970268725,53636,3.6375607843137256,2.2322296302138245,113442.4088,37829,14828,177,0
Alboran Sea,2022,déc,3442,0.9839908519153802,52736,2.0850098039215688,1.3459125457416403,72880.1421,45170,6024,2,0
Alboran Sea,2023,janv,3498,1,69611,2.489935294117647,1.5844073395939944,109890.9176,38915,27101,779,10
Alboran Sea,2023,mars,3451,0.9865637507146942,41636,2.4498745098039216,1.4722262997370663,58968.8626,34017,6981,33,0
Alboran Sea,2023,avril,3498,1,90505,3.642801960784314,1.84341691782545,165404.8387,53605,29849,3272,102
Alboran Sea,2023,mai,3498,1,82115,4.340301960784314,2.5862591792720555,209305.2709,36272,37466,6445,5
Alboran Sea,2023,juin,3498,1,81165,0.25609803921568625,0.15873441494310664,3759.2081,61595,16349,756,0
Alboran Sea,2023,juil,3493,0.998570611778159,95205,0,0,0,23452,57432,11075,0
Alboran Sea,2023,août,3403,0.97284162378502,71432,2.233741176470588,1.2722234445285319,102818.9064,43883,25872,572,0
Alboran Sea,2023,sept,3175,0.907661520869068,43897,1.502221568627451,0.8824263376460604,36193.0191,40494,1943,0,0
Alboran Sea,2023,oct,3232,0.923956546598056,51763,3.6369176470588234,2.350815100322774,123007.2257,47388,3763,0,0
Alboran Sea,2023,déc,1865,0.5331618067467124,31940,2.1145735294117647,1.320488150404652,44045.1543,26670,4276,0,0
Alboran Sea,1983,nov,1703,0.4868496283590623,13316,2.161774,1.5042461173727621,19782.107500000002,13017,22,0,0
Alboran Sea,1990,mai,349,0.09977129788450544,1950,1.7525297872340426,1.4567034193777992,2854.0751999999998,1950,0,0,0
Alboran Sea,1994,déc,404,0.115494568324757,2101,1.411503125,1.0874288608317604,2333.8522,2081,14,0,0
Alboran Sea,1995,sept,269,0.07690108633504861,379,2.2292666666666667,1.9898732762337294,790.56,379,0,0,0
Alboran Sea,1996,août,44,0.012578616352201259,273,2.329190909090909,1.7777400642114056,496.8839,273,0,0,0
Alboran Sea,2007,sept,758,0.2166952544311035,4794,2.7367942857142857,2.093820422566801,10086.32,4771,9,0,0
Alboran Sea,2007,oct,1588,0.45397369925671816,18653,3.189025714285714,2.19321150266421,40996.1225,17850,223,0,0
Alboran Sea,2008,juin,2086,0.5963407661520869,7579,2.991016,2.1784921578889174,17448.7307,7550,29,0,0
Alboran Sea,2009,juin,2292,0.6552315608919382,11486,3.23016,2.252381943615843,26169.8021,10853,608,0,0
Alboran Sea,2009,sept,1849,0.528587764436821,15998,3.25235,2.184825715623794,36423.6009,15414,311,0,0
Alboran Sea,2011,sept,1165,0.33304745568896515,8280,2.524165306122449,1.7977826965537473,15526.7427,8038,15,0,0
Alboran Sea,2011,oct,2638,0.7541452258433391,40313,3.200976,2.211334206524006,88958.3299,38973,195,0,0
Alboran Sea,2014,oct,2319,0.6629502572898799,19798,3.070832,2.1096213497020915,41901.3591,19340,151,0,0
Alboran Sea,2014,nov,2039,0.582904516866781,12117,2.684488,1.7539797716225363,19990.8759,11913,86,0,0
Alboran Sea,2015,juin,2130,0.6089193825042881,19701,3.26679,2.054329987014884,41974.7367,18806,433,0,0
Alboran Sea,2017,avril,1635,0.467409948542024,17385,2.1728347826086956,1.4071590725890313,25141.6054,16469,750,0,0
Alboran Sea,2019,nov,122,0.03487707261292167,300,1.5538173913043478,1.4192209587474411,408.8526,300,0,0,0
Alboran Sea,2023,nov,1195,0.34162378502001145,16037,2.5244153846153847,1.6153173449536626,27778.650999999998,12445,3163,0,0
Alboran Sea,1982,janv,705,0.20154373927958835,5429,1.607879411764706,1.1166909854087979,6179.0366,5330,80,0,0
Alboran Sea,1983,oct,1358,0.3882218410520297,10307,2.6383541666666668,1.9865250649398285,21664.2809,10280,0,0,0
Alboran Sea,1985,oct,1810,0.5174385363064609,15761,3.1781632653061225,2.209157844057313,35932.9341,15182,27,0,0
Alboran Sea,1987,déc,463,0.13236134934248142,2934,1.7859192307692306,1.2919408032744801,3853.8168,2862,71,0,0
Alboran Sea,1988,août,1944,0.5557461406518011,15404,3.278804081632653,2.217182528580088,36786.1828,14973,278,0,0
Alboran Sea,1990,août,686,0.19611206403659234,4241,3.1435382352941175,2.2498280779370923,10083.981,4094,121,0,0
Alboran Sea,1993,avril,145,0.04145225843339051,792,1.51145,1.1191430676829062,898.4285,792,0,0,0
Alboran Sea,1993,août,200,0.057175528873642086,1126,3.572273913043478,2.3915427702611174,2705.8245,1054,64,0,0
Alboran Sea,1995,févr,832,0.23785020011435107,5290,1.3336163265306122,1.0147816899656663,5407.189,5238,0,0,0
Alboran Sea,1997,avril,1756,0.5020011435105775,13300,2.454614285714286,1.4335560732943506,19301.2595,11603,798,0,0
Alboran Sea,2002,sept,60,0.017152658662092625,308,1.9714272727272728,1.656400815755752,512.065,308,0,0,0
Alboran Sea,2003,janv,307,0.0877644368210406,612,1.34192,1.1263326092361172,692.2506,609,0,0,0
Alboran Sea,2004,mai,2219,0.6343624928530589,5180,3.467653488372093,2.3671923794625758,12742.1166,4298,882,0,0
Alboran Sea,2008,févr,832,0.23785020011435107,4622,1.5333387755102041,1.1308341256693915,4710.3491,4426,120,0,0
Alboran Sea,2009,déc,702,0.2006861063464837,4867,1.8952756756756757,1.2984400041171715,6535.8067,4566,253,0,0
Alboran Sea,2010,juil,1587,0.45368782161234994,7218,3.0147918367346938,2.0859394534842086,15212,7002,87,0,0
Alboran Sea,2010,déc,477,0.13636363636363635,908,1.361444,1.1261762407658975,1066.8459,908,0,0,0
Alboran Sea,2011,mars,842,0.24070897655803317,1729,1.357048888888889,1.164760976245887,2016.6251,1729,0,0,0
Alboran Sea,2012,nov,42,0.012006861063464836,221,1.4967133333333333,1.2109815777777777,268.4068,212,9,0,0
Alboran Sea,2014,juil,136,0.03887935963407661,751,2.0481,1.7206553787516559,1341.8249,751,0,0,0
Alboran Sea,2014,déc,1719,0.4914236706689537,14915,1.6882979591836735,1.1955168146140773,18631.1601,14397,103,0,0
Alboran Sea,2016,juil,419,0.11978273299028017,5278,3.5561290322580645,2.5375324767846177,15354.5016,4626,600,0,0
Alboran Sea,2016,nov,1442,0.41223556317895943,8994,2.8571204081632655,2.0223048710793017,19226.2201,8228,678,0,0
Alboran Sea,2017,sept,1187,0.3393367638650657,7571,3.24218,1.9804808202153354,15322.879,7483,50,0,0
Alboran Sea,2020,sept,414,0.1183533447684391,3049,2.668162962962963,2.1117721421315805,6441.4153,2988,0,0,0
Alboran Sea,2020,nov,1185,0.33876500857632935,9830,2.109740625,1.4436799806358631,14618.7879,9671,70,0,0
Alboran Sea,2021,juil,17,0.004859919954259577,102,3.278775,2.208894430239899,226.4596,86,16,0,0
Alboran Sea,2023,févr,1016,0.2904516866781018,6661,1.6453352941176471,1.219918362176577,8370.1842,6345,238,0,0
Alboran Sea,2005,oct,117,0.03344768439108062,226,1.9757500000000001,1.7331184853053563,393.4389,226,0,0,0
Alboran Sea,2005,nov,139,0.039736992567181245,647,2.278875,1.7832219973768249,1205.1434,641,6,0,0
Alboran Sea,2010,nov,32,0.009148084619782733,164,1.72966,1.3983995396825397,237.7932,164,0,0,0
Alboran Sea,2011,nov,1111,0.31761006289308175,11078,2.15269375,1.5829296681638474,19959.4134,10726,152,0,0
Alboran Sea,2016,juin,71,0.02029731275014294,139,2.664414285714286,2.257393575414781,305.304,139,0,0,0
Alboran Sea,2021,oct,871,0.24899942824471127,8646,2.824509090909091,2.0646665568374223,18941.2379,8356,64,0,0
Alboran Sea,2021,nov,622,0.17781589479702686,5118,2.374257575757576,1.6857091461539202,9100.6821,4760,253,0,0
Alboran Sea,1998,juil,231,0.0660377358490566,1243,2.9859521739130437,2.09920555765007,2727.5823,1205,27,0,0
Alboran Sea,2008,avril,82,0.023441966838193252,455,1.4750583333333334,1.1164549207587076,516.1061,453,0,0,0
Alboran Sea,2018,juil,164,0.046883933676386505,509,2.252608,1.9445057713728962,977.9102,509,0,0,0
Alboran Sea,1988,janv,509,0.1455117209834191,2571,1.5933290322580644,1.0718090238382603,2860.4646,2512,59,0,0
Alboran Sea,1990,juil,56,0.016009148084619784,201,2.2716444444444446,2.021593615740741,420.2545,201,0,0,0
Alboran Sea,1997,févr,1400,0.40022870211549455,11143,1.6686096774193548,1.1216625524485824,12605.6199,10167,39,0,0
Alboran Sea,2005,août,35,0.010005717552887363,72,2.4654583333333333,2.2002909126984127,158.0144,72,0,0,0
Alboran Sea,2008,sept,240,0.0686106346483705,850,3.4255222222222224,2.7299487880561695,2501.9549,725,125,0,0
Alboran Sea,1985,sept,586,0.1675242995997713,4139,2.851115625,2.1093149571598806,9296.012,3925,106,0,0
Alboran Sea,1988,févr,42,0.012006861063464836,189,1.2131266666666667,0.9859793225424672,187.4111,189,0,0,0
Alboran Sea,1989,juil,520,0.14865637507146942,3996,3.101490625,2.161950489722055,9295.1399,3893,60,0,0
Alboran Sea,1990,janv,1433,0.4096626643796455,12804,1.9162866666666667,1.159621829261261,15515.4895,12072,595,15,0
Alboran Sea,2002,juin,38,0.010863350485991996,190,2.7271272727272726,2.2020622727272725,429.0293,190,0,0,0
Alboran Sea,2005,juin,1281,0.36620926243567753,9123,2.986908888888889,2.0636993981183367,19054.2701,9050,22,0,0
Alboran Sea,2006,sept,90,0.025728987993138937,541,3.103011111111111,2.5059355166999278,1395.1342,539,2,0,0
Alboran Sea,2013,juil,414,0.1183533447684391,3010,3.222193103448276,2.192427461434369,6858.7675,2890,120,0,0
Alboran Sea,2014,juin,658,0.18810748999428245,3940,3.228753333333333,2.2180710548667544,8759.412699999999,3760,180,0,0
Alboran Sea,2016,mars,65,0.018582046883933678,65,0.9835222222222222,0.9299221031746032,60.3827,65,0,0,0
Alboran Sea,2005,avril,296,0.08461978273299028,390,1.8990772727272727,1.5630357520501454,597.7223,389,1,0,0
Alboran Sea,2010,oct,140,0.04002287021154946,661,2.3727062500000002,1.8458195619939037,1209.0547000000001,654,0,0,0
Alboran Sea,2012,déc,186,0.05317324185248713,1088,1.2418411764705883,1.021360406660248,1157.5913,1039,0,0,0
Alboran Sea,2013,janv,630,0.18010291595197256,6285,2.168821212121212,1.2063141510482323,7297.3309,5720,324,134,0
Alboran Sea,2014,sept,1934,0.5528873642081189,27069,3.768465909090909,2.358009682928236,68673.2606,22588,4399,0,0
Alboran Sea,2020,déc,946,0.27044025157232704,6933,1.8287111111111112,1.244258983654596,8282.7818,6786,66,0,0
Alboran Sea,1990,févr,1513,0.43253287592910233,5732,1.484479069767442,1.1134456901834213,6465.5294,5684,46,0,0
Alboran Sea,1990,mars,1127,0.32218410520297314,4760,1.4564348837209302,1.2124268211304345,5789.4427,4760,0,0,0
Alboran Sea,1991,juil,79,0.022584333905088624,417,2.86335,2.0797415173732134,917.7347,387,30,0,0
Alboran Sea,2011,déc,1238,0.3539165237278445,12333,1.9012,1.2542652018165052,16487.0509,11951,319,0,0
Alboran Sea,2014,août,795,0.22727272727272727,5145,3.4066046511627905,2.496160758481676,11981.8681,4777,201,0,0
Alboran Sea,2017,déc,121,0.03459119496855346,232,1.2214235294117648,1.1462050709746168,263.7935,232,0,0,0
Alboran Sea,1990,nov,147,0.042024013722126934,907,1.5439,1.3289166104844052,1213.7051,907,0,0,0
Alboran Sea,1999,juin,435,0.12435677530017153,2841,3.2714826086956523,2.2666240919493292,6988.1,2709,98,0,0
Alboran Sea,2015,sept,1066,0.3047455688965123,5944,2.7079333333333335,2.0730860833143296,13054.2685,5800,13,0,0
Alboran Sea,1986,sept,10,0.002858776443682104,52,1.99562,1.6225893181818183,83.8784,52,0,0,0
Alboran Sea,1988,déc,95,0.02715837621497999,532,1.4057117647058823,1.1936354018388706,665.1869,532,0,0,0
Alboran Sea,1994,nov,142,0.04059462550028588,535,1.6704705882352942,1.2967586944797986,698.1549,535,0,0,0
Alboran Sea,1996,mars,52,0.014865637507146942,260,1.1760181818181819,1.025691683982684,275.7477,259,1,0,0
Alboran Sea,2002,févr,703,0.20097198399085192,4470,1.35925,1.038073076490464,4874.7031,4432,0,0,0
Alboran Sea,1982,juin,138,0.03945111492281304,878,2.4590111111111113,2.0004496821064364,1988.2108,878,0,0,0
Alboran Sea,2002,août,322,0.09205260148656375,1642,2.3013814814814815,1.7644539401912867,2905.036,1642,0,0,0
Alboran Sea,2007,janv,516,0.14751286449399656,3345,1.331590625,1.022815921281677,3567.4566,3345,0,0,0
Alboran Sea,1983,sept,72,0.02058319039451115,325,2.1789,1.9326639237299887,609.0526,325,0,0,0
Alboran Sea,1989,oct,184,0.052601486563750716,709,1.9760857142857142,1.6821009755974894,1246.4003,709,0,0,0
Alboran Sea,1989,nov,527,0.15065751858204687,3071,2.065518181818182,1.4728761493436981,4681.2854,3037,11,0,0
Alboran Sea,2019,janv,602,0.17209834190966267,6895,1.2438896551724137,0.9114269962463876,6250.314,6642,0,0,0
Alboran Sea,1994,mars,19,0.005431675242995998,77,1.0844692307692307,0.9440154312354312,71.557,77,0,0,0
Alboran Sea,1996,nov,33,0.009433962264150943,179,1.8624428571428573,1.4673128316326531,266.3216,178,0,0,0
Alboran Sea,2000,sept,52,0.014865637507146942,382,2.656414285714286,1.8835615369103633,724.4107,365,17,0,0
Alboran Sea,2001,août,8,0.002287021154945683,40,2.36184,2.1169846666666667,83.2713,40,0,0,0
Alboran Sea,2001,sept,116,0.03316180674671241,607,2.4858928571428573,2.038414222656883,1509.3763,605,0,0,0
Alboran Sea,2001,oct,139,0.03973699256718125,1026,2.248,1.7171912771167852,1724.3288,1026,0,0,0
Alboran Sea,2001,nov,163,0.0465980560320183,669,1.9827823529411766,1.5397868827728889,1103.3783,669,0,0,0
Alboran Sea,2015,janv,651,0.18610634648370497,4968,1.3089729729729729,0.9659770654106232,4860.3735,4745,4,0,0
Alboran Sea,2016,déc,1059,0.3027444253859348,11720,1.5340432432432431,1.0961934670244808,13202.128999999999,11378,15,0,0
Alboran Sea,1992,août,205,0.058604917095483135,1386,3.4438666666666666,2.4723536220371725,3991.8616,1279,19,0,0
Alboran Sea,2000,mars,897,0.25643224699828476,8613,1.8443416666666668,1.2066414265281526,10581.482,7866,178,0,0
Alboran Sea,2002,janv,479,0.13693539165237278,1139,1.7162904761904763,1.2825881121409504,1442.6284,1059,80,0,0
Alboran Sea,1988,nov,62,0.017724413950829045,149,1.6223,1.4064424180286899,218.35399999999998,149,0,0,0
Alboran Sea,1996,mai,148,0.04230989136649514,658,2.4037083333333333,1.8073472284776781,1181.5158,658,0,0,0
Alboran Sea,2002,nov,50,0.01429388221841052,285,2.004366666666667,1.687455282112845,499.2428,285,0,0,0
Alboran Sea,2004,nov,8,0.002287021154945683,41,1.5834333333333332,1.3297229166666666,54.454899999999995,41,0,0,0
Alboran Sea,2007,juil,199,0.05688965122927387,1040,2.821415,2.230717666248951,2302.4004,1040,0,0,0
Alboran Sea,2007,août,265,0.07575757575757576,1559,2.7176333333333336,2.075541606430575,3296.2255999999998,1489,0,0,0
Alboran Sea,1995,juil,1,2.858776443682104e-4,2,1.9525,1.7803499999999999,3.5606999999999998,2,0,0,0
Alboran Sea,1995,oct,82,0.023441966838193252,360,2.26609,1.8399314631057075,666.2462,360,0,0,0
Alboran Sea,1998,mai,17,0.004859919954259577,85,1.9411166666666668,1.6336154444444444,140.026,85,0,0,0
Alboran Sea,2005,sept,26,0.00743281875357347,104,2.9830111111111113,2.5686844907407407,269.1765,104,0,0,0
Alboran Sea,2020,oct,8,0.002287021154945683,42,1.988025,1.5877130952380951,68.65129999999999,42,0,0,0
Alboran Sea,1996,juin,299,0.08547741566609492,1136,2.389596,1.8857556858586773,2232.7858,1136,0,0,0
Alboran Sea,1997,sept,144,0.0411663807890223,758,2.8630736842105264,2.2163538929839035,1791.0695,739,8,0,0
Alboran Sea,2000,juil,12,0.003430531732418525,62,1.98735,1.6065740909090909,96.7378,62,0,0,0
Alboran Sea,2012,janv,545,0.15580331618067467,5862,1.3068848484848485,0.9744374778419176,5639.2672999999995,5688,1,0,0
Alboran Sea,2018,juin,21,0.006003430531732418,115,2.5235666666666665,2.15523186942959,264.3481,115,0,0,0
Alboran Sea,1988,mars,23,0.0065751858204688395,115,1.2517,0.9513219047619048,109.984,115,0,0,0
Alboran Sea,1991,juin,36,0.010291595197255574,184,2.8943875,2.243146078989055,418.7604,183,1,0,0
Alboran Sea,2006,juin,70,0.02001143510577473,471,2.61056,2.036735463724325,959.8371000000001,443,12,0,0
Alboran Sea,1992,mai,52,0.014865637507146942,331,2.04671,1.7099453173810317,568.1498,325,0,0,0
Alboran Sea,1996,juil,18,0.005145797598627787,90,2.84166,2.2146725333333332,200.3664,90,0,0,0
Alboran Sea,1982,mai,3,8.576329331046312e-4,3,1.2231,1.21925,3.6653,3,0,0,0
Alboran Sea,1984,janv,37,0.010577472841623786,176,1.15735,1.0164051696234049,177.92680000000001,176,0,0,0
Alboran Sea,1984,août,31,0.008862206975414523,209,3.740483333333333,2.6819269750241794,573.278,209,0,0,0
Alboran Sea,1992,juil,185,0.052887364208118924,1050,3.3438461538461537,2.5534853055096955,2725.4267,948,0,0,0
Alboran Sea,1993,juil,9,0.0025728987993138934,58,3.78425,2.6374056776556776,153.396,53,5,0,0
Alboran Sea,1998,août,158,0.04516866781017725,989,3.24616,2.3753222865115564,2355.203,979,10,0,0
Alboran Sea,2008,mai,2,5.717552887364208e-4,10,1.3607,1.02995,10.2995,10,0,0,0
Alboran Sea,2015,avril,330,0.09433962264150943,401,1.6554541666666667,1.431328628781329,584.8868,401,0,0,0
Alboran Sea,2021,mars,367,0.10491709548313322,1922,1.4259555555555556,1.120331229430555,2146.0493,1867,0,0,0
Alboran Sea,1989,juin,4,0.0011435105774728416,20,2.4825,2.09197,42.7387,20,0,0,0
Alboran Sea,2003,déc,3,8.576329331046312e-4,18,1.2549000000000001,1.1142916666666667,20.1599,18,0,0,0
Alboran Sea,2018,déc,97,0.02773013150371641,537,1.3141733333333334,1.0510681399221535,563.1846,529,0,0,0
Alboran Sea,1986,mai,176,0.050314465408805034,1189,3.2449,2.139383604198088,2633.5866,1189,0,0,0
Alboran Sea,1986,déc,520,0.14865637507146942,5737,1.8057357142857142,1.358613182018534,7882.5841,5708,0,0,0
Alboran Sea,2000,août,5,0.001429388221841052,25,2.99695,2.52332,62.665099999999995,25,0,0,0
Alboran Sea,2003,nov,4,0.0011435105774728416,20,1.2124,1.1178249999999998,22.3565,20,0,0,0
Alboran Sea,2008,janv,509,0.1455117209834191,3959,1.2191857142857143,0.9444880429848217,3645.9467,3923,0,0,0
Alboran Sea,2021,janv,106,0.030303030303030304,635,1.3645615384615384,1.014411582446428,659.4452,548,66,0,0
Alboran Sea,1994,avril,63,0.018010291595197257,384,1.2018,1.0517321262474255,401.5848,383,0,0,0
Alboran Sea,1995,janv,5,0.001429388221841052,25,1.1542,0.9153766666666666,22.835500000000003,25,0,0,0
Alboran Sea,1995,avril,95,0.02715837621497999,580,1.4951083333333333,1.1865068345387788,699.4767,580,0,0,0
Alboran Sea,1998,sept,413,0.1180674671240709,2523,2.2518086956521737,1.7536783248413048,4515.4935,2495,12,0,0
Alboran Sea,2012,févr,256,0.07318467695826186,673,1.0521727272727273,0.9092069101465904,610.8374,673,0,0,0
Alboran Sea,2017,janv,801,0.22898799313893653,7970,1.4745074074074074,0.9924133053980414,7965.535,7610,49,0,0
Alboran Sea,2022,avril,7,0.002001143510577473,35,1.3143799999999999,1.132128,39.7702,35,0,0,0
Alboran Sea,1982,mars,61,0.017438536306460833,271,1.2549666666666666,1.0845406801346802,299.22610000000003,271,0,0,0
Alboran Sea,1985,juil,72,0.02058319039451115,419,3.64112,2.565747650394095,1078.6522,419,0,0,0
Alboran Sea,1990,déc,1,2.858776443682104e-4,4,0.9699,0.940625,3.7625,4,0,0,0
Alboran Sea,1995,mai,14,0.004002287021154946,70,1.6575166666666667,1.5807775,110.0138,70,0,0,0
Alboran Sea,2000,févr,369,0.10548885077186963,2337,1.339608695652174,1.0432121954827813,2503.5152,2319,0,0,0
Alboran Sea,2007,déc,165,0.04716981132075472,1488,1.6514785714285714,1.2517819681683242,1898.442,1450,37,0,0
Alboran Sea,2014,janv,45,0.012864493996569469,349,1.1084285714285715,0.8905812814503792,317.7635,349,0,0,0
Alboran Sea,1999,janv,18,0.005145797598627787,96,0.96284,0.8353375952380953,80.9083,96,0,0,0
Alboran Sea,2013,févr,45,0.012864493996569469,266,1.4382285714285714,1.0089644854489623,268.5184,264,0,0,0
Alboran Sea,1997,août,2,5.717552887364208e-4,11,2.8536,2.5995636363636363,28.5952,11,0,0,0
Alboran Sea,2007,juin,38,0.010863350485991996,109,2.367385714285714,2.000443457951296,222.1971,109,0,0,0
Alboran Sea,2022,févr,129,0.03687821612349914,876,1.31624,1.001286071294563,874.6635,854,0,0,0
Alboran Sea,1994,mai,169,0.04831332189822756,852,1.690515,1.4106462139680889,1223.2474,850,0,0,0
Alboran Sea,1997,janv,52,0.014865637507146942,283,1.2328,0.9791031169317392,281.8945,283,0,0,0
Alboran Sea,2000,avril,8,0.002287021154945683,11,1.1076333333333332,1.0669416666666667,11.6284,11,0,0,0
Alboran Sea,2007,mars,486,0.13893653516295026,3095,1.59092,1.270169846549553,3921.4038,3095,0,0,0
Alboran Sea,2019,févr,238,0.06803887935963408,338,0.89211,0.8223296872393917,277.5386,338,0,0,0
Alboran Sea,2022,janv,12,0.003430531732418525,67,1.0440666666666667,0.878349246031746,58.7428,67,0,0,0
Alboran Sea,1985,déc,10,0.002858776443682104,50,1.3881999999999999,1.1923270833333333,56.9917,50,0,0,0
Alboran Sea,2022,mars,1,2.858776443682104e-4,5,1.3361,1.12094,5.6047,5,0,0,0
Alboran Sea,1982,févr,52,0.014865637507146942,299,1.2712125,1.0443826210295102,313.0127,299,0,0,0
Alboran Sea,1991,janv,10,0.002858776443682104,50,0.9706,0.84656125,42.9876,50,0,0,0
Alboran Sea,2007,févr,182,0.05202973127501429,1198,1.2724470588235295,0.9985941498942752,1199.5819999999999,1107,0,0,0
Alboran Sea,1987,janv,2,5.717552887364208e-4,3,0.9982,0.9651,2.8537999999999997,3,0,0,0
Alboran Sea,1988,sept,22,0.006289308176100629,110,2.81176,2.0281686095238096,220.983,107,3,0,0
Alboran Sea,2018,janv,65,0.018582046883933678,771,1.1435,0.851424559000122,656.7495,726,0,0,0
Alboran Sea,1986,août,11,0.0031446540880503146,55,1.701725,1.4631033333333332,81.2983,55,0,0,0
Alboran Sea,1999,mai,21,0.006003430531732418,105,2.33396,1.8947445333333333,199.6256,105,0,0,0
Northwestern Mediterranean,1982,janv,1107,0.05384503137312126,8358,1.3883032258064516,1.0130342973369375,9023.5055,7933,340,0,0
Northwestern Mediterranean,1982,févr,670,0.032589133712729215,4457,1.0436155555555555,0.8364428986425598,4011.8514,4372,0,0,0
Northwestern Mediterranean,1982,juil,4855,0.2361496181720901,37363,3.2557876288659795,2.447179415639824,93179.3748,37011,11,0,0
Northwestern Mediterranean,1983,juil,4695,0.22836713847949802,36689,3.728907608695652,2.534003750660018,101098.8713,35871,437,0,0
Northwestern Mediterranean,1983,août,240,0.011673719538888079,906,2.6052884615384615,2.1783704775016286,1908.7137,906,0,0,0
Northwestern Mediterranean,1983,oct,225,0.010944112067707573,1537,2.063416666666667,1.8192453183270352,2744.0122,1537,0,0,0
Northwestern Mediterranean,1984,déc,2535,0.12330366262950533,22947,1.924254,1.2627784072126143,31037.4578,21677,733,0,0
Northwestern Mediterranean,1985,juil,275,0.01337613697164259,1275,2.0256615384615384,1.7813848862930597,2263.9175,1275,0,0,0
Northwestern Mediterranean,1985,sept,1792,0.08716377255703098,5322,2.2344289156626505,1.8447613044351574,9982.111,5275,0,0,0
Northwestern Mediterranean,1985,oct,12808,0.6229874993919937,136410,2.7855091743119265,1.9168137534677092,256362.6144,133568,7,0,0
Northwestern Mediterranean,1985,nov,2419,0.11766136485237609,16052,2.2365220930232557,1.741647639824727,29201.2349,15926,73,0,0
Northwestern Mediterranean,1986,mai,8234,0.40050586118001846,67859,4.056130275229358,2.7491135115214895,185201.2003,66586,712,0,0
Northwestern Mediterranean,1986,sept,218,0.010603628581156672,1621,1.8419166666666666,1.5984100630072031,2548.7803,1621,0,0,0
Northwestern Mediterranean,1986,oct,5779,0.28109343839680917,51376,2.522378431372549,1.791215418040049,97927.2568,51040,15,0,0
Northwestern Mediterranean,1986,nov,358,0.017413298312174717,1705,1.848860465116279,1.5262609617465026,2594.1782,1694,0,0,0
Northwestern Mediterranean,1986,déc,1239,0.0602655771195097,9785,1.7021298701298702,1.3150883056096019,12617.3001,9594,7,0,0
Northwestern Mediterranean,1987,sept,19991,0.9723721970912982,220319,3.6401293577981653,2.2975036237635735,496002.975,201741,15660,19,0
Northwestern Mediterranean,1987,oct,15232,0.7408920667347634,95832,2.8481844036697246,1.874009575573331,180077.1075,93086,631,0,0
Northwestern Mediterranean,1987,nov,5170,0.25147137506688066,37361,2.490012037037037,1.6110599083697843,62960.198,36492,510,0,0
Northwestern Mediterranean,1987,déc,1775,0.08633688408969308,5248,1.562061797752809,1.18884158142004,6516.8812,5162,56,0,0
Northwestern Mediterranean,1988,janv,8790,0.42754997811177586,77037,1.919188990825688,1.0592905647688118,82388.646,71616,3178,201,0
Northwestern Mediterranean,1988,févr,6975,0.33926747409893476,55121,1.8000380952380952,1.0535119405211615,59974.2073,50660,3238,20,0
Northwestern Mediterranean,1988,avril,208,0.010117223600369667,1195,1.7244135135135135,1.383122878242177,1704.4097,1195,0,0,0
Northwestern Mediterranean,1988,oct,499,0.024271608541271462,1494,2.02075873015873,1.7017158646701378,2719.2379,1494,0,0,0
Northwestern Mediterranean,1988,nov,4745,0.23079916338343304,33533,2.633951724137931,1.785600569065214,60249.1665,32926,248,0,0
Northwestern Mediterranean,1989,mars,297,0.014446227929373997,1323,1.5232589743589744,1.1029243961318649,1453.0091,1272,51,0,0
Northwestern Mediterranean,1989,avril,484,0.023542001070090957,1600,1.3263657894736842,1.0460043192598256,1712.8524,1592,8,0,0
Northwestern Mediterranean,1989,août,9175,0.4462765698720755,74198,2.8732211009174313,2.0110122032832813,140886.9331,73566,551,0,0
Northwestern Mediterranean,1989,sept,328,0.01595408336981371,459,1.4885333333333333,1.3977992504975532,668.2297,459,0,0,0
Northwestern Mediterranean,1989,nov,2109,0.10258281044797898,13533,2.2329307692307694,1.6987753929761626,22751.5217,13455,26,0,0
Northwestern Mediterranean,1989,déc,7707,0.3748723186925434,96412,2.1309758620689654,1.4043283982271908,141125.3953,93497,497,0,0
Northwestern Mediterranean,1990,janv,10171,0.494722505958461,146639,1.971691743119266,1.1707298187101132,181827.2884,131592,9514,112,0
Northwestern Mediterranean,1990,févr,17779,0.864779415341213,274819,2.2679770642201835,1.1381431181801056,320809.8741,224772,37200,2534,64
Northwestern Mediterranean,1990,mars,15684,0.7628775718663359,157586,1.883011009174312,1.0949021559863328,179665.2207,147268,7221,0,0
Northwestern Mediterranean,1990,avril,521,0.02534169949900287,2723,1.717451724137931,1.1662520368799196,3299.8008,2270,453,0,0
Northwestern Mediterranean,1990,mai,13792,0.6708497495014349,197382,4.039994444444444,2.5348545331109906,509100.983,178094,17272,0,0
Northwestern Mediterranean,1990,juin,881,0.042852278807334984,1625,2.522305263157895,2.255877313780745,3807.093,1625,0,0,0
Northwestern Mediterranean,1990,sept,1873,0.09110365290140571,9109,2.402361194029851,1.8843676065250943,15997.9675,8951,0,0,0
Northwestern Mediterranean,1990,oct,10014,0.48708594776010505,86219,2.629366355140187,1.7500697929023887,148414.2352,84995,88,0,0
Northwestern Mediterranean,1990,nov,2972,0.14455956028989736,18495,1.9021247422680412,1.4220718404252357,26508.3888,18390,10,0,0
Northwestern Mediterranean,1991,janv,729,0.035458923099372534,6220,1.2041868852459017,0.914802095651306,5970.1659,6109,56,0,0
Northwestern Mediterranean,1991,août,4974,0.24193783744345543,30036,2.8560009174311927,1.9847355515723297,63573.5139,30015,2,0,0
Northwestern Mediterranean,1991,sept,18432,0.8965416605866044,280685,3.3535284403669725,2.1495092542068006,595483.8649,270385,1909,0,0
Northwestern Mediterranean,1991,oct,3432,0.16693418940609953,12185,2.13437,1.6141761516042294,20436.8327,11756,0,0,0
Northwestern Mediterranean,1992,juil,8098,0.39389075344131524,24655,3.6407211009174314,2.507844577436753,64631.1293,24432,223,0,0
Northwestern Mediterranean,1992,août,16721,0.8133177683739482,155878,4.025574311926605,2.41914506806324,354514.8009,146106,8050,0,0
Northwestern Mediterranean,1992,sept,488,0.02373656306240576,1467,1.9893160714285714,1.7569269608274691,2714.2568,1467,0,0,0
Northwestern Mediterranean,1992,oct,37,0.001799698428911912,91,1.9103692307692308,1.7965362576312576,167.7774,91,0,0,0
Northwestern Mediterranean,1992,déc,206,0.010019942604212267,905,1.61105,1.231646216622136,1085.5055,900,5,0,0
Northwestern Mediterranean,1993,mai,326,0.015856802373656307,1263,2.6708794117647057,2.246065568470338,2878.3015,1241,0,0,0
Northwestern Mediterranean,1993,juin,179,0.008706649156087359,548,2.6547947368421054,2.3471373531281814,1322.458,548,0,0,0
Northwestern Mediterranean,1993,déc,352,0.017121455323702513,1952,2.068002564102564,1.4045044580324395,2851.9486,1776,172,4,0
Northwestern Mediterranean,1994,mars,12089,0.5880149812734082,118289,1.9243357798165137,1.180078891038779,146019.6082,103769,12210,0,0
Northwestern Mediterranean,1994,avril,7300,0.35507563597451236,16355,1.5382106796116504,1.0945184882794015,19271.8417,15831,524,0,0
Northwestern Mediterranean,1994,juil,9589,0.4664137360766574,51180,3.4699425925925924,2.368028486515017,122073.9199,50573,311,0,0
Northwestern Mediterranean,1994,août,19527,0.9498030059827812,232072,4.01917247706422,2.368931297672533,529177.0675,220128,4572,0,0
Northwestern Mediterranean,1994,sept,5198,0.2528333090130843,26976,2.5111625,1.7689754183858861,46699.6804,26493,42,0,0
Northwestern Mediterranean,1994,oct,365,0.01775378179872562,860,1.8138771428571427,1.5065007116477382,1304.155,860,0,0,0
Northwestern Mediterranean,1994,nov,1901,0.09246558684760932,13983,2.088675,1.5165632070582367,22807.3036,13531,210,0,0
Northwestern Mediterranean,1994,déc,9707,0.47215331484994405,101217,2.1738495412844037,1.381806569631951,141081.95,98584,536,0,0
Northwestern Mediterranean,1995,févr,372,0.01809426528527652,2625,1.2067755102040816,0.9414394511169145,2770.031,2623,2,0,0
Northwestern Mediterranean,1995,avril,985,0.047910890607519824,6284,1.9580877551020408,1.473258059481401,9542.6411,6281,0,0,0
Northwestern Mediterranean,1995,juil,7506,0.36509557857872466,46246,3.2927293577981653,2.2348901746167025,102845.8183,45854,198,0,0
Northwestern Mediterranean,1995,août,13584,0.6607325259010652,98161,3.5424211538461536,2.169029352822156,210648.6188,96539,206,0,0
Northwestern Mediterranean,1995,nov,1067,0.051899411449973246,4326,1.8685103448275862,1.56675163297582,6889.8539,4273,0,0,0
Northwestern Mediterranean,1995,déc,2366,0.11508341845420497,13123,1.77983125,1.3036671338890695,16787.5585,12952,0,0,0
Northwestern Mediterranean,1996,janv,8145,0.39617685685101417,91656,1.7879442307692308,1.137975771038239,110765.7338,84272,4156,5,0
Northwestern Mediterranean,1996,févr,5566,0.270733012306046,29547,1.6926127450980393,1.0866095514469643,32450.1005,27333,1102,0,0
Northwestern Mediterranean,1996,juin,9104,0.4428230945084878,65656,3.8290339449541286,2.6404453865083326,171243.5708,64757,546,0,0
Northwestern Mediterranean,1997,févr,2051,0.09976166155941436,12348,1.4738906976744186,1.0082836526348307,12444.4537,12150,36,0,0
Northwestern Mediterranean,1997,mars,9954,0.48416751787538304,120849,1.835436448598131,1.089490864839684,142947.1613,115355,743,0,0
Northwestern Mediterranean,1997,avril,6041,0.29383724889342866,42704,1.9075260869565218,1.2546102779926251,59654.1413,41506,269,0,0
Northwestern Mediterranean,1997,mai,880,0.042803638309256285,3873,2.4316967741935485,1.963073234633255,7427.9074,3873,0,0,0
Northwestern Mediterranean,1997,juin,5618,0.27326231820613844,39330,3.3895913978494625,2.5224403112459775,102032.6277,39029,5,0,0
Northwestern Mediterranean,1997,sept,4569,0.22223843572158178,24538,2.5952,2.0194394511057046,53606.7516,24211,0,0,0
Northwestern Mediterranean,1997,oct,13882,0.675227394328518,149696,3.281832110091743,2.146949222035693,323815.9949,147430,736,0,0
Northwestern Mediterranean,1997,nov,908,0.044165572255459896,6206,1.9433520547945207,1.6157643741394128,10137.6813,6096,0,0,0
Northwestern Mediterranean,1998,janv,6068,0.2951505423415536,63965,1.6889816513761469,1.0469786784399455,66525.7012,58858,3694,7,0
Northwestern Mediterranean,1998,févr,6926,0.3368840896930785,65269,1.5031908256880735,0.9466422523542192,62995.0255,61320,1977,0,0
Northwestern Mediterranean,1998,mars,6364,0.30954812977284885,43833,1.5308440366972478,0.9967102174390802,50274.9708,41823,752,0,0
Northwestern Mediterranean,1998,avril,1814,0.0882338635147624,10308,1.7639627450980393,1.2714528740892461,13481.2671,10064,99,0,0
Northwestern Mediterranean,1998,août,531,0.025828104479789872,4179,2.279075,1.7134426904209499,7889.1629,4114,17,0,0
Northwestern Mediterranean,1999,avril,752,0.036577654555182644,4222,1.761922950819672,1.3158988932879447,5972.1218,4175,47,0,0
Northwestern Mediterranean,1999,mai,1230,0.0598278126368014,3556,2.7795636363636365,2.3427120985815795,8477.4798,3510,42,0,0
Northwestern Mediterranean,1999,juin,2168,0.10545259983462231,11891,3.334321111111111,2.584254593408036,30512.0104,11853,0,0,0
Northwestern Mediterranean,1999,août,6011,0.29237803395106765,25524,2.5037616822429904,1.8532023939792683,45282.5017,25513,0,0,0
Northwestern Mediterranean,1999,sept,14196,0.6905005107252298,184444,3.2059926605504585,2.0956542434063503,393528.9291,180756,43,0,0
Northwestern Mediterranean,1999,oct,7363,0.3581399873534705,34402,2.7359321100917433,1.8102177039517753,64361.0953,33869,250,0,0
Northwestern Mediterranean,1999,nov,4563,0.2219465927331096,36380,2.502967889908257,1.6238051785606282,58306.0836,35624,223,0,0
Northwestern Mediterranean,2000,févr,414,0.020137166204581936,2236,1.451341935483871,1.0845631154885687,2467.9799,2194,0,0,0
Northwestern Mediterranean,2000,mars,1054,0.051267084974950146,15315,1.8738265306122448,1.282955259317672,21564.9088,13575,1052,0,0
Northwestern Mediterranean,2000,avril,85,0.004134442336689528,133,1.513,1.323528552827381,178.45250000000001,133,0,0,0
Northwestern Mediterranean,2000,mai,11312,0.5502213142662581,85628,3.818097247706422,2.409220688718933,195270.2854,82809,2264,0,0
Northwestern Mediterranean,2000,juin,11983,0.582859088477066,72179,3.7955175925925926,2.5713759367425095,184124.6241,71527,570,0,0
Northwestern Mediterranean,2000,août,1088,0.05292086190962596,5723,2.8193363636363635,2.0791616155981725,12686.655999999999,5613,110,0,0
Northwestern Mediterranean,2000,déc,3053,0.1484994406342721,27473,1.6710702127659574,1.1794820397449772,32773.7922,26981,41,0,0
Northwestern Mediterranean,2001,janv,1363,0.06629699888126854,7990,1.3926698795180723,0.9806900418769682,7945.9199,7770,192,17,0
Northwestern Mediterranean,2001,févr,1949,0.09480033075538694,16345,1.3006022471910113,0.9469034800439503,16242.9831,16016,217,0,0
Northwestern Mediterranean,2001,mars,5666,0.27559706211391605,53112,2.352583673469388,1.167020953211839,61961.8772,49367,2591,124,0
Northwestern Mediterranean,2001,mai,4271,0.2077435672941291,17541,3.5571932584269663,2.5926478970178954,44565.5277,16367,1174,0,0
Northwestern Mediterranean,2001,juin,4056,0.19728586020720854,9831,2.848789024390244,2.2585549991899385,21915.3808,9803,28,0,0
Northwestern Mediterranean,2001,oct,14197,0.6905491512233085,169266,2.7319821782178217,1.7528247113862798,299699.4072,163810,923,0,0
Northwestern Mediterranean,2001,nov,11086,0.5392285617004718,81538,2.685975,1.7760520476835784,145466.4418,78823,684,0,0
Northwestern Mediterranean,2002,janv,105,0.005107252298263534,272,0.9272,0.8083927741154867,230.6395,272,0,0,0
Northwestern Mediterranean,2002,févr,382,0.018580670266063526,2210,1.066325,0.7957349287960789,1825.8706,2133,23,0,0
Northwestern Mediterranean,2002,mars,4488,0.21829855537720705,29987,1.914527659574468,1.173903531580036,37237.7917,28820,1167,0,0
Northwestern Mediterranean,2002,juin,13137,0.6389902232598862,96504,4.890170642201835,3.304380220277762,308831.2473,90910,5390,0,0
Northwestern Mediterranean,2002,déc,2616,0.12724354297388005,14886,1.7089365384615385,1.1813670122886268,19044.1291,13515,1027,188,0
Northwestern Mediterranean,2003,janv,2543,0.12369278661413492,14262,1.6221712871287128,1.0844613784942763,15563.0985,13302,905,13,0
Northwestern Mediterranean,2003,mars,1611,0.07835984240478623,9179,1.3130345454545456,0.9689301862854763,8935.1214,8925,253,0,0
Northwestern Mediterranean,2003,avril,2382,0.11586166642346418,5297,2.496139285714286,1.751582841282512,8903.9093,4982,315,0,0
Northwestern Mediterranean,2003,mai,8413,0.40921251033610584,80210,3.8379228260869565,2.5581670720714396,214817.13,70143,9808,0,0
Northwestern Mediterranean,2003,juin,20559,1,515024,6.086888990825688,3.76210242245019,1843668.1167,343690,166589,184,0
Northwestern Mediterranean,2003,juil,20006,0.9731018045624787,405891,4.73095871559633,2.5972195357711283,1021339.9459,368651,16587,0,0
Northwestern Mediterranean,2003,août,20558,0.9999513595019213,556649,4.768746788990826,2.975813850223713,1612519.8592,317787,229766,1303,0
Northwestern Mediterranean,2003,sept,15796,0.7683253076511504,73136,3.135725925925926,2.078123376887752,157269.17799999999,70197,2726,0,0
Northwestern Mediterranean,2003,nov,213,0.010360426090763169,1139,1.88889,1.564149839486281,1907.7339,1133,0,0,0
Northwestern Mediterranean,2003,déc,980,0.04766768811712632,9195,1.6905097222222223,1.297920449855505,13226.656,9042,3,0,0
Northwestern Mediterranean,2004,mai,116,0.005642297777129238,220,2.1319666666666666,1.9682077057489662,437.9099,220,0,0,0
Northwestern Mediterranean,2004,juin,693,0.033707865168539325,1971,2.966585,2.2892939127561305,4560.2525,1971,0,0,0
Northwestern Mediterranean,2004,juil,898,0.04367916727467289,3709,2.978307692307692,2.2781642521725836,8753.9871,3708,0,0,0
Northwestern Mediterranean,2004,sept,922,0.0448465392285617,5025,2.266420588235294,1.8463610002434996,8888.8175,5025,0,0,0
Northwestern Mediterranean,2004,oct,3434,0.1670314704022569,14629,2.2903746835443037,1.7227819459621292,24189.8524,14129,0,0,0
Northwestern Mediterranean,2004,nov,5692,0.27686171506396223,41390,2.3931268041237113,1.6524091948565904,67090.8841,40648,587,0,0
Northwestern Mediterranean,2004,déc,915,0.044506055742010796,6743,1.5197373493975903,1.2017667967984034,8469.5808,6734,0,0,0
Northwestern Mediterranean,2005,mai,4681,0.22768617150639622,14750,3.189956880733945,2.3575541544078895,34476.9103,14677,4,0,0
Northwestern Mediterranean,2005,juin,20297,0.9872561895033806,198964,4.919029357798165,3.079464835422598,584141.9632,190633,6969,0,0
Northwestern Mediterranean,2005,juil,12416,0.6039204241451432,28145,3.22474,2.380473570076453,63200.4695,28122,12,0,0
Northwestern Mediterranean,2005,oct,3155,0.15346077143829953,13913,2.3278231707317074,1.77388797502596,26497.963,13065,788,0,0
Northwestern Mediterranean,2005,nov,13326,0.6481832773967605,156298,2.7863660550458715,1.6692097606754923,268401.4621,149917,2649,12,0
Northwestern Mediterranean,2006,mars,287,0.013959822948586994,373,1.0988173913043477,1.0260428787091924,410.202,373,0,0,0
Northwestern Mediterranean,2006,avril,3400,0.1653776934675811,22900,2.2850644859813083,1.6080477631760681,37645.7633,22516,296,0,0
Northwestern Mediterranean,2006,mai,2867,0.13945230799163383,16036,2.76363,1.975264409434735,34779.5179,15826,25,0,0
Northwestern Mediterranean,2006,juin,1439,0.06999367673524977,4589,3.343288888888889,2.4345708670068196,11778.4512,4536,38,0,0
Northwestern Mediterranean,2006,juil,20141,0.9796682718031032,406568,5.366297247706422,3.157941699894562,1262204.2593,313822,90058,0,0
Northwestern Mediterranean,2006,août,18104,0.8805875772167907,50523,4.0714706422018345,2.586857213713169,119207.29179999999,44460,5834,0,0
Northwestern Mediterranean,2006,oct,7395,0.3596964832919889,42664,2.685070642201835,1.7745051590595824,77082.1477,41921,239,0,0
Northwestern Mediterranean,2006,nov,16052,0.7807772751592976,227790,2.8166201834862385,1.689857754487292,390090.86950000003,217180,2544,0,0
Northwestern Mediterranean,2006,déc,18961,0.9222724840702369,385861,3.0331825688073395,1.5993078392586546,625916.8892,345865,26975,181,0
Northwestern Mediterranean,2007,janv,19070,0.9275742983608152,403018,2.405897247706422,1.2781838652446262,520275.5482,317062,70556,3878,229
Northwestern Mediterranean,2007,févr,17580,0.8550999562235517,300575,2.3696256880733944,1.1408929368306013,351874.503,241230,45566,2352,327
Northwestern Mediterranean,2007,mars,18407,0.8953256481346369,293676,2.1514220183486237,1.1941979424573668,367492.9196,242293,41685,857,138
Northwestern Mediterranean,2007,avril,20254,0.9851646480859964,356155,4.587811926605505,2.4102268219676755,828934.3817,197689,137445,16354,10
Northwestern Mediterranean,2007,mai,18678,0.9085072231139647,196933,4.460896330275229,2.4312673523617945,469481.6117,181775,11360,0,0
Northwestern Mediterranean,2007,juin,2685,0.1305997373413104,17462,3.6196934210526317,2.5616212596944066,45075.0149,17249,206,0,0
Northwestern Mediterranean,2007,juil,278,0.01352205846587869,1633,2.629028125,1.8520691048314184,3054.392,1594,1,0,0
Northwestern Mediterranean,2007,août,90,0.00437764482708303,175,1.6931818181818181,1.5563336742424243,277.4051,175,0,0,0
Northwestern Mediterranean,2007,sept,11,5.350454788657037e-4,33,1.58956,1.4525777777777777,47.822199999999995,33,0,0,0
Northwestern Mediterranean,2008,janv,2025,0.09849700860936816,24967,1.582205172413793,1.049851533794386,27323.8263,23470,843,0,0
Northwestern Mediterranean,2008,févr,4524,0.22004961330804026,31363,1.3470654320987654,0.9307751747153867,32277.5665,28706,540,0,0
Northwestern Mediterranean,2008,mars,3196,0.15545503185952625,15229,1.7142296296296295,1.0732736065174675,19188.4869,14071,1127,0,0
Northwestern Mediterranean,2008,avril,61,0.0029670703828007195,195,1.6913416666666667,1.4871070376642037,290.9078,195,0,0,0
Northwestern Mediterranean,2008,mai,3220,0.15662240381341505,18405,2.614729411764706,2.0175044649163345,36324.6258,18258,117,0,0
Northwestern Mediterranean,2008,juin,11905,0.5790651296269274,72056,4.848922935779816,3.122587469801388,221950.8898,68198,3745,0,0
Northwestern Mediterranean,2008,juil,11697,0.5689479060265578,52008,4.701190825688073,3.292358990435475,167179.1382,44713,7126,0,0
Northwestern Mediterranean,2008,août,4492,0.21849311736952187,24775,2.6679375,1.890189250465953,44406.295,24404,346,0,0
Northwestern Mediterranean,2008,sept,2949,0.14344082883408726,26122,2.58751884057971,1.8825401375221584,48957.9492,25586,393,0,0
Northwestern Mediterranean,2008,oct,406,0.01974804221995233,2145,1.984544642857143,1.679021030660595,3774.6247,2142,1,0,0
Northwestern Mediterranean,2008,nov,3641,0.17710005350454788,32400,1.957937037037037,1.4007911814317338,45552.4213,32079,10,0,0
Northwestern Mediterranean,2009,mai,10885,0.529451821586653,114963,4.825950458715596,3.048780697272018,348931.851,101424,13340,23,0
Northwestern Mediterranean,2009,juin,10231,0.49764093584318303,51858,4.28249175257732,2.7298356443371365,140092.1478,50777,953,0,0
Northwestern Mediterranean,2009,juil,10140,0.4932146505180213,63703,3.6428177777777777,2.596008209190783,161226.6103,62484,1165,0,0
Northwestern Mediterranean,2009,août,19623,0.9544724937983365,253015,3.7742155963302753,2.356893208898496,565309.8477,235085,14775,0,0
Northwestern Mediterranean,2009,sept,16968,0.8253319713993871,153730,3.471818348623853,2.2209879878512946,339454.4541,133010,19080,0,0
Northwestern Mediterranean,2009,oct,8008,0.3895131086142322,93520,2.9103174311926607,2.0143771559384485,207426.7914,91947,285,0,0
Northwestern Mediterranean,2009,nov,1806,0.08784473953013279,9491,2.111861038961039,1.6586737701483576,14827.9526,9491,0,0,0
Northwestern Mediterranean,2009,déc,606,0.029476141835692398,2229,1.6447466666666666,1.3516726792288818,3102.9149,2225,0,0,0
Northwestern Mediterranean,2010,avril,15166,0.7376817938615692,75425,3.037282242990654,1.9829434157182202,146418.765,72440,2844,0,0
Northwestern Mediterranean,2010,mai,14101,0.6858796634077533,34219,2.8586038095238093,2.015939252243953,70017.8637,33820,399,0,0
Northwestern Mediterranean,2010,juin,2276,0.11070577362712195,7349,2.833415306122449,2.369697735448545,16147.970800000001,7349,0,0,0
Northwestern Mediterranean,2010,juil,19488,0.947906026557712,279197,4.881301834862385,3.1125953719596264,834856.824,224645,53305,0,0
Northwestern Mediterranean,2010,août,1667,0.08108371029719344,8365,2.027249090909091,1.6060571663987586,13558.1194,8365,0,0,0
Northwestern Mediterranean,2011,mars,2444,0.1188773773043436,5061,1.381244705882353,1.0248851883639514,5305.5033,4993,54,0,0
Northwestern Mediterranean,2011,avril,19787,0.9624495354832433,312793,3.1139128440366974,1.6218090453814498,505373.5198,252697,51637,1535,0
Northwestern Mediterranean,2011,mai,14384,0.6996449243640255,173195,4.258766972477064,2.4900986255995874,416050.5232,162035,7335,0,0
Northwestern Mediterranean,2011,juin,782,0.03803686949754365,3851,2.8217949152542374,2.207385473959046,8208.7207,3812,6,0,0
Northwestern Mediterranean,2011,juil,3289,0.15997859818084537,20318,3.3317323232323233,2.3730765948666503,46929.7003,20099,219,0,0
Northwestern Mediterranean,2011,août,9196,0.4472980203317282,52453,3.106238532110092,2.212187249197771,118887.7684,52024,422,0,0
Northwestern Mediterranean,2011,sept,17299,0.8414319762634369,152267,3.2276522935779814,2.0392232111287925,296517.3998,148727,1998,0,0
Northwestern Mediterranean,2011,oct,13909,0.6765406877766428,147451,3.055410185185185,2.075038365009495,293723.9376,144338,355,0,0
Northwestern Mediterranean,2011,nov,14760,0.7179337516416168,175815,2.880240366972477,1.7460247581253248,322920.0711,167216,3596,0,0
Northwestern Mediterranean,2011,déc,18711,0.9101123595505618,345873,2.995734862385321,1.6239085118216707,571252.0634,314819,23426,71,0
Northwestern Mediterranean,2012,janv,11006,0.5353373218541758,175382,1.8955174311926606,1.0540029318693653,191534.677,154929,15997,102,0
Northwestern Mediterranean,2012,févr,2055,0.09995622355172917,7377,1.0860433734939758,0.8590185244528209,7147.2001,7136,135,0,0
Northwestern Mediterranean,2012,mars,17202,0.836713847949803,125084,2.111656880733945,1.2801923302478857,160096.1243,103341,20766,212,0
Northwestern Mediterranean,2012,avril,17682,0.8600612870275791,124085,2.7152743119266054,1.4281416287510638,179699.0408,87741,30393,2641,0
Northwestern Mediterranean,2012,mai,7445,0.3621285081959239,31295,3.1661945652173915,2.3154991234396847,69826.9027,30722,561,0,0
Northwestern Mediterranean,2012,juin,14418,0.7012987012987013,94845,3.9373816513761466,2.6924645139181997,245731.8346,91781,2411,0,0
Northwestern Mediterranean,2012,juil,9931,0.48304878641957294,112200,4.0401880733944955,2.6732784338652005,303373.9794,99308,10150,0,0
Northwestern Mediterranean,2012,août,19975,0.971593949122039,243784,3.9238587155963303,2.4300419550010046,562203.9515,219500,23794,0,0
Northwestern Mediterranean,2012,sept,3920,0.1906707524685053,7404,2.085558695652174,1.64795833143271,11817.8402,7394,4,0,0
Northwestern Mediterranean,2012,oct,6582,0.32015175835400556,60539,2.4145798076923075,1.6920205698365538,99411.4402,59892,89,0,0
Northwestern Mediterranean,2012,nov,3339,0.16241062308478038,27085,2.1656560975609755,1.4743913514045235,39349.0323,26455,350,0,0
Northwestern Mediterranean,2012,déc,506,0.024612092027822365,2174,1.5052122807017543,1.2084403431256938,2669.5518,2131,0,0,0
Northwestern Mediterranean,2013,janv,305,0.0148353519140036,2856,1.2472918918918918,0.948341214685339,2953.0232,2713,76,0,0
Northwestern Mediterranean,2013,avril,11438,0.5563500170241743,93048,3.032732710280374,1.8488154893379458,172883.1648,68231,24103,235,0
Northwestern Mediterranean,2013,mai,3770,0.18337467775670024,30679,3.1122884210526314,2.112378250200117,66833.6255,29710,759,0,0
Northwestern Mediterranean,2013,juin,792,0.038523274478330656,3997,3.402510843373494,2.681972123497849,10840.4963,3997,0,0,0
Northwestern Mediterranean,2013,juil,17623,0.8571914976409358,211949,4.08405,2.5399731944522914,535662.8699,205835,2498,0,0
Northwestern Mediterranean,2013,août,10253,0.49871102680091445,93547,3.463884693877551,2.076735508329157,183223.6867,90327,1069,0,0
Northwestern Mediterranean,2013,sept,3503,0.17038766476968725,18684,2.4721893203883494,1.8802715243288193,37445.9172,18608,0,0,0
Northwestern Mediterranean,2013,oct,17456,0.8490685344617929,179453,3.105075238095238,1.9011106687746961,345564.9258,169741,5332,0,0
Northwestern Mediterranean,2013,nov,17330,0.8429398317038767,185461,2.7854235849056606,1.8274433234689802,344498.6888,173670,10168,0,0
Northwestern Mediterranean,2013,déc,2007,0.09762147964395156,11791,1.5347551724137931,1.0820147349618738,13045.9731,11512,119,0,0
Northwestern Mediterranean,2014,janv,11557,0.5621382362955397,190386,1.8066559633027524,1.0456048508111866,197990.0211,167500,17401,283,0
Northwestern Mediterranean,2014,févr,10082,0.49039350162945666,151835,1.9111366972477064,0.9774692222921774,148773.6665,128849,17281,475,125
Northwestern Mediterranean,2014,mars,10126,0.4925336835449195,155939,1.9219477064220183,1.0694403548704112,163502.6507,142741,8821,29,0
Northwestern Mediterranean,2014,avril,18199,0.8852084245342673,215215,2.8511844036697247,1.5859675402379882,338665.4289,190276,20460,226,0
Northwestern Mediterranean,2014,mai,1220,0.059341407656014394,7077,2.368576056338028,1.8649193659419756,13540.344,6945,0,0,0
Northwestern Mediterranean,2014,juin,14048,0.6833017170095822,88671,4.712680733944954,3.136085343493661,267117.2539,84957,3714,0,0
Northwestern Mediterranean,2014,sept,13386,0.6511017072814825,135286,3.0315311926605504,2.0756339873023584,273216.9357,131383,1352,0,0
Northwestern Mediterranean,2014,oct,19465,0.9467872951019018,437336,3.8101844036697248,2.2968024502193765,994919.8251,365185,62771,0,0
Northwestern Mediterranean,2014,nov,19970,0.9713507466316456,392279,3.2779899082568806,1.9085304706057062,742330.2958,347167,35676,29,0
Northwestern Mediterranean,2014,déc,18407,0.8953256481346369,442024,3.153823853211009,1.8657391902951763,798328.2209,314702,116917,2863,0
Northwestern Mediterranean,2015,janv,16488,0.8019845323216109,328114,2.125240366972477,1.2173694599437026,387542.7083,261188,54654,3349,218
Northwestern Mediterranean,2015,févr,7652,0.3721970912982149,85433,1.3603880733944953,0.8242299766848779,69467.3578,80809,1874,0,0
Northwestern Mediterranean,2015,avril,12640,0.6148158957147721,117615,2.4781769230769233,1.5208971149824904,185832.4797,114451,2278,0,0
Northwestern Mediterranean,2015,mai,9645,0.4691376039690646,91547,3.4592902173913043,2.164393240598335,201859.1482,86439,4709,0,0
Northwestern Mediterranean,2015,juin,19114,0.929714480276278,233896,4.937801834862385,3.0473958069760423,689423.473,209581,23796,0,0
Northwestern Mediterranean,2015,juil,20559,1,470214,5.283545871559633,3.325951893580993,1465109.7638,330515,132932,2061,0
Northwestern Mediterranean,2015,août,12874,0.626197772265188,174686,3.4821082568807338,2.0810497553392207,367961.8954,151866,21390,0,0
Northwestern Mediterranean,2015,sept,4924,0.2395058125395204,36009,2.347859633027523,1.774567852343052,63376.5631,35829,1,0,0
Northwestern Mediterranean,2015,nov,8843,0.43012792450994697,69274,2.5466862385321103,1.6950484045420506,118410.2698,67798,1162,0,0
Northwestern Mediterranean,2015,déc,17346,0.8437180796731358,200790,2.5583605504587155,1.497990029712499,302137.3972,164254,29037,1795,150
Northwestern Mediterranean,2016,janv,19838,0.964930200885257,432288,2.541618348623853,1.3398290412418645,600648.8057,312796,103291,8008,847
Northwestern Mediterranean,2016,févr,19999,0.9727613210759278,409158,1.9409100917431192,1.0307739041891504,464398.8501,342823,51034,970,0
Northwestern Mediterranean,2016,mars,16739,0.8141932973393647,159671,1.679254128440367,0.9621270109788577,155262.5492,152803,1678,0,0
Northwestern Mediterranean,2016,avril,15052,0.7321367770805973,147009,2.396437614678899,1.3832805584850418,205877.8338,141122,4258,15,0
Northwestern Mediterranean,2016,juin,4228,0.20565202587674497,33224,3.0390516666666665,2.211321674644904,74772.7761,33012,212,0,0
Northwestern Mediterranean,2016,juil,7162,0.34836324723965173,51922,3.874998,2.6289572596943835,132178.5287,50034,1867,0,0
Northwestern Mediterranean,2016,sept,10852,0.527846685150056,130377,3.193748623853211,2.035790635254564,276512.3337,127156,1701,0,0
Northwestern Mediterranean,2016,oct,11682,0.5682182985553772,139584,2.9202449541284405,1.9416270986193587,254770.3309,133527,419,0,0
Northwestern Mediterranean,2016,nov,11364,0.5527506201663505,135738,2.6187801886792452,1.7071872731613502,240746.0151,131817,1818,0,0
Northwestern Mediterranean,2016,déc,17964,0.8737779074857727,389308,2.7648770642201836,1.6490916444138632,647519.9977,317882,58890,3002,1
Northwestern Mediterranean,2017,janv,16984,0.8261102193686464,250740,2.4756587155963303,1.288708237404054,328537.058,202959,42654,1146,0
Northwestern Mediterranean,2017,févr,10756,0.5231771973345007,133395,1.5951514285714286,0.9262236629007838,126555.0578,119126,8609,43,0
Northwestern Mediterranean,2017,mars,20347,0.9896882144073156,386606,2.508598165137615,1.1974072650098695,481339.8442,318654,54256,2013,0
Northwestern Mediterranean,2017,avril,20559,1,408670,3.3825100917431192,1.8019445758476302,735365.246,254304,136232,11063,9
Northwestern Mediterranean,2017,mai,18651,0.9071939296658398,152664,4.039821100917432,2.6856521700559437,372666.7908,144597,3901,0,0
Northwestern Mediterranean,2017,juin,20452,0.9947954667055791,502930,5.517734862385321,3.2220103039803565,1597850.0717,398906,95842,701,0
Northwestern Mediterranean,2017,juil,13496,0.6564521620701396,100697,3.3600252427184465,2.247714825943594,227955.16389999999,98644,72,0,0
Northwestern Mediterranean,2017,août,13439,0.6536796536796536,105734,3.413951376146789,2.1928656178854644,230016.848,90851,14197,143,0
Northwestern Mediterranean,2017,sept,1150,0.05593657279050537,3468,2.1484793103448276,1.7265663917692398,6377.8288999999995,3432,1,0,0
Northwestern Mediterranean,2017,oct,4330,0.2106133566807724,45260,2.6550933333333333,1.9566588881889961,87522.5387,42312,1073,11,0
Northwestern Mediterranean,2017,nov,3668,0.1784133469526728,43171,2.8470657894736844,1.8777416709405519,84970.7659,37771,4875,48,0
Northwestern Mediterranean,2017,déc,1826,0.0888175494917068,27241,2.3156830508474577,1.5326227468586124,47558.0398,18588,6964,980,0
Northwestern Mediterranean,2018,janv,4291,0.2087163772557031,59278,1.7394483516483517,0.9728036380133219,75176.6807,43347,11564,2642,52
Northwestern Mediterranean,2018,févr,6708,0.32628046111192177,76347,1.3474935779816515,0.8462672412537413,68443.9721,67788,6166,363,0
Northwestern Mediterranean,2018,avril,18028,0.8768908993628095,204593,4.525781651376147,2.553400290732238,516770.4091,96919,102301,4991,6
Northwestern Mediterranean,2018,mai,12122,0.5896201177100053,78307,3.7083899082568808,2.3196490621709414,181503.1359,76549,469,0,0
Northwestern Mediterranean,2018,juin,14884,0.7239651734033756,144011,4.250952293577981,2.6944370678384075,383254.6806,139597,2439,0,0
Northwestern Mediterranean,2018,juil,19345,0.9409504353324578,223116,4.242625688073394,2.4980508035852864,540490.67,212722,6070,0,0
Northwestern Mediterranean,2018,août,20559,1,432264,5.304229357798165,2.8947227191779525,1202324.2859,302202,126444,351,0
Northwestern Mediterranean,2018,sept,19702,0.9583150931465538,310778,3.6818467889908257,2.242529176262162,659161.7808,294834,10774,0,0
Northwestern Mediterranean,2018,oct,9474,0.4608200787976069,86816,2.657202752293578,1.7850741392636285,158853.0519,85659,100,0,0
Northwestern Mediterranean,2018,déc,8524,0.4146116056228416,148758,2.3336330275229358,1.3594241418629576,208849.4375,137265,8406,56,0
Northwestern Mediterranean,2019,janv,7366,0.3582859088477066,84453,1.8371333333333333,1.0748511811996289,89726.178,72363,9718,232,168
Northwestern Mediterranean,2019,févr,3619,0.1760299625468165,32730,1.3506533333333333,0.8204487891709359,25723.7744,30609,856,11,0
Northwestern Mediterranean,2019,mars,4853,0.23605233717593269,45689,1.5278640776699028,0.9569392236790061,45470.4426,44472,193,0,0
Northwestern Mediterranean,2019,juin,18552,0.9023785203560485,110393,5.4066899082568805,3.4077093298865644,349705.3853,100541,8958,38,0
Northwestern Mediterranean,2019,juil,20199,0.9824894206916679,330618,5.89533119266055,3.355199631375133,1075373.6548,247440,81346,50,4
Northwestern Mediterranean,2019,août,16445,0.7998929909042268,170924,3.767035779816514,2.1731286434674284,367120.2321,166423,2447,0,0
Northwestern Mediterranean,2019,sept,13806,0.6715307164745367,128455,3.3551366972477066,2.254283114248308,257825.9689,122832,3548,0,0
Northwestern Mediterranean,2019,oct,13858,0.6740600223746291,124680,2.5717609523809526,1.659769585420813,210169.3262,122883,150,0,0
Northwestern Mediterranean,2019,nov,11817,0.5747847657960018,77192,2.5247934579439253,1.6080553619319742,126781.7198,75055,1612,0,0
Northwestern Mediterranean,2019,déc,6062,0.2948586993530814,72340,1.8035885714285715,1.205153246779805,90436.7065,67002,3036,72,0
Northwestern Mediterranean,2020,janv,16358,0.7956612675713799,239848,1.7574422018348623,1.0269275757231475,249337.7046,204382,25052,1409,38
Northwestern Mediterranean,2020,févr,20308,0.9877912349822462,487831,1.9265247706422017,1.064708406776648,546018.6574,414752,55333,804,5
Northwestern Mediterranean,2020,mars,18799,0.9143927233814875,250775,1.9870796296296296,1.0543690226561295,274910.7639,229570,12856,92,0
Northwestern Mediterranean,2020,avril,18625,0.9059292767157936,326030,3.1224660550458716,1.6756166357233684,553831.7559,266000,47262,6451,118
Northwestern Mediterranean,2020,mai,12482,0.6071306970183374,213139,4.094205660377359,2.428186732683166,512075.8103,187873,21883,52,0
Northwestern Mediterranean,2020,juin,10937,0.5319811274867454,72988,3.9057899082568808,2.5950094711275464,181860.0761,70875,1972,0,0
Northwestern Mediterranean,2020,juil,16487,0.8019358918235323,100748,3.773588990825688,2.4075278358120773,232629.7395,98078,1836,0,0
Northwestern Mediterranean,2020,août,18264,0.8883700569093828,231205,3.8601559633027525,2.138929263308063,464804.8483,216442,8365,0,0
Northwestern Mediterranean,2020,sept,14049,0.6833503575076609,172571,3.403214814814815,2.2020837454001736,380147.5084,168172,2109,0,0
Northwestern Mediterranean,2020,nov,5731,0.27875869448903157,49717,2.315472619047619,1.61730203555985,79360.2105,48894,34,0,0
Northwestern Mediterranean,2020,déc,9458,0.4600418308283477,87008,2.1420979166666667,1.3174000234901584,114347.9376,85174,818,0,0
Northwestern Mediterranean,2021,janv,5443,0.2647502310423659,49790,1.4122656565656566,0.8952880365209754,47381.1618,48239,273,0,0
Northwestern Mediterranean,2021,févr,9155,0.4453037599105015,72231,1.5075846153846153,0.8759001550764177,63651.4894,67165,2926,180,0
Northwestern Mediterranean,2021,mars,15159,0.7373413103750183,139640,2.106783486238532,1.1400167190322312,155494.2783,124339,13374,675,0
Northwestern Mediterranean,2021,avril,13907,0.6764434067804854,63099,2.4007954128440367,1.4574275651640243,92363.7354,41963,19946,1156,27
Northwestern Mediterranean,2021,juin,16391,0.797266404007977,180982,4.4012954128440365,2.8090412720608002,505178.6556,172197,5580,9,0
Northwestern Mediterranean,2021,juil,8557,0.4162167420594387,68184,3.5170835294117646,2.363040426900326,161696.0005,65521,1577,0,0
Northwestern Mediterranean,2021,août,3474,0.16897709032540492,36147,2.8650648351648353,1.9186926022160695,70648.5662,32423,3190,0,0
Northwestern Mediterranean,2021,sept,17354,0.8441072036577655,138182,2.952948623853211,1.9683853212808171,259479.3623,134334,236,0,0
Northwestern Mediterranean,2021,oct,14749,0.7173987061627511,103337,2.8087963302752295,1.9478066077517877,195923.7948,102761,129,0,0
Northwestern Mediterranean,2021,nov,3840,0.18677951262220926,24970,2.24975,1.6073765788006926,39483.5123,24784,54,0,0
Northwestern Mediterranean,2021,déc,1146,0.05574201079819058,6315,1.3850421875,1.0709555274063325,7250.0322,5666,577,43,0
Northwestern Mediterranean,2022,janv,3449,0.16776107787343741,37197,1.4681828571428572,0.8598444338491074,33480.6022,34636,1331,39,0
Northwestern Mediterranean,2022,févr,5472,0.26616080548664817,80685,1.475807476635514,0.882567100210449,72027.3508,72616,4408,6,0
Northwestern Mediterranean,2022,mars,3546,0.17247920618707135,25932,1.2149747663551402,0.9013192644029323,24572.0037,25066,195,0,0
Northwestern Mediterranean,2022,mai,20559,1,348283,5.139382568807339,2.969098070570301,1030861.2227,269030,74270,729,0
Northwestern Mediterranean,2022,juin,20559,1,504924,5.430323853211009,3.2226764019608174,1581867.8753,437654,60798,232,0
Northwestern Mediterranean,2022,juil,20559,1,534979,5.79305504587156,3.41054122883501,1745354.5609,324152,201619,2460,0
Northwestern Mediterranean,2022,août,20559,1,579802,4.94434128440367,2.8982942791956474,1654184.918,352516,212502,10957,0
Northwestern Mediterranean,2022,sept,20559,1,469766,4.55778623853211,2.780845839565877,1253195.1861999999,321024,144943,1531,0
Northwestern Mediterranean,2022,oct,20110,0.9781604163626636,305781,3.871878899082569,2.236261970337126,692675.4174,244266,55114,772,0
Northwestern Mediterranean,2022,nov,20435,0.9939685782382411,448707,4.146114678899083,2.2112440218881892,985776.2851,321961,118534,2176,21
Northwestern Mediterranean,2022,déc,19689,0.9576827666715307,352660,2.704255963302752,1.5846584195658393,568314.3191,287972,55410,663,0
Northwestern Mediterranean,2023,janv,20481,0.9962060411498613,423459,2.852039449541284,1.5293910919322213,671892.8956,204803,195612,9828,40
Northwestern Mediterranean,2023,févr,12160,0.591468456636996,134589,1.5528648148148148,0.9291603224963023,129101.844,124217,6118,0,0
Northwestern Mediterranean,2023,mars,18470,0.898389999513595,235663,2.1374894230769232,1.1338622240654834,278237.7301,211004,19989,18,0
Northwestern Mediterranean,2023,avril,10952,0.532710734957926,156042,2.6283184782608697,1.5390833809105962,257840.6262,143836,8047,0,0
Northwestern Mediterranean,2023,mai,15005,0.7298506736708984,147217,4.092299019607843,2.465007669954902,359359.3657,126663,18655,4,0
Northwestern Mediterranean,2023,juin,20147,0.9799601147915755,423241,0.03874036697247706,0.027021701106061908,630.3082,380075,28079,0,0
Northwestern Mediterranean,2023,juil,19407,0.9439661462133372,409652,0.07642935779816513,0.05504457044983534,1064.6634,291148,88620,10513,92
Northwestern Mediterranean,2023,août,20537,0.9989299090422686,247809,4.14505504587156,2.392243613290979,437623.5119,172770,69491,4081,0
Northwestern Mediterranean,2023,sept,14743,0.7171068631742789,155660,2.7029798165137615,1.7695156856417786,243165.5344,151040,119,0,0
Northwestern Mediterranean,2023,oct,20522,0.9982003015710881,563828,3.911418348623853,2.4209611274018523,1396971.3059,418822,142919,17,0
Northwestern Mediterranean,2023,nov,13609,0.6619485383530327,166828,2.715120588235294,1.6781555566136435,283383.5542,155515,7393,0,0
Northwestern Mediterranean,2023,déc,7730,0.37599105014835354,86949,2.0317855555555555,1.2594505425564735,113138.437,84404,510,0,0
Northwestern Mediterranean,1982,mars,53,0.002577946398171117,102,1.126625,1.052747465034965,109.2202,102,0,0,0
Northwestern Mediterranean,1993,févr,34,0.0016537769346758112,163,0.942975,0.8050112509840306,129.8449,151,12,0,0
Northwestern Mediterranean,2002,avril,169,0.008220244175300356,459,1.798744827586207,1.5072112586843893,715.099,459,0,0,0
Northwestern Mediterranean,2002,mai,64,0.0031129918770368206,112,2.014466666666667,1.7982628819444444,200.2471,112,0,0,0
Northwestern Mediterranean,1989,janv,102,0.004961330804027433,515,1.0072928571428572,0.8322294499344686,398.3966,504,11,0,0
Northwestern Mediterranean,1997,janv,287,0.013959822948586994,1447,1.4487,1.1025893537671096,1620.819,1401,45,0,0
Northwestern Mediterranean,1987,janv,12,5.836859769444039e-4,60,1.1767142857142856,0.9631880952380952,57.1835,60,0,0,0
Northwestern Mediterranean,1990,déc,148,0.007198793715647648,259,1.5588642857142858,1.3936269574965263,376.6584,259,0,0,0
Northwestern Mediterranean,1996,avril,13,6.323264750231042e-4,65,1.6003,1.4080508333333333,91.365,65,0,0,0
Northwestern Mediterranean,2005,avril,1025,0.049856510530667836,1970,2.1355070175438597,1.7284026619360762,3667.3192,1970,0,0,0
Northwestern Mediterranean,2016,août,636,0.030935356778053407,1206,1.9660892307692308,1.6999036532522118,2321.5367,1188,0,0,0
Northwestern Mediterranean,1999,janv,1747,0.08497495014348946,27771,2.2059745098039216,1.298429188807143,40845.6396,18180,7172,1348,669
Northwestern Mediterranean,1988,août,1432,0.06965319324869887,8189,2.966628205128205,2.1544513897774933,21261.1579,8137,52,0,0
Northwestern Mediterranean,1995,oct,942,0.04581934919013571,4207,1.9406773333333334,1.6043433191555423,7296.1315,4203,0,0,0
Northwestern Mediterranean,2010,mars,449,0.021839583637336447,2179,0.996475,0.8432575334872597,1646.1165,2179,0,0,0
Northwestern Mediterranean,2001,août,5143,0.2501580816187558,31417,2.892679207920792,2.051974391886723,69044.6771,31417,0,0,0
Northwestern Mediterranean,1987,juil,168,0.008171603677221655,919,2.470927777777778,2.109477851555426,1923.8336,919,0,0,0
Northwestern Mediterranean,1992,nov,101,0.0049126903059487324,432,1.6483333333333334,1.451946810591993,737.4825,432,0,0,0
Northwestern Mediterranean,1999,févr,967,0.047035361642103216,8572,1.5455478260869566,1.0029554945379657,10295.1449,5706,1660,779,257
Northwestern Mediterranean,2000,nov,72,0.0035021158616664236,297,1.71858125,1.4897753468614718,450.1925,297,0,0,0
Northwestern Mediterranean,2008,déc,87,0.004231723332846929,222,1.212776,1.0577658538461538,236.5877,222,0,0,0
Northwestern Mediterranean,2009,janv,549,0.02670363344520648,3260,1.3883359375,0.9348474131326059,3086.2033,3017,233,1,0
Northwestern Mediterranean,2009,févr,626,0.030448951797266404,4208,1.1624,0.8759314982889594,3557.0704,4162,28,0,0
Northwestern Mediterranean,2018,nov,5931,0.2884867941047716,80281,2.2991357142857143,1.4703836396852257,127723.3494,76349,1538,0,0
Northwestern Mediterranean,1992,mai,844,0.041052580378423076,5070,2.712759420289855,2.2028246715442314,11267.5613,5048,0,0,0
Northwestern Mediterranean,1993,nov,130,0.0063232647502310425,690,1.86536,1.4702993280200607,1039.3198,661,29,0,0
Northwestern Mediterranean,1995,mai,3924,0.19086531446082008,25266,3.164973417721519,2.162991091322952,53604.96,25065,201,0,0
Northwestern Mediterranean,1990,août,2790,0.13570698963957392,16484,3.376758666666667,2.4811609425216092,44066.5262,16451,11,0,0
Northwestern Mediterranean,1997,août,4313,0.2097864682134345,38420,3.1166829545454546,2.301067208980683,101431.2426,38006,239,0,0
Northwestern Mediterranean,2019,avril,139,0.006761029232939345,687,1.1376186046511627,0.9762015417875773,642.2362,687,0,0,0
Northwestern Mediterranean,2022,avril,800,0.03891239846296026,2637,2.008522807017544,1.5051739454727986,3726.6453,2624,13,0,0
Northwestern Mediterranean,1995,janv,179,0.008706649156087359,344,1.17436,1.0733235825364273,379.4626,344,0,0,0
Northwestern Mediterranean,1998,juin,384,0.018677951262220924,958,2.921220588235294,2.5251004274710667,2483.724,958,0,0,0
Northwestern Mediterranean,1998,juil,405,0.019699401721873632,1528,2.4272,2.0962104533806283,3360.554,1528,0,0,0
Northwestern Mediterranean,1998,sept,445,0.021645021645021644,4286,2.6153555555555554,1.967009564917485,9102.5813,4166,18,0,0
Northwestern Mediterranean,2007,déc,367,0.017851062794883018,2821,1.7083526315789475,1.208766762135961,3447.5794,2818,0,0,0
Northwestern Mediterranean,2010,janv,110,0.005350454788657036,512,1.183725,0.9414931281156473,509.9338,512,0,0,0
Northwestern Mediterranean,1984,nov,1090,0.053018142905783355,5734,1.9527602941176472,1.4524401128718802,9128.0074,5374,330,0,0
Northwestern Mediterranean,1985,août,104,0.0050586118001848335,139,1.657759090909091,1.4941740863303363,210.9415,139,0,0,0
Northwestern Mediterranean,1985,déc,36,0.0017510579308332118,200,1.2493133333333333,1.122767748843938,226.0032,200,0,0,0
Northwestern Mediterranean,1986,août,525,0.02553626149131767,3350,1.9904577777777779,1.6940582671882163,5752.0572,3350,0,0,0
Northwestern Mediterranean,2004,août,62,0.00301571088087942,413,2.0112357142857142,1.6008524340353598,586.3275,413,0,0,0
Northwestern Mediterranean,2001,avril,1839,0.0894498759667299,9510,1.6320857142857144,1.167642774837455,11127.6193,9237,238,0,0
Northwestern Mediterranean,1986,janv,393,0.019115715744929228,2802,1.1949911111111111,0.9383550892316035,2666.1619,2782,7,0,0
Northwestern Mediterranean,2021,mai,30,0.0014592149423610097,102,1.9716083333333334,1.6868156944444443,170.8742,102,0,0,0
Northwestern Mediterranean,1993,août,2,9.728099615740066e-5,10,1.55495,1.4034900000000001,14.0349,10,0,0,0
Northwestern Mediterranean,1982,juin,217,0.010554988083077971,1115,2.6826365853658536,2.2539347291001857,2493.9763,1115,0,0,0
Northwestern Mediterranean,1988,déc,15,7.296074711805049e-4,30,1.1191555555555555,1.0199268518518518,30.9232,30,0,0,0
Northwestern Mediterranean,1998,déc,1034,0.05029427501337614,13676,2.5429117647058823,1.5407739239257106,21223.9847,10949,2184,15,0
Northwestern Mediterranean,1999,déc,4,1.945619923148013e-4,4,0.98875,0.9767,3.8456,4,0,0,0
Northwestern Mediterranean,2014,août,37,0.001799698428911912,215,2.074811111111111,1.798108973063973,401.9984,215,0,0,0
Northwestern Mediterranean,1993,oct,184,0.00894985164648086,1023,1.4863238095238096,1.3113378124671495,1388.1136999999999,1023,0,0,0
Northwestern Mediterranean,2005,déc,36,0.0017510579308332118,145,1.6536714285714287,1.405555304538083,201.6971,145,0,0,0
Northwestern Mediterranean,1993,janv,197,0.009582178121503963,789,1.0286269230769232,0.881263053939642,712.131,789,0,0,0
Northwestern Mediterranean,2018,mars,750,0.036480373559025246,4208,0.8938830508474577,0.6966829647007363,3138.7224,4120,0,0,0
Northwestern Mediterranean,2001,déc,720,0.03502115861666423,5999,2.322642222222222,1.6649562614569184,11249.7126,5729,180,0,0
Northwestern Mediterranean,2005,janv,316,0.015370397392869302,1705,1.1886136363636364,0.905903990922753,1577.6804,1683,22,0,0
Northwestern Mediterranean,2015,mars,3359,0.1633834330463544,23117,1.2221513157894737,0.8441315718939559,19410.656,22474,83,0,0
Northwestern Mediterranean,1990,juil,761,0.03701541903789095,2501,2.4658425531914894,2.1303435338936874,4867.5946,2485,0,0,0
Northwestern Mediterranean,2006,sept,108,0.005253173792499635,566,2.0041526315789473,1.77745648033445,1004.372,566,0,0,0
Northwestern Mediterranean,1989,févr,193,0.009387616129189163,1064,0.9382,0.7675567854286797,807.6435,1045,15,0,0
Northwestern Mediterranean,1998,nov,629,0.030594873291502504,8806,2.736425581395349,1.91768831031538,16874.7776,7866,738,0,0
Northwestern Mediterranean,1999,mars,255,0.012403327010068584,1020,1.165959090909091,0.965809029613476,1044.5463,897,123,0,0
Northwestern Mediterranean,1983,nov,113,0.005496376282893137,696,1.9494625,1.6233335250426093,1188.2707,695,0,0,0
Northwestern Mediterranean,1983,déc,41,0.001994260421226713,77,1.4813,1.3131364602659246,101.9873,77,0,0,0
Northwestern Mediterranean,1982,oct,31,0.00150785544043971,163,1.8686142857142858,1.5047647856654625,243.14860000000002,162,1,0,0
Northwestern Mediterranean,2011,janv,245,0.01191692202928158,1474,1.3449904761904763,1.125091734589061,1729.7237,1474,0,0,0
Northwestern Mediterranean,2013,févr,849,0.04129578286881658,8837,0.8951377777777778,0.5805648093337321,5024.7223,8345,190,0,0
Northwestern Mediterranean,1998,mai,908,0.044165572255459896,5990,3.2554424242424242,2.339259757440501,14361.4445,5918,10,0,0
Northwestern Mediterranean,2015,oct,46,0.002237462911620215,230,1.79916,1.5867168241830065,365.3166,217,0,0,0
Northwestern Mediterranean,2004,janv,824,0.04007977041684907,7508,1.2738384615384615,0.8596794923915881,6874.4375,6543,856,0,0
Northwestern Mediterranean,1982,mai,22,0.0010700909577314073,22,1.9975166666666666,1.9714138888888888,43.396300000000004,22,0,0,0
Northwestern Mediterranean,1994,mai,1,4.864049807870033e-5,2,2.6275,2.18035,4.3607,2,0,0,0
Northwestern Mediterranean,1994,juin,1,4.864049807870033e-5,3,2.6964,2.3695666666666666,7.1087,3,0,0,0
Northwestern Mediterranean,1982,sept,2,9.728099615740066e-5,4,1.5969,1.37635,5.5054,4,0,0,0
Northwestern Mediterranean,2007,nov,82,0.003988520842453427,652,1.9816333333333334,1.627514801457397,1067.8301000000001,641,0,0,0
Northwestern Mediterranean,2001,sept,84,0.0040858018386108275,84,1.6913222222222222,1.5999229822338157,132.9862,84,0,0,0
Northwestern Mediterranean,1994,janv,19,9.241694634953062e-4,98,0.9677571428571429,0.8042175827398408,73.1074,98,0,0,0
Northwestern Mediterranean,1997,déc,800,0.03891239846296026,6124,1.6847389830508475,1.2385913609461532,8012.7044,6041,20,0,0
Northwestern Mediterranean,1989,oct,260,0.012646529500462085,854,2.534215,2.1099935633900113,1961.8591,817,37,0,0
Northwestern Mediterranean,2005,août,159,0.007733839194513352,252,2.073785714285714,1.813974047964343,511.9216,252,0,0,0
Northwestern Mediterranean,2010,oct,93,0.00452356632131913,499,2.8758529411764706,2.3846121751956693,1150.7667,499,0,0,0
Northwestern Mediterranean,1992,mars,18,8.755289654166059e-4,106,0.91545,0.7772520806100218,84.3388,106,0,0,0
Northwestern Mediterranean,2010,sept,280,0.013619339462036091,3144,2.426595,1.85739359080861,5521.961,3022,0,0,0
Northwestern Mediterranean,2011,févr,177,0.008609368159929957,1338,1.0796263157894737,0.8788898929736981,1310.9547,1337,0,0,0
Northwestern Mediterranean,1982,nov,43,0.002091541417384114,284,2.04652,1.632515915779062,465.429,282,2,0,0
Northwestern Mediterranean,2000,sept,41,0.001994260421226713,206,2.083372727272727,1.9255057992370361,387.1128,206,0,0,0
Northwestern Mediterranean,2005,sept,145,0.007052872221411547,810,2.6610125,2.1397639347723114,1680.6709,810,0,0,0
Northwestern Mediterranean,1982,déc,5,2.432024903935016e-4,25,1.56665,1.3086583333333333,32.95,25,0,0,0
Northwestern Mediterranean,1991,juil,26,0.0012646529500462086,142,2.47314,2.0775566832429453,299.3429,142,0,0,0
Northwestern Mediterranean,2003,oct,51,0.0024806654020137165,92,2.1333636363636366,1.9956994642857144,182.8262,92,0,0,0
Northwestern Mediterranean,1998,oct,152,0.00739335570796245,1463,2.71014,2.041465329770054,3225.5287,1329,85,0,0
Northwestern Mediterranean,2005,mars,148,0.007198793715647648,660,1.0962,0.8700336075321521,567.0846,660,0,0,0
Northwestern Mediterranean,2009,avril,173,0.008414806167615156,1393,2.243382608695652,1.5432505662516403,2290.2816000000003,1313,80,0,0
Northwestern Mediterranean,2000,oct,20,9.728099615740064e-4,66,2.05795,1.7390919146825397,106.9995,66,0,0,0
Northwestern Mediterranean,2007,oct,4,1.9456199231480132e-4,20,2.7113,2.2137333333333333,42.2175,20,0,0,0
Northwestern Mediterranean,1988,sept,7,3.404834865509023e-4,36,2.72905,2.3075569230769233,83.7144,36,0,0,0
Northwestern Mediterranean,2002,juil,46,0.002237462911620215,47,1.9853,1.9370496130952382,92.173,47,0,0,0
Northwestern Mediterranean,2009,mars,144,0.007004231723332847,524,1.0445964285714286,0.8298146689671305,433.7599,524,0,0,0
Northwestern Mediterranean,2006,janv,1,4.864049807870033e-5,6,0.5736,0.4931833333333333,2.9591,6,0,0,0
Northwestern Mediterranean,1983,sept,105,0.005107252298263534,219,2.8367642857142856,2.6055367453046854,572.2535,219,0,0,0
Northwestern Mediterranean,2013,mars,202,0.009825380611897467,496,0.69,0.5703940236422934,297.5625,496,0,0,0
Northwestern Mediterranean,1994,févr,28,0.0013619339462036092,56,0.5127888888888888,0.4927215740740741,27.265800000000002,56,0,0,0
Northwestern Mediterranean,1985,févr,104,0.0050586118001848335,632,0.9486083333333333,0.6410533984781999,405.867,566,66,0,0
Northwestern Mediterranean,2003,févr,39,0.0018969794250693127,117,1.0546333333333333,0.9756978174603175,118.0603,117,0,0,0
Northwestern Mediterranean,2001,juil,12,5.83685976944404e-4,36,3.2855285714285714,2.899743956043956,111.2597,36,0,0,0
Northwestern Mediterranean,2002,nov,5,2.432024903935016e-4,16,1.4706000000000001,1.301815,20.8737,16,0,0,0
Northwestern Mediterranean,1985,janv,7,3.4048348655090226e-4,35,1.10435,0.9473116666666667,33.2534,35,0,0,0
Northwestern Mediterranean,1988,mars,1,4.864049807870033e-5,5,0.8574,0.6390600000000001,3.1953,5,0,0,0
Northwestern Mediterranean,2005,févr,1,4.864049807870033e-5,5,0.5802,0.54364,2.7182,5,0,0,0
Northwestern Mediterranean,1997,juil,50,0.0024320249039350163,150,2.6401,2.1888610229276897,329.4369,150,0,0,0
Southwestern Mediterranean,1983,nov,1112,0.09206060104313271,8085,1.95973,1.3731660145393119,11317.0417,7913,0,0,0
Southwestern Mediterranean,1983,déc,809,0.06697574302508486,3157,1.7828108108108107,1.3429548678269332,4262.2012,3098,0,0,0
Southwestern Mediterranean,1987,sept,10099,0.8360791456246378,98209,2.6401904761904764,1.788733262102938,190095.6946,87498,8879,16,0
Southwestern Mediterranean,1987,oct,8687,0.719182051494329,54633,2.6251714285714285,1.8199851873084485,97463.5932,51825,1445,0,0
Southwestern Mediterranean,1989,août,7071,0.5853961420647404,68116,2.6797873015873015,2.030077988343283,128626.34850000001,66750,899,0,0
Southwestern Mediterranean,1989,sept,1709,0.14148522228661314,4062,2.1296666666666666,1.7789126499211296,7087.1519,4054,8,0,0
Southwestern Mediterranean,1989,oct,4,3.311532411623479e-4,8,1.6311333333333333,1.4912333333333334,12.2345,8,0,0,0
Southwestern Mediterranean,1989,nov,2025,0.16764632833843862,9488,1.6406862068965518,1.3040310060602525,12747.8041,9412,0,0,0
Southwestern Mediterranean,1990,févr,10266,0.8499047934431658,119867,1.924875,1.1559221503044663,144306.1282,107422,8570,47,0
Southwestern Mediterranean,1990,mars,9199,0.7615696663631095,87306,1.8628338983050847,1.2747720258143134,112722.24,79028,6391,1,0
Southwestern Mediterranean,1990,sept,5925,0.4905207384717278,39973,2.45838253968254,1.8113114143223026,71911.8316,39300,22,0,0
Southwestern Mediterranean,1990,oct,9705,0.8034605513701465,94482,2.587,1.718406347945914,157006.7566,92361,120,0,0
Southwestern Mediterranean,1991,août,2737,0.22659160526533653,12157,2.4321245901639346,1.8359825448737723,22260.8762,11671,486,0,0
Southwestern Mediterranean,1991,sept,10357,0.8574385296796092,141474,2.9130777777777777,1.818597824110438,248855.3787,133259,1521,0,0
Southwestern Mediterranean,1993,avril,14,0.0011590363440682175,70,1.4437571428571427,1.1153795238095239,75.5879,68,2,0,0
Southwestern Mediterranean,1994,août,11283,0.9341005050086928,148416,3.554431746031746,2.0937431702137483,293355.4926,131736,9493,0,0
Southwestern Mediterranean,1995,août,6758,0.5594834009437868,49105,2.875941935483871,1.9314620270923974,91398.8173,47761,888,0,0
Southwestern Mediterranean,1995,déc,5239,0.43372795761238514,36023,1.8446435483870969,1.1691843598136071,42682.767,34610,759,0,0
Southwestern Mediterranean,1996,janv,10040,0.8311946353174932,162129,2.104169841269841,1.1409905159876559,188298.8703,146240,8684,25,0
Southwestern Mediterranean,1996,févr,7362,0.6094875403593013,47169,1.7180761904761905,1.1235698460149535,53408.3691,45833,811,0,0
Southwestern Mediterranean,1997,mars,8621,0.7137180230151503,127404,1.9559936507936508,1.305907713580027,168294.1969,119880,2817,0,0
Southwestern Mediterranean,1997,juin,3701,0.30639953638546236,28151,3.225673015873016,2.1025461966492176,58423.5925,27712,396,0,0
Southwestern Mediterranean,1997,oct,8465,0.7008030466098187,94745,2.592595238095238,1.7224339021215826,163650.85,93036,169,0,0
Southwestern Mediterranean,1997,déc,1476,0.12219554598890636,10071,1.5411120689655173,1.126806838834229,10742.36,9668,4,0,0
Southwestern Mediterranean,1998,janv,4664,0.38612467919529764,56308,1.9151968253968255,1.1718858365532852,67710.0542,52256,2406,0,0
Southwestern Mediterranean,1998,févr,7470,0.6184286778706847,87311,1.9188873015873016,1.21076008525574,107762.8374,80516,2065,0,0
Southwestern Mediterranean,1998,mars,7992,0.661644175842371,99107,2.0590571428571427,1.2989248338389572,128705.5947,94111,1488,0,0
Southwestern Mediterranean,1998,avril,6576,0.5444159284708999,40351,1.972436507936508,1.3196123692325796,53621.1522,38541,1344,0,0
Southwestern Mediterranean,1999,août,4337,0.3590529017302757,24392,2.6095616666666666,1.7944092554981144,41957.2549,24142,185,0,0
Southwestern Mediterranean,2000,mai,9974,0.8257306068383145,58845,3.1272444444444445,1.957737258333183,111986.9502,57065,1219,0,0
Southwestern Mediterranean,2000,juin,10424,0.8629853464690785,48091,3.2814936507936507,2.1214428209015166,108063.9831,44747,3188,0,0
Southwestern Mediterranean,2001,avril,240,0.019869194469740874,1359,1.5858027027027026,1.1777308633172785,1591.3069,1348,11,0,0
Southwestern Mediterranean,2001,juin,3326,0.2753539200264923,14723,2.6724761904761904,1.9601647326274143,28253.9613,14543,174,0,0
Southwestern Mediterranean,2001,sept,113,0.009355079062836327,681,1.865195,1.5501446640024947,1062.3688,681,0,0,0
Southwestern Mediterranean,2001,oct,10915,0.9036344068217568,138917,2.5747666666666666,1.725810072403587,244944.0557,131815,2218,0,0
Southwestern Mediterranean,2001,nov,10009,0.828628197698485,78613,2.666377777777778,1.6709701595042898,138139.9548,73297,3485,6,0
Southwestern Mediterranean,2002,mars,2117,0.17526285288517263,12680,2.1046603174603176,1.3036005300645197,16691.2451,11768,912,0,0
Southwestern Mediterranean,2002,avril,1059,0.0876728205977316,5834,2.0220314285714287,1.4778203305491342,8406.3173,5719,115,0,0
Southwestern Mediterranean,2002,mai,839,0.06945939233380247,991,1.6523235294117646,1.423487746018388,1329.6457,991,0,0,0
Southwestern Mediterranean,2003,juin,12079,1,260387,4.559679365079365,2.7369540983550134,746458.9846,191031,63324,97,0
Southwestern Mediterranean,2003,juil,12017,0.9948671247619836,273953,3.9019603174603175,2.4474931445471797,680827.8857,212756,46521,74,0
Southwestern Mediterranean,2003,août,12077,0.9998344233794189,303519,4.103469841269841,2.3883241124056114,731397.7884,173751,120098,641,0
Southwestern Mediterranean,2004,juin,355,0.029389850153158373,986,2.233582222222222,1.8719043108562825,1845.1109999999999,986,0,0,0
Southwestern Mediterranean,2004,juil,679,0.05621326268730855,4004,2.485995652173913,2.032689378892794,8286.3708,3986,0,0,0
Southwestern Mediterranean,2004,août,238,0.019703617849159697,1143,1.9533214285714284,1.595203281107699,1696.92,1143,0,0,0
Southwestern Mediterranean,2004,sept,1684,0.13941551452934844,11648,2.3532403225806453,1.7156542980943796,19342.9979,11510,9,0,0
Southwestern Mediterranean,2004,oct,2473,0.20473549134862157,18061,2.369764406779661,1.6853925431467647,31186.7855,17310,0,0,0
Southwestern Mediterranean,2005,mai,1511,0.1250931368490769,10020,2.2988476190476193,1.6160566324460595,15994.8605,9943,12,0,0
Southwestern Mediterranean,2005,juil,8378,0.6936004636145376,34523,3.1050532258064516,2.153247333691991,74591.5441,33997,95,0,0
Southwestern Mediterranean,2006,juil,11618,0.9618345889560393,161454,3.7949603174603177,2.3156017252533,381933.3052,134977,23493,0,0
Southwestern Mediterranean,2006,août,10705,0.8862488616607335,60919,3.410369841269841,2.282986048957502,131783.3103,48845,11951,0,0
Southwestern Mediterranean,2006,nov,8474,0.7015481414024339,121832,2.3672639344262296,1.501273162666443,183665.9754,115859,1117,0,0
Southwestern Mediterranean,2007,janv,9559,0.7913734580677209,173584,2.0159555555555557,1.2006922589776343,221596.0637,149784,18152,6,0
Southwestern Mediterranean,2009,juin,9648,0.7987416176835831,68811,3.679042857142857,2.3422315463512264,154907.9152,65694,1888,0,0
Southwestern Mediterranean,2009,juil,9114,0.7545326599884096,93763,4.070334920634921,2.5868599230227565,244831.9284,78007,14760,0,0
Southwestern Mediterranean,2009,août,9511,0.7873996191737727,102038,2.9321885245901638,1.8911278013885364,190325.6133,96135,2620,0,0
Southwestern Mediterranean,2009,nov,568,0.0470237602450534,3437,1.7956375,1.3400790540116816,4848.1295,3437,0,0,0
Southwestern Mediterranean,2010,févr,524,0.043381074592267574,2198,1.1758901960784314,0.9763119621987532,2228.0361,2148,0,0,0
Southwestern Mediterranean,2010,mars,1240,0.10265750476032784,7419,1.3179965517241379,1.0571345390098494,8123.4498,6956,0,0,0
Southwestern Mediterranean,2010,avril,9955,0.8241576289427933,73673,2.3736190476190475,1.397070806332571,108596.7877,71703,1078,0,0
Southwestern Mediterranean,2010,mai,8205,0.6792780859342661,27300,2.640401587301587,1.7083025671609855,47436.9154,25105,2150,0,0
Southwestern Mediterranean,2010,juin,2571,0.21284874575709908,17170,2.9197126984126984,2.0953132781701242,35337.0939,16957,209,0,0
Southwestern Mediterranean,2010,juil,9072,0.751055550956205,90697,3.492513333333333,2.1343257264152076,196964.8295,84927,4369,0,0
Southwestern Mediterranean,2011,janv,176,0.014570742611143307,1259,1.2255578947368422,0.944564841998425,1193.0091,1259,0,0,0
Southwestern Mediterranean,2011,juin,3137,0.2597069293815713,25034,3.2620079365079366,2.15121192621963,53547.869,23607,1300,0,0
Southwestern Mediterranean,2012,août,10868,0.8997433562380992,159144,3.2594730158730156,2.0740750652748643,324019.4624,145714,11238,0,0
Southwestern Mediterranean,2012,sept,3602,0.29820349366669424,5893,2.243375806451613,1.7447215792404307,9508.2916,5874,14,0,0
Southwestern Mediterranean,2012,oct,5445,0.45078234953224605,51197,2.264798275862069,1.5730902205876773,79396.8488,50446,0,0,0
Southwestern Mediterranean,2013,mai,2002,0.16574219720175512,13059,3.039647619047619,1.8737507848329742,24471.3665,11260,1767,27,0
Southwestern Mediterranean,2013,sept,1451,0.12012583823164169,8465,1.8245079365079364,1.4865434529587642,13533.6137,8171,2,0,0
Southwestern Mediterranean,2013,oct,11815,0.9781438860832851,177416,3.148220634920635,1.9546881003139711,343376.7514,159889,13331,0,0
Southwestern Mediterranean,2013,nov,11735,0.971520821260038,132337,2.8933761904761903,1.7760201099961275,235635.12960000001,121524,8290,0,0
Southwestern Mediterranean,2014,avril,8785,0.7272953059028066,76205,2.3625790322580644,1.4875455125063448,117999.8428,67128,8346,0,0
Southwestern Mediterranean,2014,mai,5284,0.4374534315754615,33831,2.3479225806451614,1.572232736050099,55437.063500000004,33344,133,0,0
Southwestern Mediterranean,2014,sept,10960,0.9073598807848332,143189,2.7672238095238093,1.816651643497257,257576.3843,139035,2052,0,0
Southwestern Mediterranean,2014,nov,9527,0.788724232138422,99436,2.1294892857142855,1.3759564209050565,149592.4954,94542,1808,0,0
Southwestern Mediterranean,2014,déc,7198,0.595910257471645,108495,2.2585464285714285,1.3497496175572534,163065.5025,96519,9251,0,0
Southwestern Mediterranean,2015,janv,2923,0.2419902309793857,41924,1.4540321428571428,1.0007179080741042,46050.9608,38925,1821,0,0
Southwestern Mediterranean,2015,mai,11318,0.9369980958688633,135004,3.1516984126984124,1.8469384155574278,260086.79809999999,123275,9850,19,0
Southwestern Mediterranean,2015,juil,12079,1,266843,4.385653968253968,2.6801497259098346,688683.9018,190840,71682,167,0
Southwestern Mediterranean,2015,août,11863,0.9821177249772332,208312,3.8714142857142857,2.1202530578305443,429105.5397,172975,31801,41,0
Southwestern Mediterranean,2015,nov,5207,0.43107873168308636,44605,2.054777777777778,1.432245721006324,66254.70969999999,44192,14,0,0
Southwestern Mediterranean,2015,déc,10030,0.8303667522145873,139310,2.3268492063492063,1.3551020765759234,194089.45739999998,115391,19261,151,0
Southwestern Mediterranean,2016,janv,12079,1,319406,2.392779365079365,1.386123711044694,465382.8634,224115,87508,1330,0
Southwestern Mediterranean,2016,févr,11937,0.9882440599387367,257141,2.065652380952381,1.276780306391645,339799.4421,211853,36887,448,0
Southwestern Mediterranean,2016,avril,8079,0.6688467588376521,88680,2.292172580645161,1.3523857082953794,122109.8015,84845,2380,0,0
Southwestern Mediterranean,2016,mai,81,0.006705853133537544,81,1.1875947368421051,1.1639570760233917,94.92139999999999,81,0,0,0
Southwestern Mediterranean,2016,sept,3306,0.2736981538206805,46673,2.5870587301587302,1.7529980039381157,80957.1388,45151,450,0,0
Southwestern Mediterranean,2016,oct,9631,0.7973342164086431,168730,2.9594809523809524,1.8690859207904853,298687.726,156944,4677,0,0
Southwestern Mediterranean,2016,nov,10744,0.8894776057620664,203573,2.9360396825396826,1.7182682293262488,355292.5573,175288,23526,0,0
Southwestern Mediterranean,2016,déc,11382,0.9422965477274609,257826,2.276367213114754,1.35503338414449,396313.9251,212287,38193,20,0
Southwestern Mediterranean,2017,avril,12045,0.99718519745012,223834,2.7880666666666665,1.5462400883424248,371548.7682,169531,49202,669,0
Southwestern Mediterranean,2017,juin,12022,0.9952810663134365,292423,4.310038095238095,2.5057985275452404,746077.1928,257076,30117,0,0
Southwestern Mediterranean,2017,juil,10846,0.8979220134117063,115754,3.39358253968254,2.147773655880843,244533.23500000002,108128,3854,0,0
Southwestern Mediterranean,2017,août,11456,0.9484228826889644,122908,3.742184126984127,2.225119717715396,266015.1563,91835,28255,294,0
Southwestern Mediterranean,2017,sept,2426,0.200844440764964,10900,2.0918428571428573,1.5790334325051603,17377.113,10495,0,0,0
Southwestern Mediterranean,2017,oct,4223,0.34961503435714875,64869,2.351746031746032,1.7083609926382726,114419.4054,63231,370,0,0
Southwestern Mediterranean,2018,août,11599,0.9602616110605182,246679,3.72111,2.131254558200294,527763.6894,203040,37986,477,0
Southwestern Mediterranean,2018,sept,11034,0.9134862157463366,151879,2.856904761904762,1.8102116207210666,269269.7357,146802,2208,0,0
Southwestern Mediterranean,2018,oct,3544,0.2934017716698402,28482,2.779747619047619,1.873449090248727,53996.8383,27661,382,0,0
Southwestern Mediterranean,2019,juil,9394,0.777713386869774,114526,4.116874603174603,2.380460115719047,283353.0639,99943,12812,0,0
Southwestern Mediterranean,2019,sept,8847,0.732428181140823,64277,2.5228126984126984,1.73411693811283,108018.31629999999,63145,223,0,0
Southwestern Mediterranean,2019,oct,10146,0.8399701962082954,117904,2.5247777777777776,1.736162561531233,198282.5661,115144,148,0,0
Southwestern Mediterranean,2020,févr,11213,0.9283053232883517,172271,1.7476126984126985,1.1144293071176892,199831.1618,162565,3842,0,0
Southwestern Mediterranean,2020,mars,11521,0.9538041228578524,137786,1.9202507936507935,1.1788047333791827,161317.7662,132193,890,0,0
Southwestern Mediterranean,2020,mai,10742,0.8893120291414852,131271,3.548942857142857,1.8758539451000769,243306.1858,120755,8661,98,0
Southwestern Mediterranean,2020,juil,6142,0.5084858018047852,44433,3.3875253968253967,2.174158011797163,90131.7934,42315,1311,0,0
Southwestern Mediterranean,2020,août,10627,0.8797913734580677,130772,3.7007079365079365,1.9967777200552355,240616.5994,122423,5502,0,0
Southwestern Mediterranean,2022,mai,12024,0.9954466429340177,182789,3.888631746031746,2.1405940541928365,407221.066,151107,27390,265,0
Southwestern Mediterranean,2022,juin,12079,1,330258,4.39846507936508,2.5952502572758522,906696.8078000001,258575,66837,42,0
Southwestern Mediterranean,2022,juil,12079,1,354564,4.823225396825396,2.8303659709179403,1031360.874,202954,145535,1245,0
Southwestern Mediterranean,2022,août,11929,0.987581753456412,317963,4.085985714285714,2.4767129386532813,832089.3741,140400,165911,7993,0
Southwestern Mediterranean,2022,sept,12040,0.9967712558986671,301723,3.5028920634920633,2.1768277027620657,672410.2774,226013,71736,699,0
Southwestern Mediterranean,2022,oct,11723,0.9705273615365511,172785,3.0335047619047617,1.8544924897967496,330166.1097,154852,13230,0,0
Southwestern Mediterranean,2022,nov,12026,0.9956122195545989,241088,3.1667380952380952,1.8661833721528611,465378.5363,192462,45080,106,0
Southwestern Mediterranean,2022,déc,11285,0.9342660816292739,155541,2.0186238095238096,1.2554936671455803,209909.5118,141727,10689,0,0
Southwestern Mediterranean,2023,janv,11868,0.9825316665286862,216927,2.2993031746031747,1.3995773326987169,321467.4176,140127,69788,1332,0
Southwestern Mediterranean,2023,mars,11994,0.9929629936253,142952,2.4957587301587303,1.3927490841822885,201239.6723,123074,17933,86,0
Southwestern Mediterranean,2023,avril,11634,0.9631592019206888,270376,3.208584126984127,1.7169738050096255,450374.6027,206611,55506,251,0
Southwestern Mediterranean,2023,mai,11100,0.9189502442255153,173210,3.8716777777777778,2.220975454178439,374949.1828,117137,51624,1953,0
Southwestern Mediterranean,2023,juin,11683,0.9672158291249275,181135,0.42345714285714287,0.26986449950533414,854.821,164635,9661,0,0
Southwestern Mediterranean,2023,juil,12079,1,336340,0,0,0,139733,149532,30403,569
Southwestern Mediterranean,2023,août,11965,0.9905621326268731,210161,1.3207968253968254,0.9030697625197286,21712.2194,140328,58573,5807,0
Southwestern Mediterranean,2023,oct,12077,0.9998344233794189,306532,3.3329555555555554,2.08232635854705,661764.3423,249003,55586,0,0
Southwestern Mediterranean,1983,oct,1569,0.12989485884593094,13352,2.1777426229508197,1.7624713891410122,24501.1246,13246,0,0,0
Southwestern Mediterranean,1986,oct,1205,0.0997599139001573,8203,1.8382894736842106,1.4566376343098535,12393.3888,8172,0,0,0
Southwestern Mediterranean,2001,août,12,9.934597234870436e-4,67,1.8290875,1.5847669751082252,106.9694,67,0,0,0
Southwestern Mediterranean,2003,mai,2928,0.24240417253083865,27606,3.0045239130434784,1.9802223586566623,67492.9956,24378,3172,0,0
Southwestern Mediterranean,2007,mai,9936,0.8225846510472721,92469,3.3125354838709677,1.8872290730485997,183435.8254,83535,8041,8,0
Southwestern Mediterranean,2010,août,1847,0.15291000910671412,8932,2.30002131147541,1.7142479514336315,15005.0488,8915,0,0,0
Southwestern Mediterranean,2011,juil,3908,0.3235367166156139,27837,3.2081793103448275,2.059611061349263,56366.1575,27019,483,0,0
Southwestern Mediterranean,2012,juin,9808,0.811987747330077,87408,3.676061290322581,2.201062818753895,195826.3338,84423,1800,0,0
Southwestern Mediterranean,2004,mai,120,0.009934597234870435,233,1.9628041666666667,1.7519617410714285,400.5199,233,0,0,0
Southwestern Mediterranean,2021,avril,3462,0.2866131302260121,17537,1.896073469387755,1.2640814882550835,22583.2093,16362,1050,0,0
Southwestern Mediterranean,1995,nov,1298,0.10745922675718189,5556,1.74368,1.3455736056218957,7820.03,5432,0,0,0
Southwestern Mediterranean,2007,oct,187,0.015481414024339763,1242,1.7880782608695651,1.5349358300058042,1987.4352000000001,1225,0,0,0
Southwestern Mediterranean,2019,mai,149,0.012335458233297458,868,2.0671219512195123,1.5884506867997865,1487.7066,796,64,0,0
Southwestern Mediterranean,2023,sept,9056,0.7497309379915555,82243,1.736265,1.1948930148532606,66746.9103,79550,477,0,0
Southwestern Mediterranean,1997,févr,3383,0.28007285371305574,19899,1.6053983050847458,1.1242807572687668,22806.6356,19618,24,0,0
Southwestern Mediterranean,1997,mai,2928,0.24240417253083865,15132,2.19004406779661,1.5646646069255115,23814.2877,14928,8,0,0
Southwestern Mediterranean,2008,août,2400,0.19869194469740872,14373,2.5915814814814815,1.774107537175108,25207.584,13948,70,0,0
Southwestern Mediterranean,2020,juin,3167,0.26219057869028894,13187,2.763492727272727,1.9412662647279897,25893.8307,13067,58,0,0
Southwestern Mediterranean,2020,sept,6407,0.5304247040317908,61592,2.4902067796610168,1.7495697486817148,113497.1384,59186,1644,0,0
Southwestern Mediterranean,2020,oct,134,0.011093633578938654,254,1.65674,1.4868111067354215,377.9669,254,0,0,0
Southwestern Mediterranean,2021,mai,867,0.07177746502193891,6274,2.755692857142857,1.6625473441029563,10583.7951,5790,425,0,0
Southwestern Mediterranean,1994,sept,8371,0.6930209454425035,72645,3.3326327586206896,1.9515814157100277,135586.1263,64210,4878,0,0
Southwestern Mediterranean,1999,juil,101,0.008361619339349284,525,2.0058,1.6498089342181161,839.2241,525,0,0,0
Southwestern Mediterranean,1999,sept,7597,0.6289427932775892,67287,2.400202,1.6358868639324038,109750.9795,66218,1,0,0
Southwestern Mediterranean,2001,mars,3269,0.2706349863399288,20570,3.117148275862069,1.4465019660376301,29928.2713,15836,3581,979,158
Southwestern Mediterranean,2011,avril,11534,0.9548803708916301,153126,2.53948275862069,1.440742364720852,234391.8727,129653,21304,184,0
Southwestern Mediterranean,2011,mai,6078,0.5031873499461876,54574,2.9156155172413794,1.8920635494297002,102805.1084,52334,2169,0,0
Southwestern Mediterranean,2011,août,1511,0.1250931368490769,9571,2.1228555555555557,1.6528303432692255,15928.431,9421,0,0,0
Southwestern Mediterranean,2012,juil,8749,0.7243149267323454,107706,3.899201724137931,2.3756066167528846,260529.6683,95158,9599,8,0
Southwestern Mediterranean,2016,juin,7204,0.5964069873333885,62103,3.1403909090909092,2.071214764365921,131321.3281,60795,1266,0,0
Southwestern Mediterranean,2017,mars,9701,0.8031293981289842,142000,1.9886465517241378,1.1786989874713487,179684.1374,132024,6975,10,0
Southwestern Mediterranean,2023,déc,6968,0.57686894610481,119500,2.3260075471698114,1.3107462309786222,165853.4774,107567,8669,0,0
Southwestern Mediterranean,2006,déc,9494,0.7859922178988327,170137,2.394273684210526,1.4393784722091956,257405.4847,147525,18371,243,0
Southwestern Mediterranean,2019,août,9564,0.7917873996191738,121532,3.3045315789473686,1.9216768911247692,228799.8555,109372,8417,0,0
Southwestern Mediterranean,2020,nov,6320,0.5232221210365097,65312,1.9164964912280702,1.350566797645049,91538.0742,63630,92,0,0
Southwestern Mediterranean,1985,oct,3680,0.30466098186936,42854,2.610160714285714,1.8068391090343157,76284.9495,41462,0,0,0
Southwestern Mediterranean,1986,nov,632,0.05232221210365096,4855,1.9864363636363636,1.5385973133520705,7281.3674,4798,0,0,0
Southwestern Mediterranean,1994,déc,7742,0.6409470982697243,84057,1.9846642857142858,1.2093466942644324,105255.9091,82464,456,0,0
Southwestern Mediterranean,2001,mai,2756,0.2281645831608577,11598,2.51742,1.7417976702942222,21151.7765,11472,124,0,0
Southwestern Mediterranean,2005,juin,9836,0.8143058200182134,72032,3.6112089285714286,2.188175483068883,163736.7078,69433,780,0,0
Southwestern Mediterranean,2005,nov,8155,0.6751386704197367,99611,2.695285185185185,1.590874001322408,161671.8511,97139,883,0,0
Southwestern Mediterranean,2011,févr,192,0.015895355575792698,1193,1.1787882352941177,0.9700538853262352,1183.7927,1193,0,0,0
Southwestern Mediterranean,2014,oct,10592,0.8768937825978972,190178,2.6544732142857144,1.7116224780108238,339964.8374,177324,7022,0,0
Southwestern Mediterranean,2017,nov,4374,0.3621160692110274,67273,2.529744642857143,1.615911056691141,109051.8881,63403,2124,0,0
Southwestern Mediterranean,2021,nov,955,0.07906283632751056,6109,1.705809756097561,1.3541476081490993,8770.0619,5992,0,0,0
Southwestern Mediterranean,1999,avril,752,0.0622568093385214,5721,1.8244090909090909,1.318771116908659,7933.1046,5660,58,0,0
Southwestern Mediterranean,2011,oct,5432,0.4497061014984684,74201,2.5387345454545454,1.7875510478154413,132753.443,71483,0,0,0
Southwestern Mediterranean,2015,juin,7173,0.5938405497143803,58103,3.6383145454545454,2.1785977705530204,134957.2624,54016,3789,0,0
Southwestern Mediterranean,2021,sept,10555,0.8738306151171454,93274,2.6047727272727275,1.6829258427996745,156562.16,89219,383,0,0
Southwestern Mediterranean,1990,nov,2449,0.2027485719016475,23809,2.0010923076923075,1.400566916282071,34565.5162,23458,5,0,0
Southwestern Mediterranean,2009,oct,664,0.054971438032949745,3841,2.259204255319149,1.7419247246426568,6970.7402,3833,0,0,0
Southwestern Mediterranean,2011,sept,5742,0.4753704776885504,53646,2.437924528301887,1.6703389937000392,92900.1355,52169,526,0,0
Southwestern Mediterranean,2019,mars,3917,0.32428181140822915,34047,1.7039777777777778,1.144580338138294,39915.64,33176,109,0,0
Southwestern Mediterranean,2019,juin,5289,0.4378673731269145,29748,3.4194518518518517,2.3974223323292874,78287.9979,28175,946,0,0
Southwestern Mediterranean,2021,oct,9141,0.7567679443662555,71486,2.5026625,1.6914171805459908,123822.3789,70851,239,0,0
Southwestern Mediterranean,1988,août,799,0.06614785992217899,5370,2.1994925,1.6592664785107856,9298.5597,5364,5,0,0
Southwestern Mediterranean,1994,mars,5006,0.41443828131467836,36872,1.7087773584905661,1.1965588767472009,47193.4431,34475,1956,0,0
Southwestern Mediterranean,1994,avril,3575,0.2959682092888484,10139,1.5819358490566038,1.1584612046557867,12598.9352,9755,384,0,0
Southwestern Mediterranean,1997,nov,522,0.0432154979716864,2844,1.8668702702702702,1.5356262060586927,4224.1768,2706,0,0,0
Southwestern Mediterranean,1998,sept,352,0.029141485222286614,2652,2.149662962962963,1.6977716387686592,4568.7987,2567,1,0,0
Southwestern Mediterranean,2002,déc,847,0.07012169881612716,5431,1.5738529411764706,1.107753493812524,6174.3373,5383,19,3,0
Southwestern Mediterranean,2009,sept,9053,0.7494825730606838,78707,2.9235075471698115,1.8436273274611492,150464.6959,70241,6764,3,0
Southwestern Mediterranean,2010,janv,936,0.0774898584319894,6127,1.3976471698113209,1.0270375580955025,6554.0416000000005,5814,178,0,0
Southwestern Mediterranean,2010,sept,600,0.04967298617435218,2839,1.7453333333333334,1.5337858260717065,4786.437,2818,0,0,0
Southwestern Mediterranean,2010,oct,647,0.05356403675800977,3165,1.912125,1.6259373276633495,5452.3136,3161,0,0,0
Southwestern Mediterranean,1985,nov,2186,0.1809752462952231,17442,2.2645653846153846,1.6079226290060558,27831.4267,17099,25,0,0
Southwestern Mediterranean,1989,déc,9894,0.8191075420150675,127565,1.8645961538461537,1.2179015815183083,162767.718,122441,1414,0,0
Southwestern Mediterranean,2006,oct,3172,0.26260452024174186,16704,2.294264705882353,1.6370843802503405,28228.4433,16371,95,0,0
Southwestern Mediterranean,2007,déc,107,0.008858349201092805,590,1.1724117647058823,0.9654937600165657,562.2153,590,0,0,0
Southwestern Mediterranean,2012,janv,1690,0.13991224439109198,23244,1.4326173076923077,0.9942043490709449,25000.7851,21198,1374,0,0
Southwestern Mediterranean,2013,août,4486,0.37138835996357317,34772,2.6550423076923075,1.792802190689912,59923.9528,33880,399,0,0
Southwestern Mediterranean,2021,mars,5059,0.41882606176007947,33640,1.7540423076923077,1.1303251004222548,38394.311,32486,644,0,0
Southwestern Mediterranean,1994,nov,1878,0.15547644672572233,8411,1.8503960784313724,1.3280807920439894,11493.5184,8374,24,0,0
Southwestern Mediterranean,1997,avril,6366,0.5270303833098766,55614,2.2254745098039215,1.3206625986793836,74832.8305,53884,454,0,0
Southwestern Mediterranean,2003,sept,9844,0.8149681265005381,56676,3.2604019607843138,2.0597026595075065,118922.088,45590,9940,0,0
Southwestern Mediterranean,2008,juil,4570,0.37834257802798243,16060,3.2814901960784315,2.3342241128132954,40907.2188,15677,246,0,0
Southwestern Mediterranean,1990,mai,2842,0.23528437784584816,16694,2.141228,1.661914737397392,28947.7919,16694,0,0,0
Southwestern Mediterranean,1995,févr,1988,0.1645831608576869,15504,1.444938,1.0717098573723831,16829.3517,15354,0,0,0
Southwestern Mediterranean,2006,avril,1310,0.10845268648066893,9045,1.6732186046511628,1.258227518776656,12190.649,8982,11,0,0
Southwestern Mediterranean,2009,déc,598,0.049507409553771003,1723,1.420546875,1.1743901056225716,2085.3954,1723,0,0,0
Southwestern Mediterranean,2019,janv,1221,0.10108452686480669,14162,1.409425,0.9974286468593514,15057.55,13117,593,0,0
Southwestern Mediterranean,1994,juil,787,0.06515440019869194,4175,2.622575,2.033144456946747,8823.6558,4174,0,0,0
Southwestern Mediterranean,2002,août,84,0.006954218064409305,420,1.9448666666666667,1.6444952433862434,693.7114,420,0,0,0
Southwestern Mediterranean,2002,sept,33,0.00273201423958937,165,2.10361,1.5904597666666667,262.3233,165,0,0,0
Southwestern Mediterranean,2006,sept,3,2.483649308717609e-4,3,1.8911,1.8849749999999998,5.6732,3,0,0,0
Southwestern Mediterranean,2008,févr,3846,0.3184038413775975,22387,1.6533,1.0565334775121022,23545.5434,21910,113,0,0
Southwestern Mediterranean,2008,mars,3039,0.2515936749730938,18151,2.149779591836735,1.272439946876229,23153.7078,16952,1156,0,0
Southwestern Mediterranean,2008,juin,4439,0.36749730937991554,19403,2.943148936170213,2.119561282391122,45372.9527,19352,51,0,0
Southwestern Mediterranean,2014,juin,7531,0.6234787647984105,50957,3.690418367346939,2.2310013984649975,117109.4492,47412,3505,0,0
Southwestern Mediterranean,2015,avril,5468,0.4526864806689295,20583,2.1087632653061226,1.4348593725053649,31174.9715,20062,170,0,0
Southwestern Mediterranean,2018,déc,383,0.03170792284129481,2147,1.5817527777777778,1.1622684948168072,2654.6584,2012,66,0,0
Southwestern Mediterranean,2020,déc,5967,0.49399784750393244,47764,1.7756918367346939,1.2262648009450854,61061.4694,47423,3,0,0
Southwestern Mediterranean,2023,nov,9162,0.7585064988823578,163315,2.7283918367346938,1.600104108283146,269041.02,151798,7699,0,0
Southwestern Mediterranean,1983,juil,793,0.06565113006043546,3401,2.6633695652173914,1.9950971402874011,6810.5529,3380,0,0,0
Southwestern Mediterranean,1988,janv,2376,0.19670502525043465,18138,1.695043181818182,1.0488566972885687,19138.1016,17466,312,0,0
Southwestern Mediterranean,1995,juil,2130,0.17633910091895025,11382,2.3049022727272725,1.7011207882912438,21750.3272,11166,121,0,0
Southwestern Mediterranean,1999,juin,298,0.024670916466594917,1561,2.484883870967742,1.9854999667799709,3035.802,1561,0,0,0
Southwestern Mediterranean,2015,sept,4399,0.3641857769682921,29628,2.40839375,1.6981191475015067,50281.2802,29553,45,0,0
Southwestern Mediterranean,2015,oct,373,0.03088003973838894,2577,2.0800241379310345,1.5304466060091864,4157.9583,2547,19,0,0
Southwestern Mediterranean,2017,janv,8671,0.7178574385296796,102336,1.8706291666666666,1.1591490676742504,130144.2522,89520,11038,0,0
Southwestern Mediterranean,2017,déc,1536,0.12716284460634159,6327,1.5018791666666667,1.163529937861349,7471.0361,6192,0,0,0
Southwestern Mediterranean,2018,juil,10079,0.834423379418826,77628,3.42796875,2.1016371019152564,160962.8618,72829,4242,0,0
Southwestern Mediterranean,1982,juil,3101,0.2567265502111102,22169,2.7391276595744682,1.9163692149788067,41751.3062,22149,0,0,0
Southwestern Mediterranean,1987,nov,301,0.02491928139746668,1334,1.7340545454545455,1.4797556359118136,1988.7131,1334,0,0,0
Southwestern Mediterranean,1988,févr,3153,0.2610315423462207,18007,1.8299106382978723,1.0723293664983515,19088.1721,16899,688,0,0
Southwestern Mediterranean,1990,janv,8944,0.7404586472390099,118040,1.8451531914893617,1.1312107135498723,134093.7068,109582,3476,0,0
Southwestern Mediterranean,1996,avril,232,0.019206887987416175,1305,1.5741625,1.2076015263389202,1630.1209,1305,0,0,0
Southwestern Mediterranean,2005,oct,3830,0.3170792284129481,17767,2.0532,1.533571800987582,27897.5279,17618,0,0,0
Southwestern Mediterranean,2006,mai,4163,0.3446477357397136,27744,3.878176595744681,2.163148242017378,60675.6395,25109,2124,31,0
Southwestern Mediterranean,2007,févr,6177,0.5113833926649557,74857,1.8036446808510638,1.1597966705878224,87993.0911,69633,2947,0,0
Southwestern Mediterranean,2007,mars,6641,0.5497971686397881,73563,1.9254297872340425,1.2508035500228478,90021.3443,69309,2162,0,0
Southwestern Mediterranean,2007,avril,4332,0.35863896017882274,56001,2.969523404255319,1.6535992978732097,105715.0483,41098,13707,131,0
Southwestern Mediterranean,2008,avril,1424,0.11789055385379585,7962,1.924363829787234,1.4245099352427943,11096.7278,7960,0,0,0
Southwestern Mediterranean,2009,mai,4909,0.40640781521649144,37109,3.979640425531915,2.427956346708276,99412.3133,28983,8019,7,0
Southwestern Mediterranean,2011,nov,4486,0.37138835996357317,28838,2.3374978723404256,1.519172237737689,41788.4802,28191,36,0,0
Southwestern Mediterranean,2012,mars,4758,0.3939067803626128,25443,1.6722574468085107,1.1983057452167325,32382.1031,24557,842,0,0
Southwestern Mediterranean,2012,avril,5846,0.4839804619587714,39072,2.4802851063829787,1.3741272281633463,55621.2135,29915,7021,470,0
Southwestern Mediterranean,2012,mai,6880,0.5695835747992384,50385,3.0379468085106383,1.8528153827645688,94769.2663,48910,1475,0,0
Southwestern Mediterranean,2013,avril,4447,0.3681596158622403,33182,2.711723404255319,1.6284901651896706,56297.3618,26652,6229,286,0
Southwestern Mediterranean,2016,mars,8729,0.7226591605265337,77033,1.9675893617021276,1.1661302353589122,90342.8238,73953,1070,0,0
Southwestern Mediterranean,2017,mai,9883,0.8181968706018711,124038,3.0721893617021276,1.8064591370015801,230704.1096,116975,2575,0,0
Southwestern Mediterranean,2018,juin,4532,0.37519662223694017,33384,3.1393021276595743,2.152135181206009,74111.1004,33223,54,0,0
Southwestern Mediterranean,2020,avril,6659,0.5512873582250186,68326,2.300344680851064,1.3913587911639245,95749.0641,65112,1532,11,0
Southwestern Mediterranean,2021,juil,4619,0.3823992052322212,36391,3.704568085106383,2.2278716219928643,81477.2722,35294,927,0,0
Southwestern Mediterranean,2021,août,5566,0.46079973507740707,48050,3.712748936170213,2.1046380971213363,99708.288,37778,9696,2,0
Southwestern Mediterranean,1982,juin,76,0.0062919115820846095,383,2.3865285714285713,2.100266825653338,818.857,383,0,0,0
Southwestern Mediterranean,1992,août,5907,0.4890305488864972,56662,2.9702956521739132,1.7747012057990526,103519.1639,56284,155,0,0
Southwestern Mediterranean,1998,mai,33,0.00273201423958937,185,1.7545444444444445,1.5060725662797223,288.3994,185,0,0,0
Southwestern Mediterranean,1998,juil,463,0.038330987664541766,1364,2.9680088235294115,2.2480940057053096,3083.4075,1305,59,0,0
Southwestern Mediterranean,1999,oct,3735,0.30921433893534234,27129,2.253167391304348,1.5044760940440467,41402.8894,26832,106,0,0
Southwestern Mediterranean,2000,mars,1111,0.09197781273284213,11158,1.8628934782608695,1.2843433161881206,14957.9844,10401,370,0,0
Southwestern Mediterranean,2000,juil,6,4.967298617435218e-4,34,2.5067500000000003,2.0800733333333334,68.33070000000001,34,0,0,0
Southwestern Mediterranean,2007,juin,961,0.07955956618925408,5485,3.39286,2.3267867579951322,14134.4996,5246,214,0,0
Southwestern Mediterranean,2007,août,447,0.037006374699892375,2165,1.9719953488372093,1.5368233348849694,3342.1765,2162,3,0,0
Southwestern Mediterranean,2008,mai,3078,0.2548224190744267,16348,2.155532608695652,1.5901012731365438,26869.5907,15940,40,0,0
Southwestern Mediterranean,2011,mars,194,0.016060932196373872,355,1.1988882352941177,1.0726628161816556,380.833,355,0,0,0
Southwestern Mediterranean,2011,déc,7206,0.5965725639539697,99350,1.9793956521739131,1.3335661589130896,137692.9765,96396,163,0,0
Southwestern Mediterranean,2012,nov,4410,0.3650964483814885,43300,2.1356543478260868,1.4120947302254376,63365.2947,41594,1100,0,0
Southwestern Mediterranean,2013,juil,3045,0.2520904048348373,29853,2.830163636363636,2.0172435208722326,63178.9782,28620,13,0,0
Southwestern Mediterranean,2017,févr,3433,0.2842122692275851,20192,1.4035024390243902,1.0228516754826311,20262.2016,19677,57,0,0
Southwestern Mediterranean,2018,avril,4699,0.3890222700554682,46960,2.9421347826086954,1.6943341394266325,93769.92,33004,13788,159,0
Southwestern Mediterranean,2018,mai,2438,0.20183790048845102,7992,2.352248717948718,1.7328455441704838,16616.5597,7884,80,0,0
Southwestern Mediterranean,2021,juin,5681,0.47032039076082455,37960,3.641980434782609,2.140551577272091,82718.5606,36463,890,9,0
Southwestern Mediterranean,1993,déc,250,0.020697077572646744,1264,1.9207363636363637,1.2148099810466813,1588.8594,1197,38,29,0
Southwestern Mediterranean,1996,juin,3060,0.25333222948919615,19460,2.6670066666666665,2.0007193035242707,41275.7551,19373,0,0,0
Southwestern Mediterranean,1997,sept,335,0.027734083947346635,1151,1.712125,1.5096463080605702,1844.9464,1143,0,0,0
Southwestern Mediterranean,1999,nov,2183,0.18072688136435136,20282,2.470168888888889,1.6006278836311778,32348.384,19529,305,0,0
Southwestern Mediterranean,2001,janv,558,0.046195877142147526,4297,1.362796875,1.0755459856965996,4642.9363,3991,278,0,0
Southwestern Mediterranean,2002,juin,3972,0.32883516847421146,30276,3.3716866666666667,2.35499705775784,78283.7368,29758,416,0,0
Southwestern Mediterranean,2008,janv,1346,0.11143306565113006,10480,1.4544244444444445,0.9797187365367712,10359.7239,10131,147,0,0
Southwestern Mediterranean,1990,déc,331,0.027402930706184287,352,1.2698542857142856,1.144138541042291,411.7353,352,0,0,0
Southwestern Mediterranean,1991,oct,1559,0.1290669757430251,3826,1.8035295454545455,1.451473623269831,5495.6215,3725,0,0,0
Southwestern Mediterranean,2000,déc,1565,0.1295637056047686,15940,1.7008333333333334,1.1895959288301496,18871.7106,15422,3,0,0
Southwestern Mediterranean,2008,sept,3068,0.25399453597152083,27405,2.5485568181818183,1.710797765935025,48284.733,26679,377,0,0
Southwestern Mediterranean,2021,janv,461,0.038165411043960595,1976,1.1802114285714285,0.9954321346674742,1884.6084,1975,0,0,0
Southwestern Mediterranean,1998,juin,425,0.03518503187349946,975,3.52195625,2.89496600621427,2764.7257,819,156,0,0
Southwestern Mediterranean,2003,avril,1817,0.1504263597979965,5461,3.039411627906977,1.8517744380545555,9855.9435,4471,978,12,0
Southwestern Mediterranean,2012,déc,891,0.073764384468913,2028,1.4406411764705882,1.1220792743443349,2326.6633,2028,0,0,0
Southwestern Mediterranean,2013,janv,568,0.0470237602450534,5493,1.3184257142857143,1.0019291887710495,5544.0457,5343,0,0,0
Southwestern Mediterranean,2019,nov,4829,0.39978475039324446,25698,2.0798883720930235,1.4773850540672706,38578.3113,25614,6,0,0
Southwestern Mediterranean,1988,nov,2047,0.16946767116483152,13453,1.8957547619047619,1.4281098480941117,19071.6412,13400,0,0,0
Southwestern Mediterranean,1990,août,162,0.013411706267075088,710,2.020825,1.7063080220751472,1150.9322,708,0,0,0
Southwestern Mediterranean,2005,août,89,0.0073681596158622405,533,2.13141,1.7466500120788577,992.5043,533,0,0,0
Southwestern Mediterranean,2007,juil,711,0.05886248861660734,3678,2.3745176470588234,1.8342904594946357,6856.7437,3642,8,0,0
Southwestern Mediterranean,1994,mai,190,0.015729778955211524,954,2.09692,1.508392721351765,1443.7051,951,3,0,0
Southwestern Mediterranean,1996,mars,50,0.004139415514529348,250,1.269490909090909,1.0404142640692642,260.6074,250,0,0,0
Southwestern Mediterranean,1998,août,241,0.01995198278003146,1312,1.8973620689655173,1.4764396157214874,1982.5636,1309,0,0,0
Southwestern Mediterranean,1999,mai,21,0.0017385545161023265,106,1.8952375,1.4939810416666666,156.3136,104,2,0,0
Southwestern Mediterranean,1990,avril,213,0.017633910091895025,1211,1.5787029411764706,1.131322600349408,1394.5996,1121,87,1,0
Southwestern Mediterranean,2004,nov,1137,0.09413030880039738,5482,1.9192451612903225,1.465898141799273,8072.1071,5482,0,0,0
Southwestern Mediterranean,2014,janv,1454,0.12037420316251345,15648,1.4922842105263159,1.0381217132646339,15921.6691,15025,316,0,0
Southwestern Mediterranean,2020,janv,2794,0.23131053895189999,19097,1.3874925,0.9573081708054636,19520.8005,17756,562,0,0
Southwestern Mediterranean,2023,févr,3646,0.3018461793194801,42138,1.663305,1.0913293938228197,46471.4079,39889,1101,0,0
Southwestern Mediterranean,1986,août,309,0.025581587879791375,1645,1.9219529411764706,1.5730732431158638,2710.8119,1645,0,0,0
Southwestern Mediterranean,1990,juil,58,0.004801721996854044,149,1.80177,1.6217808418109667,239.4869,149,0,0,0
Southwestern Mediterranean,1992,déc,68,0.005629605099759914,378,1.2393,1.0584329713268146,407.378,378,0,0,0
Southwestern Mediterranean,1993,août,59,0.004884510307144632,341,2.3073888888888887,1.6242291288087367,553.0797,319,1,0,0
Southwestern Mediterranean,1995,oct,648,0.053646825068300354,2415,1.9819714285714285,1.5558068138526473,3765.0336,2415,0,0,0
Southwestern Mediterranean,2014,août,359,0.02972100339432072,1782,1.7900878787878787,1.418308478831969,2519.6773,1782,0,0,0
Southwestern Mediterranean,2022,févr,371,0.030714463117807764,3378,1.3390114285714285,1.0124331703585918,3382.8796,3274,0,0,0
Southwestern Mediterranean,1985,sept,208,0.01721996854044209,327,1.6443136363636364,1.522755311402798,499.1326,327,0,0,0
Southwestern Mediterranean,1992,sept,416,0.03443993708088418,1948,2.0108888888888887,1.5515948227364125,3144.8253,1947,0,0,0
Southwestern Mediterranean,1992,oct,181,0.014984684162596242,492,1.639037037037037,1.4770704638598982,752.9946,492,0,0,0
Southwestern Mediterranean,2008,oct,279,0.023097938571073763,1498,1.8340588235294117,1.530260077194851,2346.6871,1496,0,0,0
Southwestern Mediterranean,2018,janv,1964,0.1625962414107128,20454,1.443154054054054,0.9949201114395846,20949.8458,19883,88,0,0
Southwestern Mediterranean,2019,avril,38,0.0031459557910423048,183,1.4822833333333334,1.206677611111111,216.0353,183,0,0,0
Southwestern Mediterranean,1992,juil,873,0.07227419488368242,3169,2.7487944444444445,1.9871473046922485,7057.9047,3108,0,0,0
Southwestern Mediterranean,2000,août,60,0.004967298617435219,300,2.272155,1.60837395,483.282,300,0,0,0
Southwestern Mediterranean,2022,janv,173,0.014322377680271546,2052,1.2207478260869564,0.923723686221498,1957.7082,1929,61,0,0
Southwestern Mediterranean,1988,oct,327,0.02707177746502194,675,1.7893333333333334,1.5602634661612615,1081.1069,675,0,0,0
Southwestern Mediterranean,2003,janv,1006,0.08328504015233049,7407,1.7534028571428573,1.1276725338542917,8638.9957,6994,265,0,0
Southwestern Mediterranean,2018,févr,1167,0.096613958109115,7373,1.3520705882352941,0.9657629533811298,7211.9138,7337,0,0,0
Southwestern Mediterranean,2000,sept,15,0.0012418246543588047,75,1.8951500000000001,1.67400725,125.6251,75,0,0,0
Southwestern Mediterranean,2003,oct,398,0.03294974749565361,2160,1.8650166666666668,1.5374995797871611,3322.8513,2138,0,0,0
Southwestern Mediterranean,2007,sept,31,0.0025664376190081962,99,1.55766,1.4398068888888889,143.6612,99,0,0,0
Southwestern Mediterranean,2012,févr,643,0.05323288351684742,1646,1.1129636363636364,0.9168751348043683,1543.2738,1646,0,0,0
Southwestern Mediterranean,2022,mars,258,0.02135938405497144,1909,1.303552380952381,1.0516309289116856,2033.3585,1901,0,0,0
Southwestern Mediterranean,1982,janv,782,0.06474045864723901,8081,1.4731625,1.0427926196171127,8679.1618,7745,216,0,0
Southwestern Mediterranean,1986,déc,802,0.06639622485305074,6954,1.613440625,1.2542817208540789,8918.8911,6879,0,0,0
Southwestern Mediterranean,1987,déc,146,0.012087093302425697,686,1.2285565217391303,1.0441212264993822,768.1557,683,0,0,0
Southwestern Mediterranean,1993,janv,96,0.007947677787896349,586,1.35422,1.0474366901816397,620.03,586,0,0,0
Southwestern Mediterranean,2002,févr,90,0.0074509479261528275,235,1.2029166666666666,1.0037019191507344,223.738,235,0,0,0
Southwestern Mediterranean,1990,juin,238,0.019703617849159697,307,1.675178947368421,1.5714656389659523,496.1829,307,0,0,0
Southwestern Mediterranean,2000,nov,48,0.0039738388939481745,279,1.58025,1.337392991662477,379.3188,279,0,0,0
Southwestern Mediterranean,2019,févr,526,0.043546651212848744,2774,1.2087193548387096,0.9331924281495847,2708.3872,2705,0,0,0
Southwestern Mediterranean,2021,févr,1832,0.15166818445235533,13587,1.5216379310344827,1.0112799327263864,13815.613299999999,13503,80,0,0
Southwestern Mediterranean,2013,févr,19,0.0015729778955211526,112,1.0697166666666666,0.8933890881642512,100.8703,112,0,0,0
Southwestern Mediterranean,1986,sept,116,0.009603443993708088,652,1.7466555555555556,1.5503084432604464,1053.801,652,0,0,0
Southwestern Mediterranean,1995,avril,351,0.029058696911996026,1881,1.4537758620689656,1.193866271641902,2252.4498,1881,0,0,0
Southwestern Mediterranean,1999,janv,93,0.007699312857024588,480,1.1053142857142857,0.9177388377750756,446.0938,480,0,0,0
Southwestern Mediterranean,1988,avril,53,0.004387780445401109,294,1.3788583333333333,1.2452798478399056,366.9408,294,0,0,0
Southwestern Mediterranean,1985,déc,16,0.0013246129646493916,66,1.3026111111111112,1.1342069312169312,73.1495,66,0,0,0
Southwestern Mediterranean,1995,mars,108,0.008941137511383392,393,1.1996,1.0583761916052934,417.6516,391,0,0,0
Southwestern Mediterranean,2008,nov,1973,0.16334133620332808,20241,2.129566666666667,1.5288226984501163,29229.6691,19834,1,0,0
Southwestern Mediterranean,2016,juil,1591,0.13171620167232387,11385,2.985725925925926,2.113290854433941,25546.7149,11245,140,0,0
Southwestern Mediterranean,1984,déc,68,0.005629605099759914,448,1.30746,1.1267857811324469,511.4511,448,0,0,0
Southwestern Mediterranean,2014,mars,1338,0.11077075916880537,9506,1.782024,1.1797818566459444,11649.437399999999,9219,281,0,0
Southwestern Mediterranean,2022,avril,39,0.0032287441013328917,77,1.4324142857142856,1.3276779648526078,103.2024,77,0,0,0
Southwestern Mediterranean,1988,déc,14,0.0011590363440682177,54,1.47845,1.3879388392857144,74.9136,54,0,0,0
Southwestern Mediterranean,1991,janv,4,3.311532411623479e-4,20,0.91215,0.8368133333333333,16.1628,20,0,0,0
Southwestern Mediterranean,1996,mai,5,4.139415514529349e-4,25,1.5000333333333333,1.42218,36.2199,25,0,0,0
Southwestern Mediterranean,1985,août,1,8.278831029058697e-5,5,1.7644,1.50348,7.5174,5,0,0,0
Southwestern Mediterranean,1986,mai,1657,0.1371802301515026,15467,3.9366238095238093,2.6075947998402493,41539.166900000004,15059,369,0,0
Southwestern Mediterranean,2003,nov,11,9.106714131964567e-4,45,1.601725,1.2635062962962964,55.6967,43,0,0,0
Southwestern Mediterranean,1982,févr,173,0.014322377680271546,847,1.1158214285714285,0.9312335122054403,810.6538,847,0,0,0
Southwestern Mediterranean,1983,août,240,0.01986919446974087,947,1.7478150000000001,1.5005414317637227,1438.8928,947,0,0,0
Southwestern Mediterranean,1986,janv,289,0.023925821673979632,1653,1.1273117647058823,0.9370313140672958,1574.3322,1653,0,0,0
Southwestern Mediterranean,1986,juin,65,0.005381240168888152,65,2.102842857142857,2.0222143197278912,131.5055,65,0,0,0
Southwestern Mediterranean,1993,juin,154,0.012749399784750393,502,2.600390909090909,2.2481064285875063,1164.2236,502,0,0,0
Southwestern Mediterranean,1993,juil,2,1.6557662058117395e-4,2,1.5016,1.4960499999999999,2.9920999999999998,2,0,0,0
Southwestern Mediterranean,1993,sept,83,0.006871429754118718,302,1.55522,1.384957325101837,409.0139,302,0,0,0
Southwestern Mediterranean,2004,avril,17,0.0014074012749399785,95,1.19978,1.0115859761904762,96.3945,95,0,0,0
Southwestern Mediterranean,2013,déc,546,0.04520241741866048,4816,1.610445,1.1342005775726922,5445.5074,4720,0,0,0
Southwestern Mediterranean,2014,févr,888,0.07351601953804122,8645,1.26569,0.8894719789341109,7679.8892,8546,0,0,0
Southwestern Mediterranean,1991,mars,10,8.278831029058698e-4,58,1.3532333333333333,1.0425914285714286,61.6989,58,0,0,0
Southwestern Mediterranean,1991,avril,2,1.6557662058117395e-4,13,1.5768,1.2436,16.1668,13,0,0,0
Southwestern Mediterranean,1993,nov,11,9.106714131964567e-4,55,1.7998750000000001,1.3458525,73.3927,55,0,0,0
Southwestern Mediterranean,1997,janv,84,0.006954218064409306,347,1.3019666666666667,1.0439028910857686,360.7142,347,0,0,0
Southwestern Mediterranean,2002,juil,17,0.0014074012749399785,101,2.7742999999999998,2.1026101203703704,207.6261,101,0,0,0
Southwestern Mediterranean,2013,juin,186,0.015398625714049177,945,3.01715,2.3227620566831084,2289.5195,945,0,0,0
Southwestern Mediterranean,2018,mars,3,2.483649308717609e-4,16,1.0938999999999999,0.9354036363636364,14.3576,16,0,0,0
Southwestern Mediterranean,2018,nov,14,0.0011590363440682175,215,1.8656,1.383300240257158,302.5419,215,0,0,0
Southwestern Mediterranean,1988,juil,11,9.106714131964567e-4,55,1.8608,1.6059029166666667,88.46430000000001,55,0,0,0
Southwestern Mediterranean,1993,mai,197,0.01630929712724563,693,2.842833333333333,2.2795654212535807,1591.6576,681,0,0,0
Southwestern Mediterranean,1994,oct,296,0.024505339846013743,872,1.8286666666666667,1.4643867091276295,1249.899,869,3,0,0
Southwestern Mediterranean,1995,mai,52,0.004304992135110522,265,2.0556454545454543,1.677801331441378,446.1263,265,0,0,0
Southwestern Mediterranean,1996,déc,31,0.0025664376190081962,103,1.63504,1.3479932296466974,140.6356,103,0,0,0
Southwestern Mediterranean,2006,juin,244,0.02020034771090322,541,3.100661111111111,2.297937535093514,1271.6505,540,1,0,0
Southwestern Mediterranean,1989,mars,142,0.01175594006126335,401,1.4123235294117646,1.1403382176958035,450.9157,401,0,0,0
Southwestern Mediterranean,1989,avril,181,0.014984684162596242,637,1.6752058823529412,1.3648366664549005,768.9797,637,0,0,0
Southwestern Mediterranean,2000,févr,131,0.010845268648066893,535,1.2355733333333334,1.0045767259435174,541.8085,534,0,0,0
Southwestern Mediterranean,1985,juil,234,0.01937246460799735,1418,2.8746266666666664,2.0676865328075986,2875.8704000000002,1418,0,0,0
Southwestern Mediterranean,1995,janv,67,0.005546816789469327,99,0.985,0.9245280581020288,90.307,99,0,0,0
Southwestern Mediterranean,2015,févr,298,0.024670916466594917,1528,1.1813307692307693,0.803163695878407,1283.681,1481,8,0,0
Southwestern Mediterranean,2003,déc,99,0.00819604271876811,540,1.2851166666666667,1.089957124063749,594.5848,540,0,0,0
Southwestern Mediterranean,2016,août,6,4.967298617435218e-4,12,1.69775,1.6117833333333333,19.3414,12,0,0,0
Southwestern Mediterranean,1985,févr,5,4.139415514529349e-4,25,0.8433999999999999,0.7868377777777777,19.7069,25,0,0,0
Southwestern Mediterranean,1992,mai,17,0.0014074012749399785,85,1.9883833333333334,1.6549655555555556,140.8479,85,0,0,0
Southwestern Mediterranean,2002,janv,59,0.004884510307144631,157,1.52392,1.0735687155097082,173.0734,157,0,0,0
Southwestern Mediterranean,1993,févr,17,0.0014074012749399785,85,1.26456,1.1127364,94.6932,85,0,0,0
Southwestern Mediterranean,2006,mars,19,0.0015729778955211524,19,1.26205,1.2263655555555555,23.3775,19,0,0,0
Southwestern Mediterranean,1992,mars,6,4.967298617435218e-4,30,1.3491499999999998,1.1385975,34.195299999999996,30,0,0,0
Southwestern Mediterranean,2004,déc,36,0.002980379170461131,208,1.4129,1.1620014863372443,242.7843,208,0,0,0
Southwestern Mediterranean,2003,mars,58,0.004801721996854045,234,1.1736571428571427,1.039090201510446,245.2047,234,0,0,0
Southwestern Mediterranean,2001,févr,12,9.934597234870436e-4,84,0.9014166666666666,0.7703234126984128,64.3398,84,0,0,0
Southwestern Mediterranean,1999,déc,1,8.278831029058697e-5,5,1.1773,1.08412,5.4206,5,0,0,0
Southwestern Mediterranean,2000,avril,3,2.483649308717609e-4,7,1.34575,1.19939,8.3288,7,0,0,0
Southwestern Mediterranean,2021,déc,19,0.0015729778955211524,91,1.1144,0.8912446362433862,81.8444,91,0,0,0
